{"type":"FeatureCollection","features":[{"type":"Feature","properties":{"name":"Deçan","slug":"decan","sourceName":"Deçan"},"geometry":{"type":"Polygon","coordinates":[[[20.11196,42.65539],[20.1113,42.65404],[20.11166,42.65406],[20.11177,42.65385],[20.11114,42.65326],[20.11043,42.65211],[20.11005,42.65112],[20.11006,42.65049],[20.11047,42.64903],[20.11021,42.64824],[20.10752,42.64758],[20.10183,42.64553],[20.09921,42.64381],[20.09847,42.64307],[20.09618,42.64141],[20.09507,42.64085],[20.0952,42.63984],[20.09496,42.63952],[20.09488,42.63839],[20.09427,42.63808],[20.0945,42.63781],[20.09444,42.63749],[20.09388,42.63728],[20.09377,42.6371],[20.09351,42.63462],[20.09144,42.63384],[20.09076,42.63338],[20.0913,42.63252],[20.09141,42.63142],[20.09074,42.63104],[20.08943,42.62959],[20.08765,42.6286],[20.08718,42.6279],[20.08627,42.62772],[20.08544,42.62781],[20.08388,42.62737],[20.08208,42.62574],[20.08129,42.62595],[20.07919,42.62437],[20.07794,42.62382],[20.07748,42.6234],[20.07696,42.62264],[20.07669,42.62177],[20.07542,42.62072],[20.07528,42.61966],[20.07548,42.61676],[20.07543,42.61641],[20.07522,42.61627],[20.07577,42.61437],[20.07562,42.61364],[20.07515,42.61287],[20.07482,42.61115],[20.0737,42.6095],[20.07304,42.60885],[20.07252,42.6076],[20.07262,42.6071],[20.07327,42.60599],[20.07445,42.60474],[20.0745,42.60359],[20.07494,42.60203],[20.07562,42.6009],[20.07713,42.599],[20.07922,42.59753],[20.08154,42.59351],[20.08204,42.59294],[20.08245,42.59188],[20.08306,42.59114],[20.08421,42.59023],[20.08439,42.58989],[20.08492,42.58968],[20.0852,42.58926],[20.08557,42.58913],[20.0858,42.58858],[20.08631,42.58823],[20.08685,42.58742],[20.08697,42.58713],[20.08692,42.58614],[20.08626,42.58541],[20.08642,42.58503],[20.08804,42.58372],[20.08841,42.58219],[20.0882,42.58174],[20.09396,42.58073],[20.09544,42.58017],[20.09725,42.57975],[20.09964,42.57994],[20.10044,42.57983],[20.10127,42.57899],[20.10366,42.57769],[20.10548,42.57713],[20.1066,42.57708],[20.10778,42.57667],[20.10814,42.57621],[20.10955,42.57543],[20.11181,42.57384],[20.11562,42.56978],[20.11667,42.57001],[20.11738,42.56948],[20.11175,42.5656],[20.1119,42.56533],[20.11075,42.56315],[20.11063,42.56253],[20.11077,42.56225],[20.11053,42.56191],[20.11095,42.56048],[20.11132,42.55982],[20.11114,42.55937],[20.11129,42.55885],[20.111,42.55844],[20.11014,42.55798],[20.11003,42.55757],[20.10932,42.55727],[20.10816,42.55596],[20.10778,42.55579],[20.10604,42.55353],[20.10614,42.55315],[20.10645,42.55291],[20.10741,42.5529],[20.10827,42.55258],[20.10834,42.55176],[20.10861,42.55164],[20.10874,42.55114],[20.10985,42.55059],[20.11028,42.55016],[20.11024,42.55],[20.11099,42.54955],[20.11101,42.54876],[20.11074,42.5483],[20.11101,42.54795],[20.1107,42.54761],[20.11095,42.54704],[20.11099,42.54645],[20.11121,42.5464],[20.11162,42.54579],[20.11151,42.5456],[20.11205,42.54533],[20.11208,42.54514],[20.11236,42.54518],[20.11346,42.54481],[20.11524,42.54381],[20.11403,42.54371],[20.11325,42.54333],[20.1131,42.54304],[20.11208,42.54278],[20.11203,42.54243],[20.11125,42.54171],[20.11089,42.54108],[20.11082,42.54022],[20.11662,42.54032],[20.12122,42.54111],[20.12566,42.54403],[20.13265,42.54722],[20.1345,42.55004],[20.1384,42.55238],[20.14392,42.55416],[20.14521,42.55532],[20.14571,42.55635],[20.14655,42.55714],[20.14651,42.5573],[20.14702,42.55752],[20.14768,42.55769],[20.14832,42.55724],[20.14898,42.55725],[20.14952,42.55706],[20.15078,42.5574],[20.1528,42.55724],[20.15341,42.55683],[20.15637,42.55677],[20.15682,42.55645],[20.15743,42.55645],[20.15795,42.55616],[20.1588,42.556],[20.15919,42.55552],[20.1599,42.55549],[20.16051,42.55507],[20.16081,42.55509],[20.16297,42.55331],[20.16369,42.55338],[20.16471,42.55289],[20.16521,42.55244],[20.16565,42.55235],[20.16605,42.55194],[20.16775,42.55176],[20.16829,42.55076],[20.1702,42.54953],[20.17113,42.54803],[20.17349,42.54677],[20.17167,42.5455],[20.16996,42.5447],[20.16892,42.5444],[20.16624,42.54191],[20.16366,42.54001],[20.16273,42.53901],[20.16214,42.53894],[20.15971,42.53778],[20.15821,42.53656],[20.15385,42.53373],[20.15723,42.5309],[20.15765,42.52907],[20.1597,42.5281],[20.16027,42.52715],[20.16099,42.52651],[20.1617,42.52614],[20.16182,42.52571],[20.16226,42.5263],[20.16398,42.52613],[20.16539,42.52647],[20.16636,42.52696],[20.16849,42.5265],[20.16935,42.5267],[20.17,42.52665],[20.17141,42.52707],[20.17194,42.52745],[20.1726,42.52756],[20.17322,42.52801],[20.17351,42.52797],[20.17418,42.52838],[20.17507,42.52781],[20.17632,42.52832],[20.17705,42.5288],[20.17823,42.52881],[20.17827,42.529],[20.1792,42.52908],[20.17967,42.52941],[20.18008,42.53011],[20.18054,42.53034],[20.18158,42.53019],[20.18234,42.5305],[20.18368,42.5306],[20.18504,42.53006],[20.18661,42.52985],[20.18922,42.5288],[20.18975,42.52786],[20.19072,42.52795],[20.19108,42.52761],[20.19151,42.52669],[20.19199,42.52631],[20.19326,42.52581],[20.19365,42.52572],[20.19447,42.52591],[20.19654,42.52598],[20.19751,42.52565],[20.19846,42.52579],[20.20127,42.52546],[20.2017,42.52514],[20.20276,42.52498],[20.20386,42.5245],[20.20423,42.5241],[20.20486,42.52407],[20.20501,42.52375],[20.20552,42.5237],[20.20621,42.52335],[20.20682,42.52237],[20.20822,42.52166],[20.20898,42.52165],[20.21033,42.52103],[20.21106,42.52146],[20.21211,42.52127],[20.21885,42.52186],[20.22606,42.5215],[20.22661,42.52103],[20.22723,42.51985],[20.22795,42.51899],[20.22844,42.51897],[20.23053,42.51903],[20.23302,42.5199],[20.23468,42.52014],[20.23628,42.51889],[20.2383,42.51798],[20.23813,42.51769],[20.23803,42.51614],[20.23815,42.51591],[20.23909,42.51546],[20.2395,42.51484],[20.23947,42.51464],[20.23996,42.51411],[20.23828,42.51356],[20.23747,42.51202],[20.23909,42.51227],[20.2422,42.51202],[20.24396,42.51158],[20.24475,42.51119],[20.24595,42.51025],[20.24608,42.50922],[20.24749,42.50908],[20.24812,42.50921],[20.24827,42.50913],[20.24828,42.50875],[20.2498,42.50915],[20.2502,42.5085],[20.25201,42.50722],[20.25292,42.50696],[20.25409,42.50634],[20.25423,42.50596],[20.25511,42.5049],[20.2561,42.50445],[20.25594,42.50434],[20.25644,42.50376],[20.25689,42.50381],[20.25716,42.50406],[20.25715,42.50335],[20.25765,42.50296],[20.25721,42.50249],[20.25811,42.50189],[20.25931,42.50181],[20.2604,42.50223],[20.26165,42.50307],[20.26363,42.50326],[20.26434,42.50315],[20.26482,42.50261],[20.26623,42.50232],[20.267,42.50187],[20.26732,42.50227],[20.26728,42.50298],[20.26919,42.50336],[20.26946,42.50291],[20.26924,42.50252],[20.27145,42.50231],[20.27236,42.50276],[20.2726,42.50308],[20.27338,42.50324],[20.27332,42.50347],[20.27582,42.5039],[20.27607,42.50331],[20.27905,42.50288],[20.27928,42.50244],[20.28109,42.50245],[20.28259,42.50114],[20.28369,42.50105],[20.28399,42.49998],[20.28503,42.49892],[20.28599,42.49751],[20.28667,42.49777],[20.28697,42.49763],[20.28698,42.49729],[20.28731,42.49718],[20.28717,42.497],[20.28915,42.4948],[20.29436,42.49803],[20.29458,42.49767],[20.29596,42.49668],[20.29715,42.49785],[20.29934,42.49937],[20.30056,42.498],[20.30094,42.49716],[20.30129,42.49677],[20.30147,42.4959],[20.30179,42.49588],[20.30207,42.49522],[20.30254,42.49507],[20.30288,42.49475],[20.30317,42.49413],[20.30306,42.49377],[20.30367,42.49312],[20.30366,42.49254],[20.30339,42.49206],[20.30383,42.49162],[20.30412,42.49065],[20.30394,42.48959],[20.3036,42.48929],[20.30373,42.48879],[20.30346,42.48858],[20.30412,42.48776],[20.30423,42.48714],[20.30476,42.4871],[20.30521,42.48638],[20.30577,42.486],[20.30582,42.4858],[20.30747,42.48484],[20.30813,42.48469],[20.30988,42.48528],[20.31044,42.48574],[20.3107,42.48567],[20.31575,42.4871],[20.3181,42.48328],[20.31768,42.48314],[20.32283,42.47487],[20.32338,42.47475],[20.3247,42.47508],[20.32676,42.47518],[20.32941,42.47555],[20.33327,42.47533],[20.33635,42.47606],[20.33698,42.47635],[20.33766,42.47694],[20.33843,42.47699],[20.3398,42.4787],[20.34159,42.48039],[20.34525,42.48152],[20.34835,42.48137],[20.35045,42.48153],[20.35063,42.48362],[20.35147,42.48363],[20.35244,42.48398],[20.35319,42.48466],[20.3537,42.48472],[20.35439,42.48424],[20.3545,42.48364],[20.35508,42.48285],[20.35489,42.4822],[20.35502,42.48172],[20.35546,42.4812],[20.35601,42.48096],[20.35665,42.47963],[20.35777,42.47918],[20.35781,42.47836],[20.35823,42.4777],[20.35801,42.47704],[20.3575,42.47681],[20.35722,42.47576],[20.35758,42.47553],[20.35782,42.475],[20.35841,42.47465],[20.35849,42.4742],[20.35802,42.47346],[20.35871,42.47269],[20.3586,42.47237],[20.35889,42.47212],[20.35891,42.47123],[20.35925,42.47115],[20.36088,42.47284],[20.36121,42.47288],[20.36156,42.47248],[20.36198,42.4725],[20.36283,42.47269],[20.36408,42.47317],[20.36424,42.47337],[20.36388,42.47385],[20.36329,42.47409],[20.36297,42.47459],[20.36324,42.47481],[20.36344,42.47531],[20.3629,42.4759],[20.36344,42.47594],[20.36382,42.47564],[20.36374,42.47539],[20.36393,42.47529],[20.36421,42.47557],[20.36468,42.47558],[20.36533,42.47515],[20.36561,42.4753],[20.36424,42.47663],[20.36489,42.47709],[20.36549,42.47649],[20.36594,42.47702],[20.36641,42.47726],[20.36722,42.47678],[20.3683,42.47652],[20.37032,42.47805],[20.36991,42.47874],[20.3694,42.47903],[20.3692,42.47947],[20.36929,42.47975],[20.36977,42.47983],[20.37034,42.47962],[20.37095,42.48026],[20.37101,42.48081],[20.37243,42.47968],[20.37415,42.48007],[20.37479,42.47935],[20.37568,42.47931],[20.37679,42.48001],[20.37709,42.48035],[20.37572,42.48145],[20.37564,42.48166],[20.37576,42.48417],[20.37574,42.48457],[20.37559,42.48463],[20.37683,42.48465],[20.3788,42.48437],[20.38042,42.48392],[20.38138,42.4839],[20.38148,42.48369],[20.38523,42.48466],[20.38513,42.48491],[20.38305,42.48617],[20.38296,42.48773],[20.38338,42.48814],[20.38582,42.48874],[20.38794,42.48877],[20.38859,42.48901],[20.38957,42.48844],[20.39115,42.48798],[20.39259,42.48831],[20.39648,42.48848],[20.39634,42.48963],[20.39666,42.49082],[20.39617,42.49215],[20.39723,42.49316],[20.39767,42.49437],[20.39855,42.49432],[20.39713,42.4953],[20.39603,42.49632],[20.39514,42.49598],[20.39419,42.49586],[20.3938,42.49706],[20.3943,42.49754],[20.39452,42.49869],[20.39529,42.50004],[20.39282,42.50157],[20.38755,42.50631],[20.38781,42.50831],[20.3883,42.50962],[20.39086,42.51245],[20.39199,42.51308],[20.39487,42.51407],[20.39729,42.51611],[20.39901,42.51569],[20.40036,42.51503],[20.40227,42.51683],[20.40498,42.51829],[20.40822,42.52063],[20.40773,42.52144],[20.40773,42.52361],[20.40329,42.52653],[20.40486,42.53001],[20.40612,42.5308],[20.40799,42.53346],[20.40819,42.53382],[20.4081,42.5342],[20.40989,42.53419],[20.4124,42.5345],[20.4149,42.53561],[20.42249,42.5366],[20.42283,42.53698],[20.42483,42.53826],[20.42586,42.53855],[20.4279,42.5386],[20.43159,42.53971],[20.43315,42.53964],[20.43511,42.54001],[20.43658,42.53997],[20.43776,42.54059],[20.43848,42.54054],[20.43949,42.54093],[20.44225,42.5409],[20.44317,42.54064],[20.44438,42.5409],[20.4452,42.54144],[20.44539,42.54296],[20.44691,42.54472],[20.44705,42.54531],[20.44943,42.54615],[20.44929,42.54638],[20.44945,42.5467],[20.45085,42.54774],[20.45044,42.54831],[20.44859,42.54955],[20.44688,42.55104],[20.44766,42.5524],[20.4465,42.55397],[20.44671,42.55499],[20.44669,42.55619],[20.44624,42.55749],[20.44603,42.55772],[20.44535,42.55744],[20.4451,42.55749],[20.44503,42.55789],[20.44266,42.55923],[20.43939,42.56003],[20.43682,42.55993],[20.43464,42.56075],[20.43387,42.56079],[20.43276,42.56042],[20.42984,42.56177],[20.42838,42.56186],[20.42762,42.56151],[20.42684,42.56067],[20.42635,42.56051],[20.4237,42.56059],[20.42306,42.56015],[20.42154,42.56015],[20.4193,42.56069],[20.41823,42.56115],[20.41813,42.56134],[20.41664,42.56158],[20.4158,42.56207],[20.41559,42.56236],[20.41565,42.56253],[20.41396,42.56312],[20.41242,42.56316],[20.41118,42.56362],[20.41067,42.5636],[20.41008,42.56338],[20.40974,42.56306],[20.40944,42.56309],[20.40826,42.56199],[20.40647,42.56198],[20.40591,42.56166],[20.40482,42.56198],[20.40415,42.562],[20.40416,42.56173],[20.40371,42.56172],[20.40293,42.56134],[20.40049,42.56179],[20.39994,42.56203],[20.39882,42.56187],[20.39669,42.56114],[20.39523,42.56002],[20.39435,42.55963],[20.3927,42.55937],[20.392,42.5589],[20.39,42.55832],[20.38758,42.55805],[20.3863,42.55754],[20.38547,42.55699],[20.38514,42.55634],[20.38451,42.55601],[20.38375,42.55603],[20.38337,42.55568],[20.38168,42.55501],[20.38023,42.55406],[20.37997,42.55374],[20.37861,42.55334],[20.37634,42.55296],[20.37592,42.55272],[20.37508,42.55296],[20.37471,42.55288],[20.37342,42.55216],[20.37284,42.55206],[20.37238,42.55159],[20.37157,42.55165],[20.37146,42.55127],[20.37066,42.55182],[20.36891,42.55211],[20.3652,42.55188],[20.36364,42.55212],[20.3626,42.55285],[20.35941,42.55335],[20.35894,42.55405],[20.3582,42.55467],[20.35747,42.55506],[20.35565,42.5556],[20.3552,42.55614],[20.35459,42.55624],[20.35335,42.55582],[20.35211,42.55594],[20.35182,42.557],[20.35166,42.55842],[20.3518,42.55854],[20.35173,42.55865],[20.35203,42.55881],[20.35178,42.55882],[20.3516,42.55907],[20.35154,42.56092],[20.35139,42.56135],[20.35112,42.56128],[20.35064,42.56251],[20.35024,42.56302],[20.35179,42.5634],[20.35216,42.56368],[20.35233,42.56339],[20.3528,42.56381],[20.35486,42.56453],[20.356,42.56524],[20.36086,42.56746],[20.36,42.5678],[20.35982,42.56851],[20.35873,42.56857],[20.35844,42.56873],[20.35746,42.5706],[20.35707,42.5718],[20.35629,42.57242],[20.35461,42.57235],[20.35268,42.57197],[20.34678,42.57177],[20.34546,42.57156],[20.34483,42.57129],[20.34187,42.57084],[20.34199,42.5709],[20.3417,42.57196],[20.34048,42.57545],[20.33971,42.57557],[20.33935,42.57541],[20.33911,42.57571],[20.33863,42.57761],[20.3382,42.57852],[20.33871,42.57882],[20.3388,42.5792],[20.34012,42.57944],[20.34019,42.58032],[20.34092,42.58084],[20.33955,42.5821],[20.3389,42.58157],[20.3378,42.58112],[20.3373,42.58161],[20.33661,42.58144],[20.33643,42.58165],[20.337,42.58259],[20.33739,42.58288],[20.33761,42.58325],[20.33769,42.58389],[20.33817,42.58442],[20.33813,42.58477],[20.33768,42.58529],[20.33761,42.58621],[20.33708,42.58671],[20.33702,42.58696],[20.33779,42.58808],[20.34143,42.58913],[20.34193,42.58956],[20.344,42.59025],[20.34445,42.5907],[20.34439,42.59082],[20.34274,42.59139],[20.34022,42.59286],[20.33831,42.59357],[20.33772,42.59415],[20.33692,42.59548],[20.33627,42.59584],[20.33539,42.59693],[20.33407,42.59789],[20.3327,42.59948],[20.32988,42.6011],[20.32897,42.60139],[20.32865,42.60226],[20.32787,42.60283],[20.32775,42.60284],[20.32737,42.60217],[20.32599,42.6029],[20.32429,42.60338],[20.32298,42.60233],[20.32288,42.60199],[20.32226,42.60165],[20.32157,42.60154],[20.32132,42.6011],[20.32065,42.60241],[20.31934,42.60397],[20.31751,42.60561],[20.31761,42.60576],[20.31717,42.60646],[20.31601,42.60748],[20.31501,42.60798],[20.31451,42.60841],[20.31419,42.60902],[20.31411,42.61003],[20.31391,42.61045],[20.3122,42.61216],[20.31147,42.6121],[20.31032,42.61146],[20.30884,42.61254],[20.3086,42.61249],[20.30835,42.61227],[20.30848,42.61207],[20.30829,42.61192],[20.30831,42.61155],[20.30786,42.61142],[20.3077,42.61117],[20.30718,42.6111],[20.30715,42.61075],[20.30641,42.61021],[20.30635,42.60971],[20.30725,42.6097],[20.30607,42.60859],[20.30613,42.60833],[20.3059,42.60814],[20.30602,42.60795],[20.30584,42.60763],[20.30594,42.60733],[20.30571,42.60711],[20.3057,42.60675],[20.30542,42.60664],[20.30519,42.60487],[20.3057,42.60459],[20.30611,42.60456],[20.30724,42.6065],[20.30697,42.60708],[20.30807,42.60683],[20.30773,42.6058],[20.30836,42.6052],[20.30817,42.60466],[20.30761,42.60408],[20.30711,42.60425],[20.306,42.60388],[20.30563,42.60357],[20.30509,42.60264],[20.3014,42.60302],[20.30084,42.60292],[20.30004,42.60158],[20.30081,42.6012],[20.29957,42.60039],[20.29862,42.60091],[20.29818,42.60095],[20.2978,42.59928],[20.29739,42.59882],[20.297,42.59866],[20.29645,42.59861],[20.29505,42.5993],[20.2928,42.59976],[20.29254,42.59766],[20.2917,42.59772],[20.29122,42.59618],[20.28851,42.59555],[20.28825,42.59569],[20.28726,42.59548],[20.28702,42.59501],[20.28638,42.59447],[20.28672,42.59429],[20.28731,42.59434],[20.28798,42.59361],[20.28638,42.59286],[20.28514,42.59187],[20.28404,42.5921],[20.28131,42.59339],[20.2805,42.59361],[20.27995,42.59343],[20.27918,42.59394],[20.27879,42.59473],[20.27759,42.59529],[20.2773,42.59551],[20.27727,42.59574],[20.27586,42.59562],[20.2749,42.59629],[20.27383,42.59655],[20.27276,42.59709],[20.2716,42.59709],[20.27051,42.59819],[20.26974,42.59858],[20.26977,42.59896],[20.26814,42.59869],[20.26802,42.59906],[20.2669,42.59962],[20.26656,42.60065],[20.26593,42.60057],[20.26488,42.60122],[20.26405,42.60113],[20.26393,42.60156],[20.26358,42.60179],[20.2629,42.60197],[20.26221,42.6018],[20.26154,42.60242],[20.26088,42.60268],[20.25993,42.60244],[20.25942,42.60206],[20.25755,42.60137],[20.25759,42.60168],[20.25685,42.60198],[20.25682,42.60225],[20.2557,42.60256],[20.25509,42.60328],[20.25401,42.6031],[20.25389,42.6032],[20.25338,42.60376],[20.2536,42.60444],[20.25422,42.60467],[20.25374,42.60494],[20.2532,42.60476],[20.24498,42.60601],[20.24376,42.60539],[20.24235,42.605],[20.24134,42.60446],[20.24005,42.60467],[20.23946,42.60511],[20.23897,42.60506],[20.2387,42.60535],[20.23802,42.60546],[20.23545,42.60533],[20.23423,42.60548],[20.23391,42.60536],[20.23292,42.60541],[20.23215,42.60565],[20.22882,42.60582],[20.22737,42.60569],[20.22616,42.60586],[20.22551,42.60574],[20.22521,42.60601],[20.22302,42.60685],[20.21955,42.60734],[20.21629,42.6072],[20.21552,42.60818],[20.21504,42.60797],[20.21478,42.60822],[20.21345,42.60797],[20.2131,42.60796],[20.21263,42.60822],[20.21179,42.60794],[20.21096,42.60799],[20.20881,42.6087],[20.20807,42.60947],[20.20686,42.61021],[20.20697,42.61038],[20.20658,42.61145],[20.20659,42.61193],[20.20622,42.61242],[20.20506,42.61331],[20.20467,42.61402],[20.20538,42.61464],[20.20608,42.6147],[20.20669,42.61525],[20.20735,42.6162],[20.2066,42.6184],[20.20654,42.61956],[20.20634,42.62016],[20.20488,42.62105],[20.20461,42.62154],[20.20464,42.62243],[20.20449,42.62281],[20.20348,42.62374],[20.20191,42.62486],[20.20146,42.62476],[20.19981,42.62507],[20.19919,42.62556],[20.19913,42.62615],[20.1983,42.62612],[20.19664,42.62561],[20.19583,42.62554],[20.19345,42.62619],[20.19275,42.6261],[20.19228,42.62647],[20.18991,42.62685],[20.19,42.62716],[20.19037,42.62749],[20.19023,42.62772],[20.18866,42.62831],[20.18721,42.62843],[20.18807,42.62927],[20.18886,42.63193],[20.1898,42.63235],[20.18967,42.63291],[20.18989,42.63365],[20.18938,42.63651],[20.18965,42.63821],[20.18992,42.63877],[20.18978,42.6397],[20.19013,42.64104],[20.18994,42.64155],[20.19043,42.64282],[20.19113,42.64392],[20.19276,42.64518],[20.19316,42.64567],[20.19564,42.6491],[20.19713,42.65023],[20.19854,42.65202],[20.19705,42.65137],[20.19579,42.65114],[20.19534,42.65082],[20.19212,42.65066],[20.1901,42.65084],[20.18745,42.65171],[20.18618,42.65193],[20.18377,42.65058],[20.18338,42.6505],[20.18328,42.65025],[20.1828,42.6503],[20.18078,42.64995],[20.18003,42.64951],[20.17643,42.6491],[20.17615,42.6489],[20.17459,42.6489],[20.17416,42.64877],[20.17388,42.64835],[20.17368,42.6483],[20.17299,42.64892],[20.17117,42.64934],[20.16748,42.65165],[20.16544,42.65248],[20.16443,42.65323],[20.16394,42.65279],[20.16244,42.65241],[20.16054,42.65285],[20.15974,42.6535],[20.15954,42.65338],[20.15885,42.65352],[20.15862,42.65335],[20.15836,42.6534],[20.15792,42.6526],[20.15738,42.65287],[20.15645,42.6529],[20.15603,42.65264],[20.15542,42.65185],[20.15468,42.65168],[20.15311,42.65192],[20.15263,42.65212],[20.15101,42.65203],[20.14993,42.65252],[20.14933,42.65236],[20.1476,42.65279],[20.14507,42.6528],[20.14408,42.65309],[20.14381,42.6534],[20.14333,42.65355],[20.14205,42.65359],[20.14133,42.65379],[20.13992,42.65451],[20.13709,42.65463],[20.13622,42.65495],[20.13475,42.65484],[20.13216,42.65616],[20.1313,42.65641],[20.12075,42.66241],[20.11895,42.66309],[20.11617,42.66148],[20.11289,42.65589],[20.11196,42.65539]]]}},{"type":"Feature","properties":{"name":"Dragash","slug":"dragash","sourceName":"Dragash"},"geometry":{"type":"Polygon","coordinates":[[[20.56294,42.10595],[20.5644,42.10395],[20.56656,42.10039],[20.56755,42.09924],[20.56785,42.09866],[20.56785,42.09832],[20.56731,42.0975],[20.56262,42.0937],[20.56239,42.09336],[20.56238,42.09241],[20.56222,42.09208],[20.55957,42.0896],[20.55723,42.087],[20.55457,42.08284],[20.55651,42.0806],[20.55807,42.07934],[20.55949,42.07867],[20.55959,42.07841],[20.55822,42.07629],[20.55792,42.07528],[20.5592,42.07371],[20.5631,42.06973],[20.56545,42.06679],[20.56618,42.06559],[20.56934,42.06144],[20.56999,42.06082],[20.57013,42.0589],[20.57195,42.05843],[20.57528,42.05837],[20.57621,42.05794],[20.57641,42.05741],[20.57708,42.05667],[20.58875,42.04715],[20.59106,42.04482],[20.59234,42.04414],[20.59355,42.04412],[20.59409,42.04389],[20.59498,42.04311],[20.59511,42.04265],[20.59499,42.04138],[20.59457,42.03994],[20.5947,42.03943],[20.59544,42.03843],[20.59509,42.03696],[20.59589,42.03505],[20.59631,42.02803],[20.59709,42.02346],[20.59715,42.02176],[20.5975,42.02027],[20.59737,42.01973],[20.59962,42.01921],[20.60045,42.01848],[20.60143,42.01713],[20.60187,42.01625],[20.60367,42.0111],[20.60421,42.01009],[20.60649,42.00225],[20.60711,41.9995],[20.60807,41.99726],[20.60992,41.99163],[20.61051,41.9908],[20.61183,41.98961],[20.61143,41.98786],[20.61191,41.98544],[20.61236,41.98511],[20.6135,41.98467],[20.61421,41.98287],[20.6174,41.98019],[20.61808,41.9797],[20.6203,41.97899],[20.62188,41.97818],[20.62432,41.9743],[20.6244,41.97303],[20.62489,41.97184],[20.62489,41.97103],[20.6253,41.96989],[20.62497,41.96738],[20.62399,41.96578],[20.62371,41.96367],[20.62437,41.96043],[20.62411,41.95721],[20.62352,41.95564],[20.62193,41.94958],[20.62165,41.9484],[20.62142,41.94604],[20.62088,41.94496],[20.62039,41.94312],[20.61908,41.9423],[20.61712,41.93912],[20.61492,41.93705],[20.61261,41.93589],[20.60682,41.93168],[20.60645,41.9308],[20.60526,41.92883],[20.60156,41.92895],[20.60032,41.92926],[20.5982,41.92945],[20.59655,41.92902],[20.59485,41.92844],[20.59409,41.92798],[20.5913,41.92723],[20.59051,41.92686],[20.59039,41.92668],[20.5903,41.92466],[20.58914,41.92216],[20.58875,41.92152],[20.58647,41.91903],[20.5854,41.91846],[20.58503,41.91829],[20.58039,41.91798],[20.57752,41.9181],[20.57649,41.91786],[20.57572,41.91796],[20.57594,41.91728],[20.57659,41.91618],[20.57744,41.91386],[20.58694,41.89433],[20.58747,41.89219],[20.58796,41.89113],[20.58926,41.88911],[20.5913,41.88668],[20.59296,41.88509],[20.59349,41.88434],[20.59373,41.8836],[20.59371,41.8823],[20.59323,41.8795],[20.59435,41.8772],[20.59558,41.87649],[20.59689,41.87461],[20.60061,41.87057],[20.60409,41.86769],[20.60429,41.8677],[20.60567,41.86673],[20.61437,41.86045],[20.61887,41.85776],[20.6213,41.85781],[20.62546,41.85973],[20.63216,41.86108],[20.63634,41.86353],[20.64008,41.86722],[20.64238,41.86882],[20.64854,41.87453],[20.66307,41.87517],[20.67069,41.87345],[20.67797,41.86852],[20.68124,41.86142],[20.68124,41.86001],[20.68203,41.85973],[20.68209,41.85872],[20.68259,41.85791],[20.68347,41.85773],[20.68492,41.8577],[20.68696,41.85876],[20.68836,41.85926],[20.69135,41.85972],[20.69334,41.85982],[20.69506,41.86086],[20.69659,41.86129],[20.69858,41.86264],[20.7011,41.86289],[20.70205,41.86369],[20.70365,41.86355],[20.70592,41.86478],[20.7277,41.86433],[20.73581,41.87707],[20.73609,41.87857],[20.73628,41.87883],[20.73628,41.87936],[20.73651,41.87965],[20.73675,41.88072],[20.73678,41.88156],[20.73658,41.88224],[20.73638,41.88235],[20.73628,41.88312],[20.73642,41.88376],[20.73678,41.88415],[20.73669,41.8844],[20.73687,41.88472],[20.73661,41.88497],[20.73663,41.88521],[20.7373,41.88636],[20.73719,41.88656],[20.73753,41.88693],[20.73764,41.88858],[20.74087,41.89326],[20.74116,41.89347],[20.74261,41.8935],[20.74682,41.89459],[20.75012,41.89491],[20.75154,41.89676],[20.75184,41.89849],[20.75254,41.89914],[20.75265,41.90002],[20.75293,41.90062],[20.75365,41.9014],[20.75361,41.90176],[20.75393,41.90309],[20.75431,41.90398],[20.75489,41.90506],[20.75567,41.90563],[20.75567,41.90614],[20.75715,41.90651],[20.75915,41.90817],[20.76235,41.91015],[20.76349,41.9111],[20.76616,41.9119],[20.76667,41.91218],[20.7678,41.91354],[20.76951,41.91501],[20.76951,41.91546],[20.77265,41.91662],[20.77473,41.91767],[20.77652,41.91882],[20.77589,41.91902],[20.77563,41.91933],[20.77217,41.92107],[20.77077,41.9242],[20.77045,41.92454],[20.77025,41.92561],[20.77125,41.92601],[20.77276,41.92633],[20.7729,41.92683],[20.77061,41.92751],[20.77011,41.92803],[20.76966,41.92889],[20.76854,41.92902],[20.76849,41.92977],[20.7679,41.93048],[20.76685,41.93259],[20.7664,41.93292],[20.7646,41.93497],[20.76207,41.93874],[20.75989,41.94056],[20.75765,41.943],[20.75663,41.94445],[20.75899,41.94437],[20.76268,41.95283],[20.76714,41.95679],[20.76611,41.96333],[20.7498,41.98576],[20.751,42.00897],[20.76366,42.04145],[20.76502,42.04184],[20.76087,42.05016],[20.75993,42.05271],[20.76954,42.05972],[20.7785,42.06704],[20.78014,42.06751],[20.78598,42.07114],[20.78425,42.07305],[20.78348,42.07572],[20.78441,42.07834],[20.7898,42.08126],[20.78853,42.08941],[20.78857,42.09207],[20.78714,42.10398],[20.78532,42.11187],[20.78481,42.11546],[20.78416,42.11826],[20.78362,42.11958],[20.7836,42.12202],[20.78316,42.12426],[20.78323,42.12475],[20.78271,42.12612],[20.78163,42.1269],[20.78111,42.12746],[20.78063,42.12767],[20.78001,42.12844],[20.77967,42.12984],[20.77878,42.1318],[20.7788,42.1327],[20.77912,42.133],[20.77943,42.13368],[20.77923,42.13518],[20.77708,42.13704],[20.77425,42.13873],[20.77264,42.1417],[20.77212,42.14211],[20.77179,42.14358],[20.77045,42.14415],[20.77057,42.14428],[20.77009,42.14525],[20.76849,42.14736],[20.76839,42.14928],[20.76755,42.15079],[20.76722,42.15181],[20.76669,42.15222],[20.76634,42.15319],[20.7663,42.15393],[20.76333,42.15393],[20.76214,42.15175],[20.7608,42.15057],[20.75903,42.14986],[20.75765,42.14839],[20.75584,42.14864],[20.75558,42.14782],[20.75494,42.14679],[20.75217,42.14627],[20.75137,42.14582],[20.7494,42.1454],[20.74906,42.14322],[20.74782,42.14189],[20.7477,42.14155],[20.74587,42.14114],[20.74563,42.14082],[20.74401,42.14039],[20.74199,42.14046],[20.74084,42.14103],[20.74019,42.14111],[20.73995,42.14103],[20.7395,42.14029],[20.73877,42.14026],[20.73837,42.14032],[20.73802,42.1406],[20.73855,42.14046],[20.73876,42.14064],[20.73816,42.14142],[20.73839,42.14159],[20.73824,42.14216],[20.73853,42.14309],[20.73822,42.14355],[20.73713,42.14381],[20.73583,42.14355],[20.73531,42.14396],[20.73325,42.14467],[20.73314,42.1452],[20.73245,42.14584],[20.73189,42.1461],[20.73043,42.14626],[20.7299,42.14649],[20.72923,42.14648],[20.72817,42.14673],[20.72692,42.14642],[20.72626,42.146],[20.72585,42.14533],[20.72501,42.14475],[20.72399,42.14421],[20.72311,42.14408],[20.72044,42.14405],[20.72004,42.14433],[20.71943,42.14439],[20.71683,42.14389],[20.71616,42.14399],[20.71569,42.14388],[20.71503,42.14395],[20.713,42.1446],[20.71324,42.14511],[20.7131,42.1456],[20.71141,42.14903],[20.71136,42.14939],[20.71006,42.15107],[20.71,42.15204],[20.70904,42.15197],[20.70776,42.15141],[20.70772,42.15224],[20.70659,42.15328],[20.70518,42.1528],[20.703,42.15096],[20.69948,42.15111],[20.69866,42.15135],[20.69812,42.15107],[20.69659,42.15113],[20.69525,42.15094],[20.69361,42.15021],[20.69195,42.15016],[20.68899,42.15036],[20.68346,42.15169],[20.68337,42.15212],[20.68228,42.15285],[20.68136,42.1538],[20.6797,42.15481],[20.67537,42.15488],[20.67469,42.15429],[20.67464,42.15365],[20.67095,42.15434],[20.66844,42.15503],[20.66696,42.15517],[20.66318,42.15249],[20.65892,42.15143],[20.65712,42.15029],[20.65397,42.15105],[20.65139,42.15042],[20.64955,42.15031],[20.64845,42.15086],[20.64686,42.1512],[20.64648,42.15145],[20.64103,42.15148],[20.64066,42.15071],[20.63992,42.14995],[20.63876,42.14829],[20.63806,42.14798],[20.63724,42.14734],[20.63368,42.14631],[20.63127,42.14639],[20.62903,42.14556],[20.62861,42.14511],[20.62762,42.14459],[20.62619,42.14425],[20.62521,42.14368],[20.62173,42.14324],[20.61394,42.13857],[20.61223,42.13641],[20.60784,42.13494],[20.60152,42.12975],[20.59875,42.12543],[20.59139,42.12335],[20.58949,42.12242],[20.58602,42.12311],[20.57708,42.12034],[20.57536,42.11891],[20.56588,42.10942],[20.56294,42.10595]]]}},{"type":"Feature","properties":{"name":"Drenas","slug":"drenas","sourceName":"Gllogoc"},"geometry":{"type":"Polygon","coordinates":[[[20.97029,42.64863],[20.96928,42.64886],[20.96912,42.64903],[20.96905,42.65052],[20.96862,42.65117],[20.96863,42.65263],[20.96889,42.65274],[20.96913,42.6532],[20.9691,42.65374],[20.9694,42.65461],[20.96926,42.65595],[20.96826,42.65858],[20.96808,42.66012],[20.96792,42.66062],[20.96733,42.66133],[20.96728,42.66176],[20.96668,42.66213],[20.96275,42.66947],[20.96178,42.6745],[20.96149,42.67501],[20.96031,42.68013],[20.96214,42.68334],[20.96164,42.68408],[20.96152,42.68461],[20.96106,42.68501],[20.96088,42.68557],[20.96097,42.68654],[20.9614,42.68708],[20.96181,42.68806],[20.96178,42.68871],[20.96191,42.68889],[20.96402,42.68935],[20.96718,42.69106],[20.97132,42.69388],[20.96956,42.69409],[20.96845,42.69492],[20.96815,42.69611],[20.96823,42.69702],[20.96766,42.69863],[20.96662,42.69966],[20.96575,42.70104],[20.96445,42.7015],[20.96404,42.70253],[20.96379,42.70278],[20.96219,42.70367],[20.96044,42.70518],[20.9594,42.7056],[20.95782,42.7058],[20.95783,42.70612],[20.95745,42.70652],[20.95577,42.70696],[20.95547,42.70729],[20.95438,42.70757],[20.95345,42.70821],[20.95201,42.7088],[20.95157,42.70933],[20.9496,42.71065],[20.94875,42.7114],[20.9478,42.71246],[20.94762,42.71296],[20.94767,42.71352],[20.94842,42.71517],[20.94822,42.71584],[20.94828,42.71682],[20.94717,42.7186],[20.94678,42.7209],[20.9462,42.72148],[20.94622,42.722],[20.94526,42.72281],[20.94434,42.7232],[20.94402,42.72366],[20.94311,42.72366],[20.94281,42.72298],[20.94208,42.72275],[20.94064,42.7219],[20.94019,42.72119],[20.93951,42.72062],[20.93919,42.71975],[20.93791,42.71882],[20.93624,42.71811],[20.93573,42.71759],[20.93413,42.71663],[20.93151,42.71529],[20.92888,42.71446],[20.9237,42.71229],[20.92034,42.71204],[20.92026,42.7122],[20.91439,42.71401],[20.91169,42.71565],[20.9111,42.71647],[20.91098,42.71687],[20.91029,42.71678],[20.90979,42.71589],[20.91004,42.715],[20.90931,42.71471],[20.90875,42.71475],[20.90804,42.71424],[20.90776,42.71352],[20.90723,42.71302],[20.90739,42.71291],[20.90667,42.71256],[20.90602,42.71202],[20.90395,42.70912],[20.90365,42.70901],[20.90361,42.70876],[20.90309,42.7083],[20.90211,42.70786],[20.90165,42.70746],[20.90129,42.7076],[20.90106,42.70706],[20.89982,42.70586],[20.89928,42.70559],[20.89837,42.7055],[20.89843,42.705],[20.89699,42.70486],[20.89705,42.70471],[20.89684,42.70462],[20.89696,42.70423],[20.89651,42.70336],[20.89663,42.70323],[20.89644,42.70303],[20.89605,42.70302],[20.89613,42.7027],[20.89597,42.7025],[20.89514,42.70254],[20.89392,42.70291],[20.89175,42.70101],[20.89082,42.69865],[20.89082,42.6979],[20.8904,42.69789],[20.88845,42.69415],[20.88541,42.68949],[20.88497,42.68906],[20.88419,42.68884],[20.88316,42.68772],[20.88284,42.68708],[20.87952,42.68482],[20.879,42.68535],[20.87868,42.68611],[20.87869,42.68736],[20.87818,42.6879],[20.87809,42.6882],[20.8771,42.68844],[20.87521,42.69116],[20.8745,42.69165],[20.87354,42.69185],[20.87215,42.6919],[20.87167,42.6917],[20.87087,42.69164],[20.87078,42.69249],[20.86967,42.69372],[20.8701,42.6951],[20.86936,42.69523],[20.8692,42.69564],[20.86939,42.69614],[20.86971,42.69628],[20.86978,42.6967],[20.86995,42.69661],[20.87006,42.69677],[20.86964,42.69702],[20.86961,42.69681],[20.86883,42.69651],[20.8684,42.69679],[20.86828,42.69662],[20.868,42.69724],[20.86827,42.69782],[20.86802,42.69787],[20.86874,42.69857],[20.86832,42.69914],[20.86686,42.69992],[20.86632,42.70057],[20.86593,42.70063],[20.86582,42.70125],[20.86597,42.70123],[20.86616,42.70152],[20.86579,42.7019],[20.86585,42.70206],[20.86439,42.70265],[20.86422,42.70294],[20.86218,42.70313],[20.86029,42.70303],[20.85963,42.70272],[20.85909,42.70217],[20.85801,42.70195],[20.85799,42.70142],[20.85768,42.70131],[20.85679,42.70045],[20.85577,42.70175],[20.85381,42.7028],[20.85174,42.70437],[20.85114,42.7041],[20.85079,42.70442],[20.8499,42.70467],[20.84913,42.70555],[20.84883,42.7053],[20.84787,42.70565],[20.84666,42.70661],[20.84532,42.70562],[20.84364,42.70486],[20.84223,42.70484],[20.8418,42.70468],[20.84045,42.70343],[20.84035,42.70356],[20.83935,42.70308],[20.83984,42.70261],[20.83737,42.70079],[20.83701,42.70088],[20.83621,42.7016],[20.83561,42.7013],[20.83634,42.69931],[20.83678,42.69892],[20.83583,42.69832],[20.83473,42.69868],[20.83499,42.6983],[20.83579,42.69551],[20.83096,42.69518],[20.83085,42.69538],[20.8299,42.69534],[20.82906,42.69441],[20.82543,42.6951],[20.8242,42.69327],[20.82176,42.69235],[20.81821,42.692],[20.81658,42.69149],[20.81624,42.69198],[20.81535,42.69238],[20.81323,42.69002],[20.81256,42.68864],[20.81545,42.6869],[20.81447,42.68473],[20.81437,42.68408],[20.8152,42.68317],[20.81599,42.68031],[20.81623,42.68001],[20.81621,42.67906],[20.81691,42.6783],[20.81792,42.67486],[20.81816,42.67484],[20.8184,42.67407],[20.81867,42.67383],[20.81857,42.67352],[20.81888,42.67292],[20.81926,42.67288],[20.81965,42.67201],[20.8203,42.67203],[20.82062,42.67168],[20.82114,42.67156],[20.8211,42.67112],[20.82162,42.67077],[20.8218,42.67028],[20.82229,42.66997],[20.82264,42.66994],[20.82256,42.66981],[20.82307,42.66977],[20.82307,42.66959],[20.82336,42.66948],[20.82209,42.66895],[20.82127,42.6691],[20.82111,42.66836],[20.82036,42.66824],[20.81984,42.66708],[20.81937,42.66658],[20.81817,42.66685],[20.81795,42.66588],[20.81761,42.6659],[20.81651,42.66639],[20.81619,42.66632],[20.81546,42.66552],[20.81352,42.66417],[20.81251,42.66482],[20.81207,42.66541],[20.81039,42.66445],[20.80929,42.66414],[20.80902,42.6637],[20.80898,42.66321],[20.80858,42.66304],[20.80806,42.66321],[20.80687,42.66317],[20.80489,42.66427],[20.8041,42.66451],[20.80335,42.66352],[20.80319,42.66251],[20.80297,42.66216],[20.80218,42.66136],[20.80186,42.66092],[20.80187,42.66071],[20.80091,42.66028],[20.8,42.66093],[20.79972,42.66145],[20.79909,42.66189],[20.8004,42.6632],[20.79995,42.66342],[20.80037,42.66394],[20.79957,42.66408],[20.80069,42.66483],[20.80084,42.66511],[20.79975,42.66513],[20.79768,42.66463],[20.79713,42.66471],[20.79618,42.66377],[20.7956,42.66354],[20.79482,42.66296],[20.79448,42.66293],[20.79432,42.66335],[20.79362,42.6634],[20.79321,42.66275],[20.7925,42.6621],[20.79155,42.66156],[20.78704,42.66025],[20.78583,42.65948],[20.78388,42.65922],[20.78131,42.65983],[20.77599,42.65977],[20.77517,42.66002],[20.77445,42.66043],[20.773,42.66037],[20.77204,42.6605],[20.77046,42.66035],[20.76945,42.65976],[20.76988,42.65837],[20.76919,42.65797],[20.76909,42.65691],[20.77033,42.65457],[20.77069,42.65419],[20.77077,42.65393],[20.7703,42.65383],[20.77022,42.65352],[20.77051,42.65343],[20.77055,42.65295],[20.77093,42.65246],[20.77191,42.65272],[20.77241,42.65165],[20.77355,42.65113],[20.77353,42.65077],[20.77336,42.6507],[20.77337,42.64997],[20.77372,42.64955],[20.77401,42.64873],[20.7737,42.64753],[20.77249,42.64592],[20.77204,42.64577],[20.77134,42.64495],[20.77087,42.64396],[20.77031,42.64383],[20.7686,42.64237],[20.76789,42.64202],[20.76701,42.64183],[20.76869,42.64084],[20.76883,42.64052],[20.76661,42.63868],[20.76656,42.63833],[20.76629,42.63828],[20.76635,42.63781],[20.76599,42.63743],[20.76629,42.63696],[20.76579,42.63662],[20.76596,42.63612],[20.76555,42.63578],[20.76559,42.63563],[20.76577,42.63565],[20.76577,42.63546],[20.76527,42.63525],[20.76506,42.6349],[20.76518,42.63397],[20.76454,42.63383],[20.76444,42.6334],[20.76457,42.63308],[20.764,42.63249],[20.76427,42.63191],[20.76416,42.63129],[20.76378,42.63061],[20.76373,42.62972],[20.76389,42.62901],[20.76343,42.6281],[20.76346,42.62782],[20.76418,42.62755],[20.76462,42.62691],[20.76405,42.62523],[20.76419,42.62448],[20.76444,42.62413],[20.76539,42.62385],[20.76639,42.62315],[20.76642,42.62173],[20.76698,42.62109],[20.76656,42.61901],[20.76655,42.61762],[20.76668,42.61731],[20.76787,42.61658],[20.76698,42.61538],[20.76736,42.61494],[20.76715,42.61476],[20.76735,42.61435],[20.76706,42.61415],[20.7674,42.61339],[20.7673,42.61316],[20.76681,42.61285],[20.76614,42.61283],[20.76585,42.61189],[20.76512,42.61096],[20.76507,42.60973],[20.76437,42.60923],[20.76269,42.6087],[20.76215,42.60827],[20.76043,42.6078],[20.75869,42.60707],[20.75843,42.60676],[20.75862,42.6066],[20.75961,42.60679],[20.76098,42.60747],[20.76162,42.6074],[20.76294,42.60692],[20.76403,42.60737],[20.76632,42.60751],[20.76795,42.60794],[20.76867,42.60836],[20.76968,42.60924],[20.77032,42.60948],[20.77131,42.60819],[20.77201,42.60758],[20.77502,42.60852],[20.77714,42.60846],[20.78021,42.609],[20.78176,42.60899],[20.78462,42.60832],[20.78552,42.60834],[20.78772,42.60711],[20.78768,42.60691],[20.78914,42.60642],[20.79179,42.6049],[20.79212,42.60507],[20.79345,42.60481],[20.79471,42.60358],[20.79592,42.60284],[20.797,42.60163],[20.79727,42.60085],[20.79772,42.60059],[20.79814,42.59981],[20.79935,42.59936],[20.79979,42.5986],[20.79897,42.59827],[20.7972,42.59434],[20.79675,42.59264],[20.79669,42.5903],[20.79623,42.58923],[20.7962,42.58826],[20.79591,42.58795],[20.79492,42.58784],[20.79419,42.58732],[20.79342,42.58707],[20.79165,42.58727],[20.78976,42.58704],[20.7878,42.58393],[20.78779,42.58238],[20.78735,42.58069],[20.7873,42.57957],[20.7871,42.57931],[20.7896,42.57762],[20.78997,42.57692],[20.78994,42.57544],[20.78976,42.575],[20.79075,42.5736],[20.79206,42.57301],[20.79265,42.57332],[20.7944,42.57296],[20.79677,42.57279],[20.79897,42.5723],[20.80016,42.57125],[20.80234,42.57013],[20.80459,42.56829],[20.8051,42.56774],[20.8057,42.5666],[20.80569,42.56613],[20.80524,42.56527],[20.80515,42.56474],[20.80376,42.56273],[20.80267,42.56173],[20.80262,42.56113],[20.80311,42.56069],[20.80321,42.56028],[20.80289,42.55998],[20.80307,42.55952],[20.80307,42.55799],[20.80329,42.55748],[20.80311,42.55656],[20.80346,42.55611],[20.80348,42.55576],[20.80335,42.55528],[20.80303,42.55512],[20.80304,42.5548],[20.80255,42.55421],[20.80266,42.55405],[20.80247,42.55336],[20.80259,42.55305],[20.80233,42.553],[20.80268,42.55227],[20.80268,42.55129],[20.80304,42.55119],[20.80198,42.54959],[20.80205,42.54887],[20.80186,42.54875],[20.80197,42.54829],[20.80184,42.54788],[20.8012,42.54772],[20.80128,42.54732],[20.80157,42.54722],[20.8013,42.54689],[20.80135,42.54668],[20.80166,42.5466],[20.80158,42.54613],[20.80069,42.54496],[20.80047,42.54313],[20.80116,42.53912],[20.80115,42.53763],[20.80203,42.53524],[20.80198,42.5349],[20.80261,42.53248],[20.80422,42.52979],[20.80444,42.52968],[20.80557,42.53052],[20.80628,42.53131],[20.80764,42.53177],[20.81171,42.53407],[20.81182,42.53378],[20.8123,42.53377],[20.81418,42.534],[20.8163,42.53394],[20.8169,42.5338],[20.81713,42.53359],[20.82115,42.53299],[20.82275,42.53251],[20.82389,42.53285],[20.82472,42.5335],[20.82563,42.53384],[20.82901,42.5343],[20.83399,42.53435],[20.83498,42.53461],[20.83591,42.53452],[20.83725,42.53471],[20.8384,42.53452],[20.83971,42.53361],[20.84498,42.53185],[20.8485,42.53179],[20.8482,42.53278],[20.8482,42.53337],[20.8478,42.53431],[20.84801,42.53556],[20.84754,42.53665],[20.84745,42.53732],[20.84806,42.53778],[20.84823,42.53808],[20.84792,42.53976],[20.84771,42.54016],[20.84766,42.54092],[20.84804,42.54288],[20.84776,42.54379],[20.84788,42.54531],[20.84941,42.54562],[20.85024,42.54625],[20.85109,42.54666],[20.85236,42.54683],[20.85385,42.54407],[20.85532,42.5418],[20.85556,42.54127],[20.8556,42.54023],[20.85598,42.53951],[20.85656,42.53899],[20.86211,42.53733],[20.8693,42.52572],[20.87372,42.52052],[20.87311,42.52024],[20.87398,42.51993],[20.87576,42.51874],[20.87587,42.51886],[20.87575,42.51915],[20.87612,42.51981],[20.87728,42.51989],[20.87849,42.51934],[20.88049,42.51897],[20.8815,42.51843],[20.88293,42.5185],[20.88357,42.51822],[20.88425,42.51738],[20.88408,42.51717],[20.88363,42.51673],[20.88284,42.51641],[20.88144,42.5152],[20.88048,42.51483],[20.88005,42.51447],[20.8798,42.51368],[20.87932,42.5132],[20.87931,42.5129],[20.87988,42.51288],[20.88057,42.51261],[20.88156,42.51172],[20.88239,42.51127],[20.88509,42.51242],[20.89121,42.51635],[20.89365,42.51763],[20.89734,42.52076],[20.90245,42.52574],[20.90347,42.52621],[20.90419,42.52683],[20.90792,42.52794],[20.91133,42.52943],[20.91163,42.52923],[20.91196,42.52826],[20.91308,42.52838],[20.91354,42.52738],[20.91426,42.52755],[20.91421,42.52878],[20.91903,42.52939],[20.91861,42.53068],[20.919,42.53096],[20.91885,42.53122],[20.91915,42.53114],[20.9194,42.53152],[20.91875,42.53163],[20.91846,42.53255],[20.91856,42.53319],[20.91891,42.53337],[20.91901,42.53375],[20.9193,42.53387],[20.91941,42.53465],[20.91916,42.53506],[20.91927,42.53545],[20.91896,42.53576],[20.91869,42.53657],[20.91845,42.53676],[20.91833,42.53754],[20.91881,42.53915],[20.91873,42.53958],[20.91967,42.53976],[20.91948,42.54011],[20.91973,42.54024],[20.92203,42.54031],[20.92479,42.54022],[20.92526,42.54005],[20.93069,42.53991],[20.93167,42.53891],[20.93161,42.53852],[20.93181,42.53811],[20.93303,42.53743],[20.93372,42.53648],[20.93494,42.53541],[20.93558,42.5359],[20.93643,42.53591],[20.93668,42.53607],[20.93964,42.53493],[20.94031,42.53478],[20.94202,42.53494],[20.9434,42.53411],[20.94484,42.53406],[20.9457,42.53359],[20.94689,42.53361],[20.94749,42.53385],[20.94763,42.53407],[20.94888,42.53409],[20.95002,42.53513],[20.95026,42.53553],[20.94993,42.53601],[20.94966,42.53761],[20.95644,42.54185],[20.96186,42.54395],[20.96075,42.54484],[20.96043,42.54533],[20.96041,42.54549],[20.96077,42.54572],[20.96034,42.54865],[20.95854,42.55083],[20.95771,42.55156],[20.95698,42.55139],[20.9566,42.55235],[20.95304,42.55226],[20.95287,42.55287],[20.9525,42.55341],[20.95234,42.55431],[20.9532,42.55524],[20.95362,42.55531],[20.95432,42.55617],[20.95484,42.5564],[20.95467,42.55662],[20.95507,42.55685],[20.955,42.55707],[20.95553,42.55708],[20.95607,42.55732],[20.95568,42.55775],[20.95562,42.55806],[20.95701,42.55854],[20.9565,42.55904],[20.95663,42.55914],[20.95535,42.56027],[20.95566,42.56048],[20.95463,42.56141],[20.9553,42.56156],[20.95497,42.5618],[20.95672,42.5621],[20.95802,42.5626],[20.96021,42.56481],[20.96593,42.56695],[20.96809,42.56883],[20.97168,42.5711],[20.97711,42.57017],[20.98019,42.57517],[20.98057,42.5796],[20.98006,42.58405],[20.97973,42.58532],[20.97988,42.58614],[20.9802,42.58681],[20.98107,42.58796],[20.9803,42.58988],[20.97955,42.59075],[20.97887,42.59477],[20.97886,42.59536],[20.97926,42.59633],[20.97923,42.59668],[20.97808,42.59689],[20.97582,42.59692],[20.97454,42.59711],[20.9671,42.59877],[20.96529,42.5995],[20.9658,42.60036],[20.96592,42.60102],[20.96793,42.60173],[20.97084,42.60396],[20.97163,42.60423],[20.97287,42.60496],[20.97322,42.60534],[20.97361,42.60546],[20.97338,42.60623],[20.97257,42.60682],[20.97195,42.60754],[20.97228,42.60998],[20.9721,42.6106],[20.97152,42.61136],[20.97109,42.61226],[20.97109,42.61353],[20.97205,42.61481],[20.97297,42.61568],[20.97576,42.61728],[20.97701,42.61826],[20.97768,42.61907],[20.97814,42.61893],[20.97936,42.61954],[20.97981,42.62007],[20.97949,42.62041],[20.98161,42.62289],[20.98175,42.62353],[20.98284,42.62511],[20.98316,42.62605],[20.98404,42.62756],[20.98444,42.6279],[20.98575,42.63031],[20.98634,42.63078],[20.98525,42.6329],[20.98104,42.63483],[20.97915,42.63486],[20.9786,42.63523],[20.97784,42.63599],[20.97719,42.63696],[20.97672,42.63726],[20.97564,42.63846],[20.9747,42.63991],[20.97427,42.64035],[20.97376,42.64051],[20.97359,42.64091],[20.97206,42.64224],[20.97157,42.64249],[20.97115,42.64356],[20.96968,42.64434],[20.96945,42.64472],[20.96957,42.64499],[20.97017,42.64549],[20.97107,42.64739],[20.97069,42.64827],[20.97029,42.64863]]]}},{"type":"Feature","properties":{"name":"Ferizaj","slug":"ferizaj","sourceName":"Ferizaj"},"geometry":{"type":"Polygon","coordinates":[[[21.1119,42.28733],[21.11261,42.28832],[21.11344,42.28907],[21.11437,42.28945],[21.11551,42.28958],[21.11594,42.28991],[21.11788,42.29041],[21.11875,42.29108],[21.12359,42.29164],[21.12469,42.29132],[21.12718,42.29207],[21.12862,42.29226],[21.13056,42.29326],[21.13151,42.29423],[21.13156,42.29459],[21.13253,42.29569],[21.13305,42.29565],[21.13293,42.29537],[21.13357,42.29485],[21.13404,42.2942],[21.13445,42.29399],[21.13452,42.29375],[21.13543,42.29375],[21.13626,42.29406],[21.13628,42.29389],[21.13662,42.2938],[21.13726,42.29273],[21.13714,42.29256],[21.13735,42.29233],[21.13744,42.29185],[21.13837,42.29157],[21.13815,42.29096],[21.13934,42.29065],[21.1406,42.28969],[21.14153,42.28883],[21.14178,42.28751],[21.14328,42.28668],[21.14578,42.28619],[21.1468,42.28621],[21.15151,42.28699],[21.15208,42.28767],[21.15256,42.28681],[21.15305,42.2867],[21.15506,42.28747],[21.15833,42.28813],[21.15911,42.28861],[21.15992,42.28946],[21.16096,42.29103],[21.16154,42.29267],[21.16205,42.29331],[21.16282,42.29392],[21.16436,42.29459],[21.16476,42.29502],[21.16536,42.29502],[21.16547,42.2954],[21.16639,42.29547],[21.16605,42.29568],[21.16591,42.29613],[21.16642,42.29712],[21.16714,42.29761],[21.16774,42.29933],[21.16951,42.30003],[21.1714,42.30004],[21.17296,42.30033],[21.17515,42.3002],[21.17584,42.30035],[21.1764,42.30102],[21.17692,42.30236],[21.17793,42.30325],[21.17902,42.30301],[21.1798,42.30328],[21.18093,42.30083],[21.18187,42.29944],[21.18284,42.29868],[21.18458,42.2977],[21.18547,42.29666],[21.18643,42.29622],[21.18681,42.29658],[21.18752,42.29646],[21.18931,42.29492],[21.19005,42.29392],[21.18939,42.29251],[21.18932,42.29169],[21.18951,42.29109],[21.1896,42.29095],[21.19039,42.29088],[21.19079,42.29062],[21.19125,42.29079],[21.19163,42.29022],[21.1925,42.29057],[21.19294,42.29025],[21.19318,42.28982],[21.19507,42.29032],[21.19556,42.29047],[21.19691,42.29158],[21.19748,42.29186],[21.19821,42.29197],[21.1981,42.29312],[21.1974,42.29474],[21.20294,42.29506],[21.20372,42.29476],[21.20299,42.29986],[21.20733,42.30016],[21.20736,42.29978],[21.20841,42.30101],[21.20915,42.30139],[21.20905,42.30166],[21.2088,42.30172],[21.20704,42.30337],[21.20654,42.30348],[21.20604,42.30409],[21.20766,42.30588],[21.20598,42.30637],[21.20679,42.30724],[21.20743,42.30715],[21.20776,42.30803],[21.20587,42.30878],[21.20656,42.30952],[21.2063,42.30971],[21.20581,42.30972],[21.20568,42.30993],[21.20579,42.31019],[21.20814,42.31132],[21.20877,42.31075],[21.20988,42.3106],[21.21095,42.31089],[21.2116,42.31085],[21.2127,42.31027],[21.21305,42.31042],[21.21264,42.31073],[21.21318,42.31127],[21.21148,42.31241],[21.21495,42.31426],[21.21825,42.31504],[21.22355,42.31515],[21.22484,42.31537],[21.22602,42.3151],[21.22847,42.31577],[21.22859,42.3154],[21.22993,42.3158],[21.2312,42.3159],[21.23214,42.31636],[21.23298,42.31657],[21.23423,42.31722],[21.2347,42.31759],[21.23494,42.31811],[21.23528,42.31826],[21.23742,42.31846],[21.23872,42.31928],[21.23998,42.32068],[21.24107,42.32143],[21.24341,42.32218],[21.24462,42.32301],[21.2457,42.32431],[21.2483,42.3254],[21.25132,42.32803],[21.25257,42.32844],[21.25267,42.32907],[21.25342,42.3303],[21.25432,42.33127],[21.25337,42.33244],[21.25329,42.33302],[21.25485,42.33379],[21.25731,42.33549],[21.25522,42.33744],[21.25276,42.33901],[21.25212,42.33922],[21.25172,42.33967],[21.25115,42.33995],[21.25012,42.33894],[21.2489,42.33958],[21.24861,42.33928],[21.24803,42.3397],[21.24777,42.33949],[21.24734,42.34017],[21.24751,42.34026],[21.24724,42.3407],[21.24698,42.34087],[21.24663,42.34056],[21.24606,42.34087],[21.24634,42.34123],[21.24517,42.34223],[21.24522,42.34241],[21.24459,42.34372],[21.24503,42.34435],[21.24499,42.3451],[21.24515,42.34584],[21.24572,42.34646],[21.24602,42.34717],[21.2464,42.34748],[21.24668,42.34805],[21.24754,42.34888],[21.24769,42.34949],[21.24806,42.35008],[21.2484,42.35031],[21.25001,42.35324],[21.25113,42.35928],[21.25163,42.36027],[21.25099,42.36125],[21.25015,42.36196],[21.24893,42.36237],[21.24897,42.36313],[21.2507,42.36487],[21.25107,42.36606],[21.25622,42.36633],[21.25709,42.36533],[21.25708,42.36433],[21.26038,42.36494],[21.26257,42.3654],[21.26232,42.36797],[21.26433,42.36736],[21.26627,42.36707],[21.26709,42.36788],[21.26873,42.3681],[21.27231,42.3691],[21.27932,42.37024],[21.27944,42.37029],[21.2781,42.37082],[21.27858,42.3712],[21.27868,42.37108],[21.27909,42.37115],[21.27904,42.37131],[21.27929,42.37153],[21.27967,42.37111],[21.28099,42.37137],[21.28114,42.37126],[21.28147,42.37135],[21.28128,42.37155],[21.2817,42.37174],[21.28263,42.37188],[21.28261,42.37213],[21.28282,42.37226],[21.28417,42.37207],[21.28493,42.37214],[21.28519,42.3724],[21.28579,42.3726],[21.28687,42.37258],[21.28702,42.37311],[21.28761,42.37275],[21.29259,42.3729],[21.29293,42.37258],[21.29299,42.37019],[21.29441,42.36976],[21.29491,42.3701],[21.29494,42.37083],[21.29596,42.37087],[21.29601,42.36949],[21.30562,42.36915],[21.30769,42.36895],[21.3083,42.3711],[21.30863,42.37157],[21.3107,42.37318],[21.31031,42.37398],[21.31022,42.37458],[21.31057,42.37717],[21.31032,42.38073],[21.30883,42.3815],[21.30789,42.38246],[21.30584,42.38411],[21.30347,42.38699],[21.3025,42.38777],[21.30115,42.38932],[21.30046,42.38993],[21.29819,42.39139],[21.29813,42.39224],[21.29891,42.39367],[21.29938,42.39411],[21.2996,42.39601],[21.30043,42.39778],[21.30126,42.39838],[21.30228,42.40259],[21.30297,42.40381],[21.30331,42.40412],[21.3034,42.40466],[21.30385,42.40552],[21.30509,42.40733],[21.30535,42.40873],[21.3052,42.40921],[21.30524,42.40999],[21.30503,42.41036],[21.3055,42.41183],[21.30559,42.41434],[21.30651,42.41597],[21.30768,42.41739],[21.30862,42.41791],[21.30927,42.41793],[21.3083,42.41868],[21.30772,42.42061],[21.30639,42.42161],[21.30609,42.42143],[21.30529,42.42144],[21.30463,42.4224],[21.30287,42.42329],[21.3018,42.42402],[21.30097,42.4249],[21.29897,42.42589],[21.29792,42.42711],[21.29642,42.42773],[21.29499,42.42924],[21.29344,42.43014],[21.29276,42.4307],[21.29122,42.43139],[21.28945,42.43108],[21.28856,42.4307],[21.28783,42.43197],[21.28757,42.4322],[21.28687,42.43238],[21.28633,42.43283],[21.28631,42.43333],[21.2866,42.43414],[21.28545,42.43466],[21.28473,42.43608],[21.28469,42.43655],[21.28592,42.43757],[21.28626,42.43902],[21.2822,42.44324],[21.28132,42.44487],[21.27945,42.44753],[21.27866,42.44903],[21.2777,42.45009],[21.27722,42.45038],[21.27692,42.45093],[21.27641,42.45129],[21.27507,42.45163],[21.27446,42.45226],[21.27414,42.4522],[21.27277,42.45148],[21.27038,42.44983],[21.26893,42.44982],[21.26784,42.44919],[21.26696,42.44893],[21.26542,42.44771],[21.26456,42.44656],[21.26366,42.44601],[21.26034,42.44533],[21.25922,42.44439],[21.25651,42.44691],[21.25624,42.4477],[21.25551,42.44874],[21.25441,42.44962],[21.25382,42.44975],[21.25111,42.45106],[21.24939,42.4522],[21.249,42.45278],[21.24908,42.45292],[21.2484,42.45457],[21.24837,42.45506],[21.24868,42.45605],[21.24856,42.45682],[21.24843,42.45701],[21.24758,42.45703],[21.2482,42.45734],[21.24715,42.45826],[21.24288,42.45998],[21.24125,42.45887],[21.23978,42.45942],[21.23908,42.45939],[21.23745,42.45884],[21.23298,42.46051],[21.23106,42.46225],[21.22838,42.46318],[21.22768,42.46361],[21.22506,42.4646],[21.22203,42.46471],[21.21368,42.46578],[21.21142,42.4654],[21.20406,42.46498],[21.19789,42.46431],[21.19797,42.46392],[21.19776,42.46389],[21.19783,42.46363],[21.19669,42.46331],[21.19244,42.46338],[21.1896,42.46214],[21.18996,42.46181],[21.18722,42.46093],[21.18687,42.46026],[21.18635,42.46004],[21.18626,42.46018],[21.18477,42.45914],[21.18289,42.45748],[21.18002,42.45587],[21.17976,42.45605],[21.17977,42.45679],[21.17929,42.458],[21.17917,42.45882],[21.17757,42.45959],[21.17704,42.45961],[21.17646,42.46045],[21.17446,42.45996],[21.17321,42.46076],[21.17139,42.46059],[21.17022,42.46083],[21.16986,42.46116],[21.16904,42.461],[21.16906,42.46127],[21.16766,42.46141],[21.16634,42.46117],[21.16612,42.4604],[21.16561,42.4604],[21.16551,42.4602],[21.16517,42.46007],[21.16464,42.46025],[21.16463,42.46096],[21.1644,42.46097],[21.16417,42.46068],[21.16383,42.4608],[21.16383,42.46136],[21.16314,42.46116],[21.16174,42.46135],[21.16144,42.46101],[21.16168,42.46055],[21.16155,42.46027],[21.16098,42.46008],[21.16054,42.46032],[21.1604,42.46024],[21.16071,42.45941],[21.16062,42.45894],[21.16109,42.4561],[21.16141,42.45532],[21.16043,42.45494],[21.1592,42.45573],[21.15742,42.45591],[21.15681,42.45494],[21.15661,42.45484],[21.15598,42.45501],[21.15514,42.4544],[21.15446,42.45433],[21.15414,42.45441],[21.15398,42.4549],[21.15411,42.45536],[21.15387,42.45573],[21.15264,42.45551],[21.15211,42.45524],[21.15131,42.45548],[21.15023,42.45609],[21.14899,42.45612],[21.14806,42.4543],[21.14713,42.45371],[21.14556,42.45341],[21.14545,42.45256],[21.14502,42.45254],[21.14467,42.45335],[21.14319,42.45359],[21.14157,42.45461],[21.14068,42.45485],[21.13834,42.45737],[21.13874,42.45751],[21.13902,42.45963],[21.13876,42.46028],[21.13816,42.46089],[21.1375,42.46046],[21.13676,42.46035],[21.1365,42.45967],[21.13487,42.45823],[21.13273,42.45745],[21.13124,42.45733],[21.13014,42.45701],[21.128,42.4569],[21.12569,42.45634],[21.1248,42.45631],[21.12197,42.45275],[21.1209,42.45185],[21.12036,42.45172],[21.12013,42.45114],[21.11766,42.45158],[21.11592,42.45153],[21.11509,42.4507],[21.11433,42.45034],[21.1116,42.44958],[21.11073,42.44917],[21.1103,42.44929],[21.11207,42.44687],[21.11399,42.44685],[21.11463,42.44636],[21.115,42.44588],[21.11521,42.44473],[21.11591,42.44351],[21.11635,42.44228],[21.11392,42.4415],[21.11363,42.44057],[21.11386,42.43925],[21.11374,42.43841],[21.11408,42.43806],[21.11467,42.43779],[21.11466,42.43737],[21.11324,42.43687],[21.11177,42.43669],[21.11214,42.43627],[21.11243,42.43527],[21.11095,42.43491],[21.11022,42.43525],[21.10888,42.43399],[21.10836,42.43376],[21.10694,42.43352],[21.106,42.43351],[21.10598,42.43381],[21.10507,42.43446],[21.10371,42.43407],[21.10287,42.43448],[21.10267,42.43445],[21.10253,42.43433],[21.10253,42.43346],[21.1017,42.43327],[21.10175,42.43317],[21.10133,42.43311],[21.10125,42.43289],[21.10197,42.43207],[21.10121,42.43178],[21.10028,42.43182],[21.10023,42.43094],[21.10009,42.43085],[21.09854,42.43128],[21.0981,42.43116],[21.09762,42.4313],[21.09729,42.4308],[21.09672,42.4311],[21.09656,42.43099],[21.09669,42.43068],[21.0966,42.4305],[21.09626,42.43048],[21.09597,42.43098],[21.0955,42.43108],[21.09528,42.43087],[21.09533,42.43036],[21.09494,42.43031],[21.09517,42.42982],[21.09476,42.42984],[21.09452,42.42977],[21.09448,42.42959],[21.09383,42.4295],[21.09411,42.42909],[21.09393,42.42894],[21.09349,42.42904],[21.09304,42.4282],[21.09329,42.42803],[21.09329,42.4274],[21.09292,42.4273],[21.09254,42.42685],[21.09224,42.42677],[21.0921,42.42628],[21.09171,42.42632],[21.09157,42.42616],[21.09146,42.42567],[21.09158,42.42547],[21.09099,42.42468],[21.09082,42.42407],[21.09007,42.42343],[21.08835,42.42368],[21.08757,42.42403],[21.08649,42.42366],[21.08477,42.42382],[21.08303,42.4236],[21.08311,42.42259],[21.08558,42.42278],[21.08557,42.42178],[21.08591,42.42075],[21.08533,42.42034],[21.0847,42.42056],[21.08445,42.42015],[21.08392,42.41996],[21.08379,42.41959],[21.08306,42.4191],[21.08265,42.41717],[21.08116,42.41722],[21.08031,42.41758],[21.07958,42.41766],[21.07951,42.4162],[21.07914,42.41616],[21.07901,42.41724],[21.07875,42.41728],[21.07867,42.41695],[21.07536,42.41728],[21.07271,42.41728],[21.07151,42.4175],[21.07057,42.41817],[21.0697,42.41761],[21.06893,42.41672],[21.06799,42.41621],[21.06738,42.4147],[21.06721,42.41363],[21.06689,42.41327],[21.06673,42.4126],[21.06739,42.41087],[21.068,42.40967],[21.06878,42.40864],[21.06903,42.40795],[21.06715,42.40578],[21.06729,42.40501],[21.0683,42.40308],[21.06978,42.40228],[21.07102,42.4013],[21.0727,42.40084],[21.07321,42.40054],[21.07401,42.39979],[21.07426,42.39925],[21.07414,42.3988],[21.0747,42.39832],[21.07691,42.39788],[21.07727,42.39767],[21.07669,42.39723],[21.07611,42.39699],[21.07357,42.39708],[21.0726,42.39727],[21.07174,42.39682],[21.07155,42.39646],[21.07071,42.3962],[21.0698,42.39533],[21.06926,42.39511],[21.0679,42.39499],[21.06608,42.39459],[21.06539,42.39476],[21.06505,42.39445],[21.0633,42.39376],[21.06212,42.3937],[21.06049,42.39405],[21.05973,42.39333],[21.05914,42.39246],[21.05778,42.39212],[21.05629,42.39089],[21.05398,42.38995],[21.05247,42.38964],[21.0514,42.38973],[21.05045,42.3901],[21.04933,42.39015],[21.04807,42.38955],[21.04716,42.38963],[21.04531,42.3887],[21.04347,42.38852],[21.04243,42.38741],[21.04236,42.38716],[21.04255,42.3868],[21.04236,42.38615],[21.04292,42.3854],[21.04287,42.38482],[21.04166,42.38356],[21.042,42.38273],[21.0414,42.38195],[21.04022,42.38131],[21.03947,42.38131],[21.03812,42.3806],[21.03751,42.38124],[21.03385,42.38344],[21.03312,42.38348],[21.03037,42.38282],[21.02791,42.38245],[21.02252,42.38232],[21.02061,42.38284],[21.01727,42.3834],[21.0136,42.38494],[21.01199,42.38587],[21.01117,42.38583],[21.01048,42.3855],[21.00969,42.38552],[21.00852,42.38403],[21.00619,42.38318],[21.00471,42.38403],[21.00201,42.38478],[20.99462,42.38918],[20.99065,42.38583],[20.98125,42.38612],[20.97979,42.38493],[20.97605,42.38126],[20.97684,42.37646],[20.97414,42.37537],[20.97362,42.37434],[20.96862,42.37334],[20.9601,42.37568],[20.96064,42.37479],[20.96083,42.37405],[20.96124,42.37363],[20.96134,42.37282],[20.96189,42.37245],[20.96245,42.37231],[20.96281,42.37166],[20.96429,42.37089],[20.96536,42.3701],[20.96545,42.36989],[20.96514,42.3695],[20.9672,42.36784],[20.96744,42.36705],[20.96885,42.36537],[20.97024,42.36491],[20.97094,42.36422],[20.97089,42.36322],[20.97113,42.36113],[20.97073,42.36046],[20.97046,42.35907],[20.97051,42.35865],[20.97099,42.35796],[20.97199,42.35741],[20.97223,42.3571],[20.97222,42.35681],[20.97276,42.35639],[20.97271,42.35319],[20.9722,42.35128],[20.97173,42.35027],[20.97197,42.34897],[20.97271,42.34667],[20.97388,42.34509],[20.97652,42.34055],[20.97684,42.33935],[20.9768,42.33846],[20.97656,42.33791],[20.97488,42.33626],[20.97452,42.33544],[20.9747,42.33369],[20.97519,42.33271],[20.9753,42.33186],[20.97567,42.33124],[20.97856,42.32955],[20.97957,42.32862],[20.97949,42.32716],[20.97795,42.32603],[20.97741,42.3254],[20.97797,42.32407],[20.97731,42.32327],[20.97825,42.31843],[20.97946,42.31539],[20.98014,42.31278],[20.98076,42.31183],[20.98216,42.31138],[20.98338,42.31056],[20.98385,42.30945],[20.98383,42.30899],[20.98395,42.30919],[20.98761,42.31031],[20.99152,42.31106],[20.99388,42.31101],[20.99942,42.31132],[21.00089,42.31235],[21.0019,42.31267],[21.00317,42.31283],[21.00616,42.31242],[21.0082,42.31173],[21.00951,42.31092],[21.01146,42.3101],[21.01279,42.30996],[21.01663,42.30884],[21.02015,42.3065],[21.02108,42.30617],[21.02254,42.30515],[21.02371,42.30464],[21.02459,42.30383],[21.03067,42.30058],[21.03572,42.29842],[21.03623,42.29895],[21.03646,42.30052],[21.03727,42.30187],[21.03745,42.30384],[21.03765,42.30406],[21.0394,42.30491],[21.0401,42.3059],[21.04001,42.30782],[21.04017,42.30877],[21.04001,42.30967],[21.04283,42.31154],[21.0436,42.31263],[21.04354,42.31292],[21.04424,42.31431],[21.04385,42.31522],[21.04346,42.31539],[21.04295,42.31634],[21.04283,42.31691],[21.04184,42.31763],[21.041,42.31869],[21.04088,42.31902],[21.04104,42.32036],[21.04166,42.32132],[21.04167,42.32171],[21.04248,42.32231],[21.04259,42.32263],[21.04249,42.32348],[21.04267,42.32415],[21.04248,42.32455],[21.04291,42.32495],[21.04347,42.32607],[21.0435,42.32649],[21.04369,42.32657],[21.04387,42.32784],[21.04442,42.32824],[21.04474,42.32887],[21.04567,42.32937],[21.04581,42.3297],[21.04649,42.33011],[21.04699,42.33089],[21.0467,42.3311],[21.04728,42.33261],[21.04904,42.33158],[21.05245,42.33173],[21.05319,42.33153],[21.05467,42.33065],[21.0575,42.32976],[21.0593,42.32859],[21.05977,42.32843],[21.06016,42.32801],[21.06336,42.32817],[21.06299,42.32742],[21.06329,42.32713],[21.0642,42.32479],[21.06457,42.3242],[21.0653,42.32364],[21.06579,42.32201],[21.06568,42.32124],[21.06624,42.3206],[21.0664,42.3206],[21.06821,42.31837],[21.06818,42.31793],[21.06833,42.31771],[21.069,42.31716],[21.07373,42.31624],[21.07511,42.31505],[21.07473,42.31468],[21.07419,42.31336],[21.07425,42.31312],[21.07465,42.31259],[21.07582,42.31171],[21.07693,42.31154],[21.08383,42.30911],[21.08591,42.30899],[21.08634,42.30877],[21.08679,42.30789],[21.08763,42.30725],[21.08797,42.30661],[21.08888,42.30626],[21.09021,42.30624],[21.09072,42.30665],[21.09274,42.30649],[21.09421,42.30625],[21.09501,42.30558],[21.09527,42.30561],[21.0955,42.30516],[21.09587,42.30499],[21.09567,42.30414],[21.09584,42.30345],[21.09648,42.30292],[21.09699,42.30179],[21.0987,42.29983],[21.09939,42.29927],[21.09982,42.29915],[21.10083,42.29941],[21.10135,42.29918],[21.10164,42.29862],[21.10122,42.29671],[21.10166,42.29415],[21.10411,42.29111],[21.10524,42.29037],[21.10621,42.28874],[21.1075,42.28845],[21.10901,42.28786],[21.11072,42.28767],[21.1119,42.28733]]]}},{"type":"Feature","properties":{"name":"Fushë Kosovë","slug":"fushe-kosove","sourceName":"Fushë Kosovë"},"geometry":{"type":"Polygon","coordinates":[[[20.97029,42.64863],[20.97069,42.64827],[20.97107,42.64739],[20.97017,42.64549],[20.96957,42.64499],[20.96945,42.64472],[20.96968,42.64434],[20.97115,42.64356],[20.97157,42.64249],[20.97206,42.64224],[20.97359,42.64091],[20.97376,42.64051],[20.97427,42.64035],[20.9747,42.63991],[20.97564,42.63846],[20.97672,42.63726],[20.97719,42.63696],[20.97784,42.63599],[20.9786,42.63523],[20.97915,42.63486],[20.98104,42.63483],[20.98525,42.6329],[20.98634,42.63078],[20.98575,42.63031],[20.98444,42.6279],[20.98404,42.62756],[20.98316,42.62605],[20.98284,42.62511],[20.98175,42.62353],[20.98161,42.62289],[20.97949,42.62041],[20.97981,42.62007],[20.97936,42.61954],[20.97814,42.61893],[20.97768,42.61907],[20.97701,42.61826],[20.97576,42.61728],[20.97297,42.61568],[20.97205,42.61481],[20.97109,42.61353],[20.97109,42.61226],[20.97152,42.61136],[20.9721,42.6106],[20.97228,42.60998],[20.97195,42.60754],[20.97257,42.60682],[20.97338,42.60623],[20.97361,42.60546],[20.97322,42.60534],[20.97287,42.60496],[20.97163,42.60423],[20.97084,42.60396],[20.96793,42.60173],[20.96592,42.60102],[20.9658,42.60036],[20.96529,42.5995],[20.9671,42.59877],[20.97454,42.59711],[20.97582,42.59692],[20.97808,42.59689],[20.97923,42.59668],[20.97926,42.59633],[20.97886,42.59536],[20.97887,42.59477],[20.97955,42.59075],[20.9803,42.58988],[20.98107,42.58796],[20.9802,42.58681],[20.97988,42.58614],[20.97973,42.58532],[20.98006,42.58405],[20.98057,42.5796],[20.98019,42.57517],[20.97711,42.57017],[20.98932,42.57275],[20.99036,42.57384],[20.9906,42.57441],[20.99166,42.57576],[20.99241,42.57621],[20.99512,42.57731],[20.9987,42.57691],[21.00016,42.57697],[21.00124,42.57793],[21.00412,42.57797],[21.0054,42.57829],[21.00606,42.57768],[21.01242,42.57975],[21.0152,42.57953],[21.01543,42.5798],[21.01639,42.58007],[21.01642,42.58021],[21.02311,42.58157],[21.02136,42.58528],[21.02465,42.58629],[21.02816,42.58683],[21.02927,42.58828],[21.02991,42.58857],[21.02958,42.58893],[21.02998,42.5892],[21.03057,42.58907],[21.03099,42.58862],[21.03431,42.58878],[21.03475,42.58861],[21.03506,42.5888],[21.03584,42.58868],[21.03621,42.58889],[21.03643,42.58823],[21.03854,42.5887],[21.03889,42.58786],[21.0404,42.5882],[21.04121,42.5862],[21.04493,42.58684],[21.04546,42.58711],[21.04843,42.58775],[21.04894,42.58351],[21.04885,42.58317],[21.04908,42.5832],[21.04907,42.58344],[21.04929,42.58363],[21.05064,42.58442],[21.05146,42.58463],[21.05212,42.58452],[21.05223,42.58484],[21.05283,42.58547],[21.05277,42.58611],[21.05375,42.58611],[21.05382,42.58707],[21.05631,42.58724],[21.05592,42.58817],[21.05752,42.58871],[21.05817,42.58867],[21.05807,42.58882],[21.05873,42.58901],[21.05857,42.58929],[21.05817,42.58948],[21.0581,42.59001],[21.05746,42.59009],[21.05755,42.59072],[21.05728,42.59096],[21.05737,42.59182],[21.05645,42.59219],[21.05688,42.59367],[21.05611,42.59414],[21.05548,42.5952],[21.05691,42.59486],[21.06132,42.59584],[21.06132,42.59632],[21.06692,42.59655],[21.06716,42.5959],[21.07237,42.59582],[21.07232,42.59519],[21.07251,42.59411],[21.0766,42.59386],[21.07672,42.59323],[21.07773,42.5932],[21.07803,42.59333],[21.08195,42.59289],[21.08191,42.59251],[21.08323,42.59243],[21.08314,42.59176],[21.08795,42.59145],[21.088,42.59033],[21.08918,42.59033],[21.08918,42.58998],[21.09047,42.58999],[21.0904,42.59079],[21.09307,42.58537],[21.09315,42.58474],[21.0937,42.58342],[21.09617,42.57908],[21.1007,42.56972],[21.1074,42.57146],[21.10495,42.57631],[21.10786,42.57851],[21.10748,42.57893],[21.10715,42.58002],[21.10513,42.57969],[21.10312,42.58053],[21.10124,42.58067],[21.09959,42.58411],[21.10057,42.58544],[21.1009,42.58638],[21.10176,42.59261],[21.10124,42.59512],[21.10452,42.59453],[21.10405,42.59498],[21.1035,42.59517],[21.10325,42.59589],[21.10328,42.59627],[21.10398,42.59672],[21.10381,42.59718],[21.10436,42.59746],[21.10473,42.59806],[21.10504,42.5981],[21.1053,42.59791],[21.10573,42.598],[21.10591,42.59826],[21.10619,42.59819],[21.10832,42.60121],[21.10929,42.60109],[21.11221,42.6057],[21.11426,42.608],[21.11504,42.60867],[21.11555,42.60945],[21.11553,42.61034],[21.11469,42.61288],[21.11269,42.61781],[21.11124,42.6175],[21.10929,42.61677],[21.10487,42.61502],[21.10466,42.61478],[21.10409,42.61532],[21.10411,42.61563],[21.09937,42.61965],[21.09932,42.62025],[21.09831,42.6235],[21.09922,42.62398],[21.09885,42.62636],[21.09859,42.62651],[21.09775,42.6284],[21.09843,42.62856],[21.09835,42.62932],[21.09796,42.62942],[21.10009,42.63],[21.10004,42.63043],[21.09856,42.63081],[21.09851,42.63111],[21.09915,42.63138],[21.09823,42.63284],[21.09956,42.63372],[21.09947,42.63383],[21.10031,42.63387],[21.1005,42.63411],[21.10137,42.63427],[21.10125,42.63444],[21.10222,42.63456],[21.10207,42.63483],[21.10237,42.63503],[21.10232,42.63513],[21.10319,42.63521],[21.10357,42.63558],[21.10411,42.63561],[21.10431,42.6358],[21.10417,42.63604],[21.10433,42.63624],[21.10452,42.63629],[21.10476,42.63604],[21.10595,42.63616],[21.10576,42.63666],[21.10609,42.63682],[21.10417,42.63954],[21.10404,42.63986],[21.10426,42.63994],[21.10389,42.64052],[21.10485,42.6408],[21.10504,42.64048],[21.10569,42.64066],[21.10577,42.64051],[21.10638,42.6407],[21.10626,42.64088],[21.10678,42.64105],[21.10871,42.63766],[21.10877,42.63729],[21.10951,42.63712],[21.10962,42.63734],[21.10994,42.6371],[21.11025,42.6371],[21.11053,42.63769],[21.11148,42.63805],[21.11202,42.63871],[21.11378,42.63863],[21.11185,42.64202],[21.11213,42.64211],[21.11177,42.64276],[21.11196,42.64282],[21.11186,42.6442],[21.10967,42.64401],[21.10886,42.64683],[21.11528,42.64825],[21.12283,42.65223],[21.12344,42.65236],[21.1233,42.65373],[21.1209,42.66043],[21.10861,42.66104],[21.10337,42.66114],[21.10187,42.66132],[21.10174,42.66114],[21.09835,42.66087],[21.09033,42.65969],[21.09119,42.65615],[21.0879,42.65579],[21.08752,42.65243],[21.08719,42.65257],[21.08718,42.6529],[21.08645,42.65287],[21.08636,42.65329],[21.08611,42.6534],[21.08565,42.65307],[21.08526,42.65358],[21.08465,42.6535],[21.08457,42.65385],[21.08204,42.6533],[21.08206,42.65477],[21.07962,42.65444],[21.07949,42.65463],[21.07808,42.65489],[21.07723,42.65531],[21.07664,42.65519],[21.07679,42.65464],[21.07707,42.65453],[21.07667,42.65324],[21.07696,42.65222],[21.07743,42.6519],[21.07459,42.65104],[21.07575,42.64842],[21.07342,42.64781],[21.07297,42.64748],[21.07286,42.64854],[21.0725,42.64851],[21.07222,42.65009],[21.07208,42.65007],[21.07156,42.65097],[21.07235,42.65165],[21.07261,42.65221],[21.07217,42.65403],[21.07174,42.6551],[21.07187,42.65544],[21.07154,42.65562],[21.07121,42.6563],[21.07152,42.65687],[21.07211,42.65694],[21.07273,42.65741],[21.07139,42.65779],[21.0696,42.65708],[21.06856,42.6577],[21.06596,42.65821],[21.06546,42.65753],[21.06565,42.6566],[21.06348,42.65641],[21.05997,42.65577],[21.06014,42.65532],[21.05759,42.65514],[21.05785,42.65395],[21.05779,42.65248],[21.05669,42.65247],[21.05639,42.65062],[21.05533,42.6506],[21.05421,42.64785],[21.05094,42.64785],[21.04914,42.64693],[21.0475,42.64753],[21.04814,42.64854],[21.04937,42.64945],[21.04612,42.65018],[21.0426,42.64888],[21.04185,42.64917],[21.03996,42.64952],[21.03846,42.64953],[21.03658,42.6491],[21.03652,42.65139],[21.0356,42.65126],[21.03379,42.64927],[21.03191,42.65032],[21.03035,42.65184],[21.02966,42.6516],[21.02894,42.6526],[21.02811,42.6516],[21.02832,42.6512],[21.02701,42.64995],[21.02655,42.65083],[21.02557,42.65061],[21.02498,42.65176],[21.02264,42.65111],[21.02053,42.65553],[21.01927,42.65618],[21.02028,42.65702],[21.01971,42.65821],[21.01989,42.65888],[21.01956,42.66024],[21.01834,42.66044],[21.01676,42.66016],[21.01528,42.66021],[21.01377,42.66006],[21.01309,42.65985],[21.01257,42.66025],[21.01121,42.66086],[21.01098,42.66119],[21.01107,42.66347],[21.01066,42.66612],[21.01037,42.66679],[21.00917,42.66675],[21.00628,42.66613],[21.00644,42.66457],[21.00635,42.66322],[21.00577,42.66207],[21.00582,42.66165],[21.00465,42.66047],[21.00481,42.66035],[21.00369,42.65953],[21.00052,42.65882],[21.00074,42.65839],[20.9989,42.65804],[20.99766,42.65706],[20.99776,42.6564],[20.99982,42.65424],[20.99959,42.6541],[20.99967,42.65386],[21.00046,42.65332],[21.00028,42.65322],[21.00133,42.65241],[21.00188,42.65174],[21.00072,42.65151],[21.00022,42.65159],[20.99893,42.65239],[20.99894,42.6529],[20.99809,42.65357],[20.99732,42.65391],[20.99637,42.65389],[20.99575,42.6534],[20.99568,42.65295],[20.99522,42.65229],[20.99353,42.65182],[20.99371,42.65131],[20.99347,42.65122],[20.99239,42.65159],[20.99168,42.65097],[20.99045,42.65077],[20.98476,42.65118],[20.98299,42.64973],[20.97877,42.64905],[20.97805,42.64933],[20.9777,42.64977],[20.97628,42.65008],[20.97523,42.64937],[20.97471,42.6494],[20.97189,42.64821],[20.97156,42.64822],[20.97074,42.64863],[20.97029,42.64863]]]}},{"type":"Feature","properties":{"name":"Graçanicë","slug":"gracanice","sourceName":"Graçanicë"},"geometry":{"type":"Polygon","coordinates":[[[21.04908,42.5832],[21.04892,42.58222],[21.04824,42.5812],[21.04852,42.58053],[21.04845,42.58022],[21.04808,42.58007],[21.04752,42.58012],[21.04713,42.57975],[21.04692,42.57892],[21.04511,42.57679],[21.04177,42.57618],[21.03981,42.57536],[21.0403,42.57441],[21.03951,42.57038],[21.03974,42.56916],[21.04034,42.56866],[21.03986,42.56824],[21.03996,42.56795],[21.03968,42.56758],[21.03915,42.56716],[21.0392,42.56601],[21.03997,42.56568],[21.04319,42.56182],[21.04476,42.56268],[21.04573,42.56166],[21.04862,42.56295],[21.04952,42.56027],[21.05277,42.56081],[21.05275,42.56104],[21.0556,42.56123],[21.05573,42.56106],[21.05743,42.56142],[21.05731,42.56122],[21.05751,42.56098],[21.05775,42.56105],[21.05778,42.56158],[21.05926,42.56215],[21.05999,42.56223],[21.06162,42.56221],[21.0622,42.56196],[21.06378,42.56174],[21.0642,42.56125],[21.06448,42.5606],[21.06447,42.55993],[21.06402,42.55869],[21.06397,42.55806],[21.06426,42.55688],[21.06469,42.55632],[21.06657,42.55531],[21.06606,42.5548],[21.06927,42.55297],[21.06723,42.55189],[21.06457,42.55078],[21.0623,42.55027],[21.06232,42.54974],[21.06407,42.54724],[21.06413,42.54661],[21.06812,42.54672],[21.0698,42.54686],[21.07053,42.54708],[21.07262,42.54521],[21.07387,42.54581],[21.07244,42.54701],[21.0742,42.54747],[21.07662,42.5478],[21.07677,42.54793],[21.0767,42.54816],[21.07685,42.54822],[21.07812,42.54649],[21.07993,42.54704],[21.08098,42.54699],[21.08116,42.54686],[21.08114,42.5465],[21.08093,42.54614],[21.08018,42.54578],[21.08008,42.54544],[21.08051,42.54514],[21.08284,42.54433],[21.08302,42.54378],[21.08336,42.54372],[21.08361,42.54387],[21.08447,42.54338],[21.08595,42.54324],[21.0862,42.54243],[21.08569,42.54188],[21.08687,42.54152],[21.0868,42.54084],[21.08584,42.54084],[21.08551,42.54053],[21.08574,42.54018],[21.08557,42.53983],[21.08621,42.53708],[21.08727,42.53679],[21.08818,42.53704],[21.08813,42.536],[21.08835,42.53574],[21.0889,42.53576],[21.08921,42.53602],[21.09004,42.53626],[21.09056,42.53461],[21.09063,42.53333],[21.09088,42.53321],[21.092,42.53329],[21.09326,42.53371],[21.09436,42.53297],[21.09423,42.53277],[21.09361,42.53296],[21.09259,42.53254],[21.09241,42.53189],[21.09255,42.53166],[21.09365,42.53185],[21.09402,42.53173],[21.09403,42.53133],[21.09353,42.53094],[21.09348,42.53058],[21.09376,42.53052],[21.09406,42.53067],[21.09439,42.53036],[21.09503,42.53044],[21.09486,42.53025],[21.09461,42.52873],[21.0957,42.52876],[21.09714,42.52924],[21.0974,42.52988],[21.09813,42.52997],[21.09774,42.53044],[21.09891,42.53088],[21.10033,42.53112],[21.10023,42.53127],[21.10212,42.53238],[21.10291,42.53264],[21.10457,42.53278],[21.10458,42.53317],[21.10643,42.53257],[21.11478,42.53564],[21.11549,42.53447],[21.11752,42.53509],[21.11759,42.53497],[21.11826,42.53506],[21.11801,42.53535],[21.11895,42.53709],[21.12283,42.54294],[21.12313,42.54282],[21.12459,42.54486],[21.12658,42.54873],[21.12808,42.55297],[21.12914,42.55817],[21.13025,42.56099],[21.13424,42.56065],[21.1399,42.5621],[21.14111,42.55779],[21.14212,42.55809],[21.14321,42.55592],[21.14609,42.55191],[21.14624,42.55049],[21.14646,42.54979],[21.14742,42.54855],[21.14703,42.54824],[21.14764,42.54755],[21.14855,42.54699],[21.14764,42.54549],[21.14766,42.54458],[21.14903,42.54644],[21.14948,42.54623],[21.14912,42.54582],[21.14932,42.5457],[21.14852,42.54456],[21.14883,42.54443],[21.14945,42.54354],[21.15,42.54363],[21.15026,42.54331],[21.14653,42.54116],[21.14884,42.53953],[21.14768,42.53877],[21.14703,42.53864],[21.14898,42.53579],[21.14957,42.53599],[21.15045,42.53443],[21.14695,42.53329],[21.14737,42.53244],[21.14649,42.53193],[21.14732,42.52976],[21.14796,42.52658],[21.14965,42.52207],[21.1513,42.5227],[21.1559,42.52375],[21.15935,42.52413],[21.15967,42.52196],[21.16075,42.52159],[21.16123,42.5216],[21.16127,42.5214],[21.16191,42.52153],[21.16281,42.51894],[21.16353,42.51975],[21.16465,42.52003],[21.16486,42.52121],[21.16543,42.52101],[21.16554,42.51996],[21.16587,42.51906],[21.16661,42.51731],[21.16743,42.5162],[21.16769,42.51555],[21.16785,42.51367],[21.16762,42.51316],[21.16768,42.51293],[21.16984,42.51358],[21.1734,42.51431],[21.17401,42.51211],[21.17483,42.5122],[21.17488,42.51189],[21.17557,42.51191],[21.17564,42.5117],[21.17602,42.51176],[21.17595,42.5121],[21.17613,42.51213],[21.17833,42.51179],[21.17744,42.51531],[21.1775,42.51558],[21.18054,42.51664],[21.18044,42.51718],[21.18176,42.51756],[21.18194,42.51711],[21.1852,42.51808],[21.18513,42.51822],[21.18655,42.51851],[21.18732,42.51665],[21.1884,42.51717],[21.18893,42.51723],[21.18838,42.51916],[21.19059,42.51899],[21.19163,42.51854],[21.19259,42.51835],[21.19493,42.51837],[21.19681,42.51865],[21.1978,42.51858],[21.19805,42.52065],[21.19869,42.52167],[21.19821,42.52207],[21.1989,42.52353],[21.20009,42.52286],[21.20132,42.52244],[21.20149,42.52314],[21.19943,42.52372],[21.19856,42.52455],[21.19835,42.525],[21.19671,42.52482],[21.19601,42.52493],[21.1961,42.52642],[21.19574,42.52647],[21.19602,42.52856],[21.19628,42.52877],[21.19681,42.52878],[21.19706,42.52963],[21.19958,42.52921],[21.20058,42.53278],[21.20023,42.53282],[21.20037,42.53366],[21.20058,42.53361],[21.2013,42.53506],[21.20014,42.53548],[21.20065,42.53634],[21.19914,42.53731],[21.19788,42.5391],[21.19856,42.53872],[21.19926,42.53938],[21.19969,42.54037],[21.20396,42.53902],[21.20445,42.53854],[21.20464,42.53802],[21.20506,42.5377],[21.20622,42.53702],[21.20786,42.53634],[21.2113,42.53576],[21.21153,42.53582],[21.21091,42.53742],[21.21111,42.5375],[21.21178,42.5376],[21.21359,42.53745],[21.21561,42.53684],[21.21559,42.53703],[21.21597,42.53711],[21.21595,42.53739],[21.21647,42.53766],[21.21643,42.53835],[21.21814,42.53815],[21.21813,42.53851],[21.21832,42.53861],[21.22019,42.53848],[21.22383,42.53755],[21.22473,42.53777],[21.22627,42.53761],[21.22671,42.53746],[21.22735,42.53698],[21.2303,42.53649],[21.23051,42.53621],[21.23056,42.53558],[21.23222,42.53286],[21.23224,42.53249],[21.23292,42.53296],[21.23387,42.53332],[21.23436,42.53258],[21.23354,42.53228],[21.23384,42.53161],[21.23421,42.52944],[21.23865,42.53015],[21.24065,42.53024],[21.24127,42.52994],[21.24243,42.5302],[21.2425,42.53007],[21.24387,42.53048],[21.24515,42.53016],[21.24694,42.53028],[21.248,42.52987],[21.24933,42.52974],[21.25107,42.529],[21.25162,42.52834],[21.25177,42.52839],[21.25216,42.52722],[21.25512,42.52786],[21.25519,42.52755],[21.25881,42.52776],[21.26277,42.5287],[21.26364,42.52786],[21.264,42.52786],[21.26414,42.52811],[21.26388,42.52862],[21.26497,42.52882],[21.26573,42.52925],[21.26575,42.5298],[21.26523,42.53034],[21.26489,42.53146],[21.2649,42.53192],[21.26404,42.532],[21.26343,42.53236],[21.26301,42.53238],[21.25861,42.53386],[21.25717,42.53404],[21.25702,42.5346],[21.25031,42.53539],[21.24979,42.53572],[21.24385,42.53796],[21.23943,42.53759],[21.23876,42.53773],[21.23639,42.53848],[21.23662,42.53879],[21.23631,42.54055],[21.23615,42.54064],[21.23589,42.54042],[21.23633,42.53928],[21.23607,42.53854],[21.23466,42.53823],[21.23129,42.53965],[21.23222,42.54104],[21.23227,42.54154],[21.23173,42.54178],[21.23066,42.54174],[21.23064,42.5415],[21.22985,42.54153],[21.22877,42.54217],[21.22514,42.54257],[21.22406,42.54254],[21.22361,42.54297],[21.21928,42.54417],[21.21991,42.54659],[21.21988,42.54781],[21.22068,42.54789],[21.22239,42.54754],[21.22287,42.54696],[21.2244,42.54652],[21.22489,42.54729],[21.22539,42.54859],[21.22591,42.54882],[21.2286,42.54914],[21.22985,42.54863],[21.23138,42.54833],[21.23164,42.54903],[21.23223,42.54983],[21.23292,42.55148],[21.23393,42.55143],[21.23391,42.55214],[21.23084,42.55272],[21.23106,42.55356],[21.22971,42.5537],[21.22596,42.55468],[21.2247,42.55481],[21.22416,42.55603],[21.22327,42.55584],[21.2225,42.55548],[21.22165,42.55484],[21.2208,42.55443],[21.21952,42.55426],[21.21788,42.55357],[21.21757,42.55376],[21.21799,42.55417],[21.21655,42.55497],[21.21644,42.55458],[21.21581,42.55508],[21.21545,42.55554],[21.21597,42.5558],[21.21362,42.55744],[21.21239,42.55924],[21.21225,42.55974],[21.21344,42.55975],[21.2148,42.56002],[21.21642,42.5611],[21.218,42.56412],[21.21823,42.56509],[21.21801,42.56586],[21.21888,42.56832],[21.22144,42.57068],[21.22248,42.5709],[21.22462,42.57285],[21.22847,42.57303],[21.22842,42.57326],[21.22752,42.57368],[21.22715,42.57419],[21.22728,42.57456],[21.22552,42.57417],[21.22522,42.57426],[21.22499,42.57478],[21.22492,42.57538],[21.22522,42.57612],[21.22572,42.57673],[21.22534,42.57857],[21.22586,42.57864],[21.22652,42.57935],[21.22562,42.57983],[21.22642,42.58052],[21.22655,42.58249],[21.22619,42.58497],[21.22708,42.58718],[21.22694,42.58779],[21.22603,42.58902],[21.226,42.58959],[21.22786,42.5911],[21.22972,42.5916],[21.22934,42.59399],[21.22926,42.59568],[21.22989,42.59641],[21.23372,42.5975],[21.2343,42.59966],[21.23885,42.60453],[21.2394,42.60453],[21.24003,42.60478],[21.24032,42.60511],[21.2413,42.60567],[21.2411,42.60609],[21.24219,42.60859],[21.24002,42.60985],[21.23936,42.61045],[21.2394,42.61075],[21.24133,42.61088],[21.24291,42.61227],[21.24358,42.61244],[21.2439,42.61286],[21.24478,42.61299],[21.24394,42.61366],[21.24349,42.61374],[21.24157,42.61379],[21.24027,42.61332],[21.23951,42.61339],[21.23848,42.61367],[21.23617,42.61519],[21.23559,42.61599],[21.23462,42.61658],[21.23477,42.61691],[21.23194,42.62056],[21.23095,42.62167],[21.22932,42.62304],[21.22935,42.6234],[21.22893,42.62355],[21.22732,42.62248],[21.22558,42.62382],[21.22546,42.62418],[21.22507,42.62411],[21.2248,42.62291],[21.22365,42.62286],[21.22094,42.62394],[21.21676,42.62289],[21.21114,42.61907],[21.20762,42.61776],[21.20562,42.61724],[21.20465,42.61655],[21.20281,42.61611],[21.20084,42.61446],[21.19956,42.61531],[21.19721,42.61337],[21.19381,42.61107],[21.18907,42.60845],[21.18641,42.60874],[21.18567,42.60868],[21.18303,42.60529],[21.18073,42.60531],[21.17359,42.60491],[21.17355,42.60393],[21.17332,42.60347],[21.17265,42.60334],[21.17248,42.60273],[21.17172,42.60265],[21.16858,42.60179],[21.16681,42.60152],[21.16711,42.60457],[21.16751,42.6057],[21.16739,42.61112],[21.167,42.61319],[21.16702,42.61602],[21.1677,42.61808],[21.16657,42.61751],[21.16596,42.61676],[21.16504,42.61625],[21.16343,42.61494],[21.16152,42.61644],[21.16096,42.61743],[21.16057,42.61782],[21.15973,42.61789],[21.15862,42.61756],[21.15873,42.62163],[21.15859,42.62305],[21.15689,42.623],[21.15681,42.62325],[21.15578,42.62316],[21.15574,42.62384],[21.15259,42.62364],[21.15227,42.62458],[21.15041,42.62381],[21.14928,42.62533],[21.1491,42.62525],[21.14716,42.6236],[21.14527,42.62006],[21.14323,42.61672],[21.13912,42.61043],[21.13778,42.6087],[21.13298,42.60944],[21.13337,42.61166],[21.13091,42.611],[21.13046,42.61167],[21.13067,42.61177],[21.1297,42.61381],[21.12786,42.61297],[21.12677,42.61384],[21.12748,42.614],[21.12722,42.61497],[21.12805,42.61674],[21.12729,42.6168],[21.12662,42.61708],[21.12925,42.62638],[21.12966,42.62699],[21.12845,42.62746],[21.12869,42.62808],[21.12828,42.62821],[21.12798,42.62775],[21.12652,42.6286],[21.12578,42.6295],[21.12626,42.62971],[21.12587,42.63009],[21.12372,42.6305],[21.12334,42.63095],[21.12346,42.63115],[21.12255,42.63352],[21.12467,42.63402],[21.12858,42.63597],[21.13062,42.63723],[21.13318,42.6379],[21.13532,42.63826],[21.13366,42.6397],[21.13605,42.64148],[21.13556,42.64209],[21.13455,42.64233],[21.13189,42.64165],[21.13179,42.6415],[21.12986,42.64118],[21.12909,42.64091],[21.12892,42.64065],[21.12629,42.64022],[21.12557,42.64017],[21.12396,42.64054],[21.12259,42.64067],[21.11887,42.64073],[21.11553,42.63982],[21.11488,42.63945],[21.11455,42.63891],[21.11378,42.63863],[21.11202,42.63871],[21.11148,42.63805],[21.11053,42.63769],[21.11015,42.63705],[21.10962,42.63734],[21.10951,42.63712],[21.10877,42.63729],[21.10871,42.63766],[21.10678,42.64105],[21.10626,42.64088],[21.10638,42.6407],[21.10577,42.64051],[21.10569,42.64066],[21.10504,42.64048],[21.10485,42.6408],[21.10389,42.64052],[21.10426,42.63994],[21.10404,42.63986],[21.10609,42.63682],[21.10576,42.63666],[21.10595,42.63616],[21.10476,42.63604],[21.10452,42.63629],[21.10433,42.63624],[21.10417,42.63604],[21.10431,42.6358],[21.10411,42.63561],[21.10357,42.63558],[21.10319,42.63521],[21.10232,42.63513],[21.10237,42.63503],[21.10207,42.63483],[21.10222,42.63456],[21.10125,42.63444],[21.10137,42.63427],[21.1005,42.63411],[21.10031,42.63387],[21.09947,42.63383],[21.09956,42.63372],[21.09823,42.63284],[21.09915,42.63138],[21.09851,42.63111],[21.09856,42.63081],[21.10004,42.63043],[21.10009,42.63],[21.09796,42.62942],[21.09835,42.62932],[21.09843,42.62856],[21.09775,42.6284],[21.09859,42.62651],[21.09885,42.62636],[21.09922,42.62398],[21.09831,42.6235],[21.09932,42.62025],[21.09937,42.61965],[21.10411,42.61563],[21.10409,42.61532],[21.10466,42.61478],[21.10487,42.61502],[21.10929,42.61677],[21.11124,42.6175],[21.11269,42.61781],[21.11469,42.61288],[21.11553,42.61034],[21.11555,42.60945],[21.11504,42.60867],[21.11426,42.608],[21.11221,42.6057],[21.10929,42.60109],[21.10832,42.60121],[21.10619,42.59819],[21.10591,42.59826],[21.10573,42.598],[21.1053,42.59791],[21.10504,42.5981],[21.10473,42.59806],[21.10436,42.59746],[21.10381,42.59718],[21.10398,42.59672],[21.10328,42.59627],[21.10325,42.59589],[21.1035,42.59517],[21.10405,42.59498],[21.10452,42.59453],[21.10124,42.59512],[21.10176,42.59261],[21.1009,42.58638],[21.10057,42.58544],[21.09959,42.58411],[21.10124,42.58067],[21.10312,42.58053],[21.10513,42.57969],[21.10715,42.58002],[21.10748,42.57893],[21.10786,42.57851],[21.10495,42.57631],[21.1074,42.57146],[21.1007,42.56972],[21.09617,42.57908],[21.0937,42.58342],[21.09315,42.58474],[21.09307,42.58537],[21.0904,42.59079],[21.09047,42.58999],[21.08918,42.58998],[21.08918,42.59033],[21.088,42.59033],[21.08795,42.59145],[21.08314,42.59176],[21.08323,42.59243],[21.08191,42.59251],[21.08195,42.59289],[21.07803,42.59333],[21.07773,42.5932],[21.07672,42.59323],[21.0766,42.59386],[21.07251,42.59411],[21.07232,42.59519],[21.07237,42.59582],[21.06716,42.5959],[21.06692,42.59655],[21.06132,42.59632],[21.06132,42.59584],[21.05691,42.59486],[21.05548,42.5952],[21.05611,42.59414],[21.05688,42.59367],[21.05645,42.59219],[21.05737,42.59182],[21.05728,42.59096],[21.05755,42.59072],[21.05746,42.59009],[21.0581,42.59001],[21.05817,42.58948],[21.05857,42.58929],[21.05873,42.58901],[21.05807,42.58882],[21.05817,42.58867],[21.05752,42.58871],[21.05592,42.58817],[21.05631,42.58724],[21.05382,42.58707],[21.05375,42.58611],[21.05277,42.58611],[21.05283,42.58547],[21.05223,42.58484],[21.05212,42.58452],[21.05146,42.58463],[21.05064,42.58442],[21.04929,42.58363],[21.04907,42.58344],[21.04908,42.5832]]]}},{"type":"Feature","properties":{"name":"Gjakovë","slug":"gjakove","sourceName":"Gjakovë"},"geometry":{"type":"Polygon","coordinates":[[[20.53888,42.51973],[20.53852,42.51978],[20.53796,42.52052],[20.53665,42.52155],[20.53504,42.5223],[20.53385,42.52383],[20.53391,42.52416],[20.53437,42.52435],[20.53635,42.52447],[20.5369,42.52465],[20.53751,42.5251],[20.53817,42.52521],[20.53797,42.52591],[20.5372,42.52614],[20.53548,42.52621],[20.53479,42.527],[20.53458,42.52706],[20.53353,42.52643],[20.53291,42.52625],[20.53229,42.52619],[20.53157,42.52643],[20.5311,42.52688],[20.53128,42.52761],[20.53171,42.52804],[20.5327,42.52847],[20.53332,42.52984],[20.53322,42.53014],[20.53238,42.53065],[20.53028,42.53042],[20.52763,42.53103],[20.52766,42.53137],[20.52918,42.53236],[20.52908,42.53328],[20.5287,42.53387],[20.52803,42.53427],[20.52527,42.53418],[20.52506,42.53434],[20.52495,42.5352],[20.52571,42.53626],[20.52605,42.53728],[20.52796,42.53924],[20.52722,42.54023],[20.52604,42.54051],[20.52075,42.54013],[20.52011,42.54079],[20.51986,42.54172],[20.51991,42.54286],[20.52045,42.54387],[20.52002,42.54428],[20.51802,42.54441],[20.51677,42.54532],[20.5158,42.54636],[20.51535,42.54642],[20.51495,42.54626],[20.51307,42.54462],[20.51261,42.54472],[20.51247,42.54507],[20.51256,42.54571],[20.51232,42.54605],[20.51014,42.54769],[20.50964,42.54782],[20.50805,42.54746],[20.50696,42.54745],[20.50635,42.5479],[20.50571,42.54901],[20.50749,42.54986],[20.50775,42.55107],[20.50747,42.55153],[20.50574,42.55216],[20.50406,42.55212],[20.5016,42.55297],[20.50121,42.55281],[20.50079,42.55226],[20.5009,42.55184],[20.50049,42.55146],[20.49776,42.55142],[20.49732,42.55095],[20.49684,42.55084],[20.49611,42.55125],[20.4957,42.5513],[20.49434,42.55243],[20.49366,42.5527],[20.49297,42.55331],[20.49255,42.5545],[20.4927,42.55509],[20.49233,42.5565],[20.49128,42.55677],[20.48862,42.55635],[20.48802,42.55667],[20.48784,42.55715],[20.48865,42.55753],[20.48965,42.5583],[20.48964,42.55871],[20.48939,42.55905],[20.48747,42.55933],[20.4873,42.55958],[20.48763,42.5607],[20.48729,42.56095],[20.48675,42.56098],[20.48603,42.56069],[20.48501,42.55998],[20.48317,42.5606],[20.48006,42.56048],[20.47977,42.56071],[20.47975,42.56129],[20.47943,42.56159],[20.47896,42.56159],[20.47849,42.56149],[20.4779,42.56083],[20.47578,42.56048],[20.47293,42.56163],[20.47199,42.56186],[20.47138,42.56267],[20.47096,42.56293],[20.46832,42.563],[20.46567,42.56165],[20.4648,42.56177],[20.46373,42.56228],[20.46264,42.56224],[20.46047,42.56135],[20.45854,42.56111],[20.457,42.56065],[20.45138,42.56026],[20.44827,42.55928],[20.4453,42.5579],[20.44503,42.55789],[20.4451,42.55749],[20.44535,42.55744],[20.44603,42.55772],[20.44658,42.55679],[20.44673,42.55526],[20.4465,42.55397],[20.44766,42.5524],[20.44687,42.55122],[20.44693,42.55095],[20.44859,42.54955],[20.45044,42.54831],[20.45085,42.54774],[20.44945,42.5467],[20.44929,42.54638],[20.44943,42.54615],[20.44705,42.54531],[20.44691,42.54472],[20.44539,42.54296],[20.4452,42.54144],[20.44438,42.5409],[20.44392,42.54089],[20.4434,42.54064],[20.44225,42.5409],[20.43949,42.54093],[20.43848,42.54054],[20.43776,42.54059],[20.43658,42.53997],[20.43511,42.54001],[20.43315,42.53964],[20.43159,42.53971],[20.4279,42.5386],[20.42586,42.53855],[20.42483,42.53826],[20.42283,42.53698],[20.42249,42.5366],[20.4149,42.53561],[20.4124,42.5345],[20.40989,42.53419],[20.4081,42.5342],[20.40819,42.53382],[20.40799,42.53346],[20.40612,42.5308],[20.40486,42.53001],[20.40329,42.52653],[20.40773,42.52361],[20.40773,42.52144],[20.40822,42.52063],[20.40498,42.51829],[20.40227,42.51683],[20.40036,42.51503],[20.39901,42.51569],[20.39729,42.51611],[20.39487,42.51407],[20.39199,42.51308],[20.39086,42.51245],[20.3883,42.50962],[20.38781,42.50831],[20.38755,42.50631],[20.39282,42.50157],[20.39529,42.50004],[20.39452,42.49869],[20.3943,42.49754],[20.3938,42.49706],[20.39419,42.49586],[20.39514,42.49598],[20.39603,42.49632],[20.39713,42.4953],[20.39855,42.49432],[20.39767,42.49437],[20.39723,42.49316],[20.39617,42.49215],[20.39666,42.49082],[20.39634,42.48963],[20.39648,42.48848],[20.39259,42.48831],[20.39115,42.48798],[20.38957,42.48844],[20.38859,42.48901],[20.38794,42.48877],[20.38582,42.48874],[20.38338,42.48814],[20.38296,42.48773],[20.38305,42.48617],[20.38513,42.48491],[20.38523,42.48466],[20.38148,42.48369],[20.38138,42.4839],[20.38042,42.48392],[20.3788,42.48437],[20.37683,42.48465],[20.37559,42.48463],[20.37574,42.48457],[20.37576,42.48417],[20.37564,42.48166],[20.37572,42.48145],[20.37709,42.48035],[20.37679,42.48001],[20.37568,42.47931],[20.37479,42.47935],[20.37415,42.48007],[20.37243,42.47968],[20.37101,42.48081],[20.37095,42.48026],[20.37034,42.47962],[20.36977,42.47983],[20.36929,42.47975],[20.3692,42.47947],[20.3694,42.47903],[20.36991,42.47874],[20.37032,42.47805],[20.3683,42.47652],[20.36722,42.47678],[20.36641,42.47726],[20.36594,42.47702],[20.36549,42.47649],[20.36489,42.47709],[20.36424,42.47663],[20.36561,42.4753],[20.36533,42.47515],[20.36468,42.47558],[20.36421,42.47557],[20.36393,42.47529],[20.36374,42.47539],[20.36382,42.47564],[20.36344,42.47594],[20.3629,42.4759],[20.36344,42.47531],[20.36324,42.47481],[20.36297,42.47459],[20.36329,42.47409],[20.36388,42.47385],[20.36424,42.47337],[20.36408,42.47317],[20.36283,42.47269],[20.36198,42.4725],[20.36156,42.47248],[20.36121,42.47288],[20.36088,42.47284],[20.35925,42.47115],[20.35891,42.47123],[20.35889,42.47212],[20.3586,42.47237],[20.35871,42.47269],[20.35802,42.47346],[20.35849,42.4742],[20.35841,42.47465],[20.35782,42.475],[20.35758,42.47553],[20.35722,42.47576],[20.3575,42.47681],[20.35801,42.47704],[20.35823,42.4777],[20.35781,42.47836],[20.35777,42.47918],[20.35665,42.47963],[20.35601,42.48096],[20.35546,42.4812],[20.35502,42.48172],[20.35489,42.4822],[20.35508,42.48285],[20.3545,42.48364],[20.35439,42.48424],[20.35386,42.48466],[20.35319,42.48466],[20.35244,42.48398],[20.35147,42.48363],[20.35063,42.48362],[20.35045,42.48153],[20.34835,42.48137],[20.34525,42.48152],[20.34159,42.48039],[20.3398,42.4787],[20.33839,42.47696],[20.33766,42.47694],[20.33672,42.47621],[20.33568,42.47591],[20.3375,42.47404],[20.3369,42.47371],[20.33733,42.47314],[20.3322,42.4712],[20.33259,42.47002],[20.32656,42.46831],[20.32755,42.46769],[20.32852,42.4674],[20.32874,42.46704],[20.3305,42.46691],[20.33079,42.46658],[20.33134,42.46647],[20.33155,42.46604],[20.33138,42.46587],[20.33317,42.46514],[20.33405,42.46436],[20.33367,42.46382],[20.33477,42.46391],[20.33548,42.46358],[20.33591,42.46359],[20.33583,42.46304],[20.33622,42.46204],[20.33604,42.46093],[20.3364,42.46041],[20.33685,42.46015],[20.33736,42.45955],[20.33871,42.45923],[20.33824,42.45754],[20.3384,42.45713],[20.33837,42.45644],[20.34044,42.45464],[20.34239,42.45504],[20.34316,42.45404],[20.34345,42.45322],[20.34257,42.45255],[20.3416,42.45242],[20.34146,42.4528],[20.34057,42.45265],[20.3372,42.45142],[20.33721,42.45118],[20.33644,42.45081],[20.33611,42.45082],[20.33559,42.4502],[20.33506,42.44997],[20.33454,42.4488],[20.33304,42.44907],[20.33206,42.44881],[20.33162,42.44885],[20.33144,42.44916],[20.33122,42.44921],[20.33084,42.44878],[20.3303,42.44899],[20.32472,42.44577],[20.32398,42.44675],[20.32357,42.44826],[20.32296,42.4496],[20.32291,42.4504],[20.32273,42.45065],[20.323,42.4508],[20.32256,42.45117],[20.32112,42.45343],[20.32057,42.45404],[20.32069,42.45333],[20.32055,42.45343],[20.31936,42.45485],[20.31895,42.45662],[20.31802,42.45789],[20.31707,42.45985],[20.31676,42.45974],[20.31652,42.4599],[20.31591,42.45971],[20.31506,42.46127],[20.31519,42.46164],[20.31503,42.46195],[20.31423,42.46289],[20.31378,42.46305],[20.31311,42.46284],[20.31281,42.46217],[20.31333,42.46194],[20.31426,42.46081],[20.31445,42.46035],[20.31434,42.45903],[20.31367,42.45813],[20.31283,42.45832],[20.3125,42.45821],[20.31239,42.45753],[20.31262,42.45725],[20.31235,42.4569],[20.31236,42.45653],[20.31156,42.45644],[20.31179,42.45516],[20.31212,42.45476],[20.31253,42.45331],[20.31221,42.45189],[20.31237,42.45118],[20.3123,42.45066],[20.31102,42.45097],[20.31056,42.45137],[20.30977,42.45164],[20.31019,42.45207],[20.31019,42.45242],[20.30818,42.45444],[20.30745,42.45467],[20.30678,42.45519],[20.30621,42.45524],[20.3058,42.45581],[20.30568,42.45663],[20.30546,42.45625],[20.30489,42.45592],[20.30497,42.45584],[20.30472,42.45582],[20.3043,42.45615],[20.30376,42.45614],[20.30347,42.45653],[20.30307,42.45672],[20.30281,42.45735],[20.30135,42.45803],[20.30053,42.4581],[20.29979,42.45856],[20.29968,42.45879],[20.29912,42.45828],[20.29992,42.45789],[20.29967,42.45766],[20.29811,42.45799],[20.29633,42.45902],[20.29605,42.45883],[20.29604,42.45828],[20.29559,42.45789],[20.29465,42.45759],[20.29441,42.4579],[20.2933,42.45829],[20.29306,42.45816],[20.29314,42.45778],[20.29393,42.45731],[20.29406,42.45705],[20.29275,42.45704],[20.29188,42.45736],[20.29143,42.45672],[20.29169,42.45661],[20.29089,42.45645],[20.28977,42.45583],[20.28928,42.45644],[20.28994,42.45672],[20.28999,42.45685],[20.2898,42.45698],[20.28836,42.45694],[20.28765,42.45738],[20.28744,42.45774],[20.28641,42.45738],[20.28574,42.45827],[20.28452,42.45786],[20.28411,42.45847],[20.28316,42.45827],[20.28441,42.45687],[20.28281,42.45666],[20.28111,42.45863],[20.27954,42.45819],[20.27855,42.45811],[20.27838,42.45895],[20.2781,42.459],[20.27767,42.45946],[20.27699,42.45939],[20.27692,42.45889],[20.27428,42.46028],[20.27355,42.45938],[20.27236,42.45922],[20.2723,42.45951],[20.27188,42.45966],[20.27164,42.46004],[20.27141,42.46092],[20.27141,42.46202],[20.2711,42.46319],[20.27052,42.46294],[20.26971,42.46473],[20.26834,42.46511],[20.26828,42.46613],[20.26617,42.46617],[20.26592,42.46493],[20.26531,42.46412],[20.26478,42.46424],[20.26357,42.46524],[20.26226,42.46528],[20.26213,42.46506],[20.26151,42.46522],[20.26071,42.46555],[20.25984,42.46617],[20.25718,42.46722],[20.25567,42.46707],[20.25433,42.46713],[20.25433,42.46738],[20.25392,42.46803],[20.25315,42.46887],[20.25304,42.46923],[20.25265,42.46949],[20.25341,42.47002],[20.25351,42.47028],[20.25325,42.47062],[20.24974,42.47075],[20.24811,42.47046],[20.24719,42.47066],[20.24686,42.4705],[20.24559,42.47342],[20.24458,42.47425],[20.24409,42.47429],[20.24369,42.47465],[20.24328,42.47423],[20.24186,42.47383],[20.2408,42.47416],[20.23996,42.47461],[20.23931,42.47444],[20.23863,42.47448],[20.23692,42.4739],[20.23561,42.47397],[20.23515,42.4744],[20.23523,42.47482],[20.23463,42.47522],[20.2345,42.47576],[20.23367,42.47586],[20.2335,42.47605],[20.23339,42.4769],[20.23231,42.47678],[20.23138,42.47689],[20.23092,42.47712],[20.2306,42.47839],[20.23078,42.47902],[20.22997,42.47961],[20.22869,42.48121],[20.22822,42.48136],[20.22762,42.48187],[20.22696,42.4818],[20.22621,42.48133],[20.22573,42.48158],[20.22488,42.4817],[20.22415,42.48153],[20.22269,42.48168],[20.22192,42.48221],[20.22104,42.4823],[20.2196,42.48201],[20.21943,42.4818],[20.21909,42.48173],[20.21863,42.48194],[20.21845,42.48225],[20.21708,42.4829],[20.21529,42.48453],[20.21547,42.48506],[20.21547,42.4863],[20.21512,42.48696],[20.21476,42.48729],[20.2139,42.48762],[20.21198,42.48894],[20.21099,42.48916],[20.21001,42.4896],[20.20784,42.48986],[20.20575,42.49062],[20.20537,42.49102],[20.20321,42.49205],[20.20178,42.49307],[20.19841,42.50143],[20.19944,42.50151],[20.1986,42.50541],[20.19741,42.50682],[20.19922,42.51292],[20.19654,42.5126],[20.18368,42.50877],[20.18275,42.5093],[20.1805,42.50969],[20.17187,42.50771],[20.16652,42.50669],[20.16731,42.50624],[20.16765,42.50574],[20.16823,42.50357],[20.16833,42.50151],[20.16823,42.50077],[20.16773,42.50005],[20.16622,42.49928],[20.16604,42.49866],[20.1662,42.49778],[20.16663,42.49684],[20.16827,42.49472],[20.17133,42.49297],[20.17798,42.4873],[20.17882,42.48692],[20.18014,42.48675],[20.18058,42.48647],[20.18113,42.48337],[20.18104,42.48267],[20.18031,42.48074],[20.18025,42.48004],[20.18181,42.47766],[20.18244,42.47581],[20.18308,42.4748],[20.18307,42.47421],[20.18268,42.47357],[20.18269,42.47331],[20.18687,42.47105],[20.18961,42.4701],[20.19169,42.46764],[20.19258,42.46685],[20.19272,42.46598],[20.19305,42.46526],[20.19373,42.46451],[20.19564,42.46375],[20.19678,42.46256],[20.19685,42.46227],[20.19551,42.45956],[20.19338,42.45744],[20.19263,42.45703],[20.19233,42.45665],[20.19252,42.45418],[20.19283,42.45302],[20.19321,42.4524],[20.19434,42.45128],[20.19503,42.45094],[20.19709,42.45046],[20.19821,42.4492],[20.20019,42.44793],[20.20208,42.44746],[20.20252,42.44719],[20.20332,42.44617],[20.20486,42.44602],[20.20743,42.44487],[20.20796,42.44448],[20.20861,42.44205],[20.20978,42.44171],[20.21005,42.44143],[20.21035,42.44071],[20.21146,42.43929],[20.21171,42.43778],[20.2123,42.43712],[20.21335,42.43719],[20.21445,42.43788],[20.21484,42.4379],[20.21827,42.43628],[20.21911,42.43558],[20.22092,42.43338],[20.22202,42.43087],[20.22237,42.42794],[20.22309,42.42573],[20.22472,42.42423],[20.22609,42.42435],[20.22666,42.42384],[20.22682,42.42314],[20.22652,42.42111],[20.22662,42.42074],[20.22754,42.41945],[20.22769,42.41881],[20.22658,42.41753],[20.22567,42.41588],[20.22567,42.4155],[20.22602,42.41507],[20.22608,42.4144],[20.2227,42.41317],[20.22209,42.41251],[20.22076,42.41195],[20.21949,42.41158],[20.21878,42.41175],[20.21646,42.41085],[20.21372,42.40936],[20.21316,42.40883],[20.21266,42.4077],[20.21161,42.4071],[20.21137,42.40667],[20.2116,42.40427],[20.21137,42.40382],[20.2101,42.40273],[20.20833,42.40208],[20.20788,42.40152],[20.20795,42.40092],[20.20928,42.39875],[20.20976,42.39839],[20.21301,42.39769],[20.2166,42.3949],[20.21876,42.39374],[20.21971,42.39336],[20.2215,42.39316],[20.22558,42.38986],[20.22769,42.38789],[20.22875,42.38729],[20.23077,42.38666],[20.23261,42.3856],[20.23377,42.38515],[20.23449,42.38454],[20.23568,42.38298],[20.23576,42.38205],[20.23534,42.38117],[20.23794,42.38146],[20.2389,42.3812],[20.23958,42.38078],[20.24014,42.3802],[20.24063,42.37851],[20.24206,42.37601],[20.24208,42.37552],[20.24171,42.37502],[20.24044,42.37409],[20.24033,42.37383],[20.24047,42.37359],[20.24283,42.37212],[20.24477,42.37036],[20.24593,42.36901],[20.24638,42.36815],[20.24646,42.36735],[20.24509,42.36585],[20.24518,42.36431],[20.2456,42.36328],[20.2459,42.36188],[20.24593,42.36071],[20.24588,42.36004],[20.24452,42.35521],[20.24458,42.35336],[20.24436,42.35226],[20.24323,42.35182],[20.24115,42.35167],[20.24054,42.35151],[20.2397,42.35101],[20.23637,42.34739],[20.23639,42.34705],[20.23967,42.34423],[20.24106,42.34337],[20.24307,42.34136],[20.2458,42.33748],[20.24664,42.33583],[20.24708,42.33438],[20.24786,42.33313],[20.24796,42.33282],[20.24346,42.32957],[20.24266,42.32866],[20.2422,42.32767],[20.24221,42.32734],[20.24249,42.32694],[20.24589,42.324],[20.24852,42.32249],[20.2504,42.32247],[20.25211,42.32287],[20.25333,42.32293],[20.25454,42.32286],[20.25502,42.32267],[20.25539,42.32238],[20.25702,42.31894],[20.25738,42.31874],[20.25853,42.31873],[20.25923,42.31857],[20.26323,42.31873],[20.26542,42.31975],[20.26829,42.3194],[20.26943,42.31973],[20.271,42.31931],[20.27172,42.31948],[20.27266,42.32042],[20.27295,42.32051],[20.27584,42.32052],[20.2782,42.32126],[20.28037,42.32172],[20.28359,42.32208],[20.28609,42.32321],[20.29226,42.32348],[20.2929,42.32336],[20.29322,42.32293],[20.29411,42.32084],[20.29752,42.31988],[20.29965,42.31889],[20.30413,42.31596],[20.30561,42.31475],[20.30607,42.31475],[20.30692,42.31506],[20.30877,42.31519],[20.30923,42.31546],[20.30973,42.31611],[20.31038,42.31798],[20.31059,42.31823],[20.31088,42.3184],[20.31251,42.31866],[20.31366,42.32017],[20.31449,42.32062],[20.31535,42.32094],[20.31939,42.32136],[20.32073,42.32178],[20.32178,42.32273],[20.32263,42.32397],[20.32335,42.32458],[20.32448,42.3261],[20.32631,42.32677],[20.32686,42.32728],[20.3288,42.32773],[20.33524,42.3278],[20.3387,42.32766],[20.33922,42.32741],[20.33982,42.32655],[20.34025,42.32622],[20.34282,42.32574],[20.34556,42.32485],[20.34654,42.32429],[20.34758,42.3234],[20.34797,42.32277],[20.34829,42.32092],[20.34917,42.31998],[20.35083,42.31869],[20.35385,42.31721],[20.3543,42.31645],[20.35454,42.31557],[20.35454,42.31402],[20.3537,42.31052],[20.35336,42.30979],[20.35334,42.30958],[20.35359,42.30945],[20.36082,42.30859],[20.36195,42.30857],[20.36268,42.30813],[20.36341,42.30729],[20.36429,42.3066],[20.36905,42.30532],[20.36966,42.3053],[20.37352,42.30618],[20.37651,42.30532],[20.37842,42.30444],[20.38144,42.30258],[20.38259,42.30209],[20.38643,42.30093],[20.38989,42.29799],[20.39466,42.29866],[20.39655,42.29675],[20.39756,42.29525],[20.3995,42.29068],[20.40114,42.28816],[20.40317,42.28565],[20.40495,42.28443],[20.40859,42.28436],[20.41233,42.28314],[20.42099,42.28192],[20.42184,42.28188],[20.42335,42.28233],[20.4246,42.27919],[20.42509,42.27836],[20.42568,42.27794],[20.42659,42.27771],[20.43032,42.27731],[20.4348,42.27721],[20.44138,42.27739],[20.44516,42.27488],[20.44659,42.27473],[20.44803,42.27395],[20.45286,42.2731],[20.45673,42.27207],[20.46195,42.26889],[20.46284,42.26695],[20.46336,42.26628],[20.4653,42.265],[20.46684,42.26358],[20.46913,42.26216],[20.47325,42.26015],[20.47562,42.25859],[20.47589,42.2581],[20.47597,42.25718],[20.48605,42.26028],[20.48968,42.26396],[20.49076,42.26674],[20.49553,42.2699],[20.50297,42.2697],[20.50833,42.2704],[20.5124,42.27685],[20.51612,42.27893],[20.5215,42.2811],[20.52211,42.28105],[20.52454,42.28222],[20.52604,42.28243],[20.52741,42.28234],[20.52782,42.28284],[20.5286,42.28321],[20.52891,42.28355],[20.53052,42.28386],[20.53096,42.28464],[20.5313,42.2848],[20.53215,42.28491],[20.53311,42.28544],[20.53482,42.28542],[20.53527,42.28527],[20.5362,42.28624],[20.53737,42.28693],[20.53785,42.28744],[20.5379,42.28927],[20.53827,42.29],[20.54034,42.29139],[20.541,42.29214],[20.54241,42.29271],[20.54322,42.29323],[20.54329,42.29354],[20.5438,42.29359],[20.54446,42.29484],[20.54853,42.29329],[20.55023,42.29243],[20.5512,42.29268],[20.55285,42.2938],[20.55451,42.29467],[20.55567,42.295],[20.55742,42.2952],[20.55839,42.29563],[20.55842,42.29541],[20.55889,42.29561],[20.55877,42.2963],[20.55895,42.29652],[20.55927,42.29654],[20.55941,42.29806],[20.55983,42.29866],[20.55912,42.30012],[20.55786,42.30156],[20.55674,42.30222],[20.55454,42.30318],[20.55446,42.30309],[20.55463,42.30351],[20.55424,42.30403],[20.55387,42.3042],[20.55393,42.30441],[20.55372,42.3046],[20.5537,42.3049],[20.5543,42.30706],[20.55455,42.30705],[20.55458,42.30745],[20.55503,42.30802],[20.55533,42.30825],[20.55621,42.30825],[20.55686,42.30854],[20.55777,42.30968],[20.55832,42.31],[20.5574,42.31046],[20.5567,42.31108],[20.5565,42.31178],[20.55612,42.31231],[20.55598,42.31298],[20.55615,42.31329],[20.55605,42.3135],[20.55538,42.31447],[20.55455,42.31516],[20.55314,42.31584],[20.55072,42.31613],[20.55237,42.31691],[20.55387,42.31655],[20.55472,42.31617],[20.55569,42.31655],[20.55604,42.3163],[20.55695,42.31524],[20.55711,42.3153],[20.55722,42.31495],[20.55845,42.31334],[20.55897,42.31224],[20.55889,42.31176],[20.55905,42.31103],[20.55938,42.31046],[20.56174,42.30886],[20.56417,42.30746],[20.56457,42.30519],[20.56499,42.30467],[20.56462,42.30393],[20.56509,42.30379],[20.56537,42.30404],[20.5654,42.30443],[20.56567,42.30488],[20.56647,42.30574],[20.56712,42.30581],[20.56859,42.30753],[20.57459,42.30915],[20.57577,42.30938],[20.57688,42.30926],[20.57855,42.30944],[20.58129,42.31007],[20.5812,42.31037],[20.58245,42.31084],[20.58274,42.3111],[20.58222,42.31163],[20.58307,42.31185],[20.58263,42.31254],[20.58211,42.31291],[20.58373,42.31577],[20.58424,42.31566],[20.58477,42.31605],[20.58581,42.31621],[20.58661,42.31685],[20.58739,42.31712],[20.58916,42.31711],[20.59245,42.31827],[20.59247,42.32016],[20.59386,42.32008],[20.59671,42.32118],[20.5982,42.32259],[20.598,42.32271],[20.59856,42.32385],[20.59881,42.32489],[20.60014,42.32584],[20.59945,42.32698],[20.60016,42.32727],[20.59914,42.32862],[20.59955,42.32888],[20.59992,42.32867],[20.60012,42.32881],[20.59841,42.33022],[20.59964,42.33052],[20.60175,42.33022],[20.60379,42.33164],[20.6035,42.3319],[20.60473,42.33273],[20.60247,42.33321],[20.59925,42.33446],[20.59474,42.3355],[20.59028,42.33683],[20.58922,42.33689],[20.58584,42.33657],[20.58291,42.33865],[20.58191,42.33908],[20.58096,42.33928],[20.57779,42.33907],[20.57668,42.33923],[20.57655,42.33899],[20.57599,42.33908],[20.57292,42.3385],[20.57145,42.33847],[20.57016,42.33869],[20.56901,42.33941],[20.56712,42.34277],[20.56595,42.34353],[20.56461,42.34396],[20.56006,42.34406],[20.55868,42.34425],[20.55711,42.34471],[20.55528,42.34582],[20.55466,42.3464],[20.55455,42.34894],[20.55389,42.35062],[20.55186,42.35189],[20.5498,42.35203],[20.54856,42.35183],[20.54701,42.35114],[20.54511,42.34973],[20.54375,42.34925],[20.54151,42.34905],[20.5402,42.34951],[20.53974,42.34974],[20.54002,42.35309],[20.53935,42.35419],[20.53781,42.35524],[20.53494,42.35673],[20.53273,42.35831],[20.53066,42.36096],[20.5302,42.36267],[20.52864,42.36298],[20.5275,42.36357],[20.52704,42.3648],[20.52695,42.36603],[20.5275,42.36742],[20.52758,42.36801],[20.52747,42.36841],[20.52681,42.36915],[20.52613,42.36948],[20.52379,42.36942],[20.52203,42.36892],[20.52128,42.36904],[20.52077,42.36947],[20.52077,42.37009],[20.52098,42.37052],[20.5223,42.37156],[20.52265,42.37204],[20.52269,42.37301],[20.52235,42.37347],[20.52215,42.37363],[20.52115,42.37336],[20.52076,42.37365],[20.52037,42.37484],[20.52049,42.37514],[20.52017,42.37547],[20.51952,42.37573],[20.5182,42.37575],[20.51629,42.37454],[20.51464,42.37432],[20.51393,42.37446],[20.51359,42.37469],[20.51264,42.37597],[20.51245,42.37697],[20.51266,42.37788],[20.51372,42.3783],[20.51395,42.37907],[20.51346,42.37971],[20.51321,42.38072],[20.51217,42.38165],[20.5114,42.38274],[20.5112,42.38487],[20.51165,42.38522],[20.51212,42.38653],[20.51251,42.38702],[20.51331,42.38758],[20.5136,42.38806],[20.516,42.3886],[20.51669,42.38892],[20.51709,42.3897],[20.51713,42.39337],[20.51678,42.39416],[20.51676,42.39522],[20.51724,42.39619],[20.51881,42.397],[20.51882,42.39794],[20.51828,42.39848],[20.51728,42.39867],[20.51656,42.39852],[20.51574,42.39759],[20.51461,42.39708],[20.51303,42.39697],[20.51161,42.39765],[20.5111,42.39807],[20.51046,42.39905],[20.50985,42.40075],[20.50925,42.40165],[20.50849,42.40205],[20.50636,42.40226],[20.50524,42.40279],[20.50433,42.40355],[20.5038,42.40424],[20.50336,42.40527],[20.50319,42.40764],[20.50335,42.40806],[20.50402,42.40873],[20.50545,42.40957],[20.50582,42.41012],[20.50634,42.41049],[20.50636,42.41174],[20.50775,42.41234],[20.50803,42.41223],[20.50808,42.41176],[20.50874,42.41158],[20.51092,42.41208],[20.51156,42.41261],[20.51169,42.41302],[20.51162,42.41347],[20.5105,42.41374],[20.50973,42.41458],[20.50944,42.41539],[20.50953,42.41593],[20.50989,42.41665],[20.51152,42.41766],[20.51216,42.4179],[20.5139,42.41736],[20.51464,42.418],[20.51515,42.41819],[20.51652,42.41986],[20.51727,42.42053],[20.51764,42.42126],[20.51742,42.42179],[20.51706,42.42225],[20.51552,42.42294],[20.5151,42.4234],[20.51506,42.42384],[20.51529,42.42417],[20.51617,42.42473],[20.51737,42.42506],[20.51788,42.42584],[20.51815,42.42707],[20.5179,42.42788],[20.51683,42.42892],[20.51624,42.43074],[20.51531,42.43277],[20.51529,42.43352],[20.51587,42.43406],[20.51578,42.4344],[20.51534,42.43472],[20.51374,42.4352],[20.51298,42.43578],[20.51256,42.43642],[20.51229,42.43799],[20.51118,42.43894],[20.51045,42.43931],[20.50833,42.43982],[20.50751,42.44057],[20.50737,42.44145],[20.50779,42.44218],[20.51102,42.44358],[20.51238,42.44459],[20.51282,42.44537],[20.51139,42.44769],[20.5103,42.4489],[20.50972,42.45004],[20.50958,42.45075],[20.50981,42.45194],[20.50965,42.45409],[20.50839,42.45582],[20.50733,42.45674],[20.5064,42.45727],[20.50483,42.45784],[20.50315,42.45953],[20.50281,42.46085],[20.50289,42.46249],[20.50471,42.46308],[20.50598,42.46393],[20.5062,42.46534],[20.50605,42.46574],[20.50539,42.46623],[20.50396,42.46682],[20.50186,42.46724],[20.501,42.46788],[20.49998,42.46962],[20.49987,42.4708],[20.5003,42.47121],[20.50051,42.47174],[20.50224,42.47234],[20.5023,42.47276],[20.50302,42.47402],[20.50401,42.47459],[20.50472,42.47457],[20.50497,42.47438],[20.50661,42.47406],[20.508,42.47423],[20.50935,42.47466],[20.50999,42.47553],[20.50997,42.47619],[20.50979,42.47698],[20.50885,42.4776],[20.50853,42.47812],[20.50851,42.47855],[20.50873,42.47955],[20.50922,42.48006],[20.51031,42.48036],[20.51246,42.48045],[20.51476,42.48029],[20.51608,42.48092],[20.51635,42.48204],[20.5159,42.48268],[20.51493,42.48347],[20.51299,42.48472],[20.5105,42.48603],[20.50749,42.48638],[20.50648,42.48692],[20.50588,42.48803],[20.50606,42.48894],[20.50689,42.49035],[20.50779,42.49363],[20.50853,42.49517],[20.51113,42.49807],[20.51354,42.50044],[20.51424,42.50138],[20.51476,42.50315],[20.51541,42.50447],[20.51559,42.50615],[20.51529,42.50752],[20.51555,42.50803],[20.51971,42.51071],[20.52041,42.51107],[20.52164,42.51134],[20.52269,42.51129],[20.526,42.51072],[20.53035,42.51044],[20.53312,42.50982],[20.53587,42.50976],[20.53675,42.51017],[20.53489,42.51276],[20.53451,42.51365],[20.53453,42.51399],[20.53483,42.51449],[20.53472,42.51535],[20.53529,42.51631],[20.53625,42.51675],[20.53652,42.51713],[20.53629,42.518],[20.53734,42.51855],[20.53888,42.51973]]]}},{"type":"Feature","properties":{"name":"Gjilan","slug":"gjilan","sourceName":"Gjilan"},"geometry":{"type":"Polygon","coordinates":[[[21.4399,42.38114],[21.44157,42.37997],[21.44175,42.3795],[21.44138,42.37943],[21.44127,42.37917],[21.44223,42.37823],[21.44172,42.37713],[21.4421,42.37637],[21.44202,42.37607],[21.44134,42.37562],[21.4406,42.3756],[21.43954,42.37621],[21.43877,42.3758],[21.43803,42.37567],[21.43775,42.37534],[21.43803,42.37445],[21.43792,42.37417],[21.43589,42.37394],[21.43683,42.37264],[21.43832,42.37166],[21.44242,42.36975],[21.44281,42.37012],[21.44473,42.36937],[21.44567,42.37085],[21.44774,42.37021],[21.44914,42.36927],[21.45055,42.36886],[21.45216,42.36876],[21.45263,42.36857],[21.4547,42.36917],[21.45734,42.36835],[21.46183,42.36845],[21.46341,42.36755],[21.46405,42.36661],[21.46937,42.36279],[21.46925,42.36138],[21.46952,42.35949],[21.46974,42.35896],[21.46952,42.35741],[21.46878,42.35623],[21.47001,42.35291],[21.47139,42.35148],[21.4714,42.35082],[21.47105,42.35017],[21.4711,42.34984],[21.47204,42.34863],[21.47288,42.348],[21.47326,42.34732],[21.47452,42.34657],[21.47495,42.34606],[21.47499,42.34455],[21.47533,42.34325],[21.47618,42.34117],[21.47634,42.33989],[21.47697,42.33928],[21.47753,42.33828],[21.47857,42.33743],[21.47897,42.33669],[21.47944,42.33632],[21.48014,42.33617],[21.48131,42.33515],[21.4818,42.33504],[21.48214,42.33397],[21.48285,42.33365],[21.48368,42.33376],[21.48404,42.33352],[21.48414,42.33309],[21.48474,42.33244],[21.48555,42.33224],[21.48595,42.33237],[21.48639,42.33218],[21.48677,42.33151],[21.48734,42.33102],[21.48748,42.33052],[21.48791,42.32996],[21.49023,42.32759],[21.49044,42.32665],[21.48991,42.32461],[21.4906,42.32308],[21.49112,42.32271],[21.491,42.32191],[21.49115,42.32088],[21.49242,42.3202],[21.49293,42.31932],[21.49361,42.31897],[21.49439,42.31822],[21.49493,42.31801],[21.49579,42.31799],[21.49637,42.31754],[21.50009,42.31703],[21.50079,42.31827],[21.50122,42.31849],[21.5015,42.31893],[21.50185,42.3206],[21.50288,42.3201],[21.50454,42.31867],[21.50538,42.31826],[21.50715,42.3177],[21.50744,42.31794],[21.50761,42.31738],[21.50789,42.31706],[21.50743,42.31662],[21.50755,42.31646],[21.50712,42.31609],[21.50743,42.3159],[21.5075,42.3156],[21.50778,42.31278],[21.50724,42.31233],[21.50657,42.31254],[21.50512,42.31217],[21.5043,42.31161],[21.50406,42.31081],[21.50342,42.31093],[21.50213,42.31059],[21.50205,42.31015],[21.50176,42.30981],[21.50013,42.31006],[21.49962,42.30987],[21.49901,42.30989],[21.499,42.30968],[21.49947,42.30891],[21.49919,42.30857],[21.49909,42.30808],[21.49986,42.30699],[21.50031,42.30417],[21.50079,42.30386],[21.50125,42.30261],[21.50157,42.30245],[21.50213,42.30177],[21.50251,42.30028],[21.50282,42.30022],[21.50376,42.30051],[21.50438,42.30025],[21.50602,42.29916],[21.50656,42.29839],[21.50701,42.29802],[21.50788,42.29847],[21.51004,42.29812],[21.51025,42.29709],[21.51113,42.2961],[21.51117,42.29577],[21.51082,42.29543],[21.51085,42.29518],[21.51212,42.29444],[21.51268,42.29373],[21.51275,42.29315],[21.51224,42.29238],[21.51256,42.29152],[21.51325,42.29055],[21.51377,42.29005],[21.51461,42.28957],[21.51544,42.28871],[21.51588,42.28769],[21.5156,42.28714],[21.51605,42.28638],[21.51574,42.28561],[21.51583,42.28473],[21.51645,42.2838],[21.51474,42.28368],[21.51386,42.28344],[21.51393,42.28269],[21.51327,42.28143],[21.51302,42.2813],[21.51175,42.28136],[21.50926,42.28105],[21.50812,42.28049],[21.5074,42.27971],[21.50603,42.27911],[21.50432,42.27897],[21.50256,42.27755],[21.50112,42.27661],[21.49986,42.27472],[21.4994,42.27235],[21.50089,42.27099],[21.50189,42.27072],[21.5034,42.26975],[21.50413,42.26976],[21.50508,42.27062],[21.50656,42.27116],[21.51097,42.27017],[21.51163,42.26981],[21.51182,42.2691],[21.51111,42.26858],[21.51081,42.26769],[21.5108,42.26615],[21.51139,42.26552],[21.51356,42.26468],[21.51478,42.26298],[21.51738,42.26261],[21.51825,42.26233],[21.51894,42.26232],[21.51965,42.26081],[21.5188,42.2608],[21.51751,42.25963],[21.51769,42.25771],[21.5184,42.25665],[21.51901,42.2546],[21.51983,42.25319],[21.52016,42.25203],[21.52009,42.25129],[21.51973,42.25044],[21.51996,42.2492],[21.52045,42.24784],[21.52014,42.24716],[21.52101,42.24516],[21.52036,42.24112],[21.52353,42.24125],[21.52515,42.24104],[21.52697,42.24105],[21.52748,42.24064],[21.52875,42.24103],[21.52963,42.24098],[21.53036,42.2407],[21.53284,42.24134],[21.53179,42.24358],[21.5345,42.24608],[21.53467,42.24642],[21.53541,42.24664],[21.5367,42.24805],[21.5374,42.24919],[21.53825,42.24957],[21.53894,42.25051],[21.54084,42.25091],[21.54252,42.25211],[21.54276,42.2521],[21.54254,42.2515],[21.54383,42.25121],[21.54449,42.2517],[21.54392,42.25337],[21.54566,42.2536],[21.54741,42.25327],[21.54954,42.25329],[21.55011,42.2518],[21.55253,42.25232],[21.55292,42.25148],[21.55411,42.25213],[21.55556,42.25204],[21.55668,42.25168],[21.55731,42.25184],[21.55783,42.2517],[21.55827,42.25188],[21.5588,42.25139],[21.56173,42.2509],[21.56222,42.25176],[21.56271,42.25216],[21.5628,42.25118],[21.56746,42.24987],[21.56812,42.25002],[21.56866,42.25068],[21.56979,42.25104],[21.57353,42.25405],[21.57606,42.2551],[21.5784,42.25524],[21.58014,42.25595],[21.58319,42.2588],[21.58481,42.25867],[21.58466,42.25974],[21.58586,42.26091],[21.58661,42.2627],[21.58609,42.26349],[21.58682,42.26433],[21.5879,42.26501],[21.58868,42.26526],[21.5892,42.26663],[21.58924,42.26732],[21.58847,42.26891],[21.5885,42.26996],[21.58781,42.27057],[21.58676,42.27085],[21.58673,42.27116],[21.58448,42.27234],[21.58428,42.27334],[21.58437,42.27405],[21.58353,42.27517],[21.58269,42.27574],[21.58247,42.27661],[21.58305,42.27756],[21.58144,42.27976],[21.58144,42.28031],[21.58321,42.28141],[21.58333,42.28327],[21.57234,42.29064],[21.56892,42.29372],[21.56656,42.29523],[21.56527,42.29659],[21.56263,42.29758],[21.56083,42.29882],[21.56169,42.29955],[21.56462,42.29985],[21.56501,42.30079],[21.56362,42.30115],[21.56244,42.30173],[21.56263,42.30286],[21.56441,42.30408],[21.56454,42.30804],[21.56376,42.3078],[21.56374,42.30853],[21.56481,42.30978],[21.56281,42.31097],[21.56237,42.31202],[21.5607,42.31264],[21.56043,42.3137],[21.55973,42.31466],[21.55826,42.31543],[21.55772,42.31414],[21.55476,42.31433],[21.55346,42.31389],[21.55335,42.31325],[21.55214,42.313],[21.55174,42.31247],[21.55119,42.31331],[21.55063,42.31334],[21.55002,42.31377],[21.54855,42.31309],[21.5476,42.31199],[21.54754,42.31115],[21.54686,42.31108],[21.54556,42.31052],[21.54491,42.31047],[21.54438,42.31094],[21.54282,42.30987],[21.54098,42.30914],[21.54034,42.31005],[21.53937,42.31017],[21.53806,42.31081],[21.53891,42.31147],[21.53888,42.31228],[21.53937,42.31308],[21.53926,42.31444],[21.53939,42.31491],[21.53974,42.31532],[21.53983,42.31593],[21.54128,42.31715],[21.5419,42.31787],[21.54224,42.31875],[21.54049,42.31804],[21.54036,42.31861],[21.53889,42.31853],[21.53819,42.31881],[21.53739,42.31949],[21.53741,42.31975],[21.53777,42.31999],[21.53989,42.32029],[21.54129,42.32075],[21.54026,42.32153],[21.53791,42.32249],[21.53632,42.32203],[21.53559,42.32212],[21.53498,42.32245],[21.535,42.32307],[21.53324,42.32433],[21.53265,42.32449],[21.53185,42.32522],[21.52939,42.32543],[21.52819,42.32738],[21.52882,42.32871],[21.5303,42.32961],[21.53063,42.33064],[21.53028,42.33109],[21.53043,42.33207],[21.53085,42.33215],[21.53133,42.33315],[21.53083,42.33393],[21.53086,42.336],[21.53017,42.33727],[21.52971,42.33868],[21.53078,42.33922],[21.5308,42.3407],[21.52965,42.34198],[21.52978,42.34276],[21.5307,42.34409],[21.53074,42.34465],[21.53299,42.34697],[21.53338,42.34772],[21.53431,42.3478],[21.53473,42.34807],[21.53462,42.34846],[21.53401,42.34924],[21.5342,42.35078],[21.53484,42.35126],[21.53579,42.3532],[21.53659,42.35323],[21.53677,42.35306],[21.53825,42.35356],[21.53833,42.35377],[21.53812,42.35431],[21.53732,42.35539],[21.53701,42.35692],[21.53716,42.35718],[21.53793,42.35694],[21.53888,42.3577],[21.53946,42.35827],[21.53982,42.35933],[21.54022,42.35971],[21.53983,42.3602],[21.53957,42.36171],[21.53904,42.36263],[21.53884,42.36399],[21.53751,42.3656],[21.53695,42.36675],[21.53798,42.3669],[21.53853,42.3671],[21.53891,42.36745],[21.54118,42.36754],[21.5411,42.36952],[21.54144,42.36997],[21.5434,42.37127],[21.54463,42.37114],[21.54519,42.37282],[21.54568,42.37337],[21.54594,42.37336],[21.54694,42.37233],[21.5478,42.37011],[21.54854,42.36966],[21.54954,42.36796],[21.5514,42.36847],[21.55188,42.36787],[21.55216,42.3666],[21.55182,42.36645],[21.55174,42.36584],[21.55192,42.36517],[21.55273,42.36455],[21.55501,42.3633],[21.55715,42.36248],[21.55738,42.36241],[21.55757,42.36263],[21.55773,42.36486],[21.55835,42.36599],[21.55921,42.36643],[21.56244,42.36731],[21.56352,42.36746],[21.56617,42.36673],[21.56656,42.36705],[21.56608,42.36755],[21.56601,42.36777],[21.56613,42.36782],[21.5696,42.36671],[21.57038,42.36652],[21.57115,42.36665],[21.57231,42.36634],[21.57257,42.36592],[21.57311,42.36595],[21.5738,42.36545],[21.57384,42.36485],[21.57456,42.36405],[21.57467,42.36353],[21.57646,42.36279],[21.57681,42.36306],[21.57684,42.36337],[21.57767,42.36383],[21.57756,42.3644],[21.57827,42.36531],[21.5787,42.36502],[21.57999,42.36549],[21.58105,42.36567],[21.58264,42.3665],[21.58306,42.3664],[21.58474,42.36753],[21.58412,42.36787],[21.58353,42.36855],[21.58391,42.36953],[21.58378,42.36992],[21.58281,42.37026],[21.58199,42.37182],[21.58128,42.37275],[21.5813,42.37319],[21.58111,42.37335],[21.58031,42.373],[21.57949,42.37365],[21.57927,42.37487],[21.57956,42.37541],[21.58198,42.37696],[21.58209,42.37728],[21.58368,42.3785],[21.58504,42.379],[21.58541,42.37827],[21.58948,42.3809],[21.58942,42.38139],[21.58968,42.38148],[21.59157,42.38112],[21.59208,42.38016],[21.59305,42.38013],[21.5938,42.38045],[21.59536,42.38149],[21.59812,42.3826],[21.59942,42.38271],[21.59957,42.38351],[21.6,42.38373],[21.60049,42.38365],[21.60206,42.38244],[21.60275,42.38251],[21.60279,42.38217],[21.60358,42.38108],[21.60388,42.38031],[21.60464,42.37685],[21.6058,42.37541],[21.60681,42.37559],[21.61255,42.3759],[21.61477,42.37573],[21.61519,42.37595],[21.61684,42.37622],[21.61804,42.37671],[21.62075,42.37813],[21.62198,42.38305],[21.62293,42.38396],[21.62341,42.38504],[21.62496,42.38684],[21.62489,42.38743],[21.62513,42.38792],[21.62657,42.38933],[21.62816,42.3927],[21.62993,42.39328],[21.63034,42.39381],[21.63023,42.39449],[21.63263,42.39559],[21.6336,42.39679],[21.6342,42.39728],[21.63515,42.39734],[21.63567,42.39786],[21.63644,42.39981],[21.63579,42.40062],[21.636,42.40225],[21.63693,42.40344],[21.63566,42.40363],[21.64122,42.40602],[21.64153,42.4065],[21.64216,42.40687],[21.64375,42.40856],[21.64487,42.40832],[21.64504,42.40915],[21.64608,42.41108],[21.6465,42.4133],[21.64601,42.4149],[21.64502,42.41572],[21.64346,42.41811],[21.64206,42.41832],[21.64083,42.4192],[21.63831,42.42022],[21.63695,42.42104],[21.63657,42.42181],[21.63672,42.4228],[21.63822,42.42314],[21.63866,42.42406],[21.63871,42.42464],[21.63828,42.42535],[21.63796,42.42856],[21.63772,42.4294],[21.63751,42.42971],[21.63596,42.43085],[21.6352,42.43236],[21.6323,42.43455],[21.63156,42.43556],[21.63159,42.43663],[21.63262,42.43828],[21.63219,42.43985],[21.63192,42.43994],[21.62981,42.44243],[21.62458,42.44736],[21.62457,42.44851],[21.62533,42.45075],[21.62711,42.45482],[21.62854,42.45523],[21.62882,42.45732],[21.62737,42.45653],[21.62633,42.45618],[21.62615,42.45596],[21.62505,42.45587],[21.62421,42.45546],[21.62339,42.45471],[21.62281,42.45327],[21.62238,42.45429],[21.62214,42.45558],[21.62131,42.45637],[21.62068,42.45737],[21.61974,42.45837],[21.61985,42.45898],[21.62043,42.46022],[21.61625,42.46048],[21.61061,42.46171],[21.60238,42.46257],[21.60146,42.46252],[21.60094,42.46282],[21.59835,42.46304],[21.59801,42.46338],[21.59736,42.46331],[21.59732,42.46401],[21.59679,42.46414],[21.59701,42.46432],[21.5967,42.46463],[21.59683,42.4664],[21.59677,42.46689],[21.59638,42.46763],[21.59589,42.46738],[21.59554,42.46769],[21.59482,42.46794],[21.59461,42.46866],[21.59358,42.46893],[21.59311,42.47007],[21.59256,42.47053],[21.59251,42.47129],[21.59202,42.47172],[21.59102,42.4718],[21.59078,42.47151],[21.58994,42.47143],[21.58964,42.4716],[21.58909,42.47135],[21.58892,42.47146],[21.58895,42.47195],[21.5894,42.47226],[21.58908,42.47287],[21.58883,42.47299],[21.58894,42.47332],[21.58883,42.47371],[21.59004,42.47506],[21.59059,42.47498],[21.59083,42.47514],[21.59077,42.47564],[21.5901,42.47575],[21.58975,42.47614],[21.58973,42.47649],[21.59032,42.47706],[21.59017,42.47753],[21.5907,42.4777],[21.59062,42.47809],[21.59084,42.47828],[21.59259,42.47877],[21.59323,42.47955],[21.59383,42.4797],[21.59384,42.48007],[21.59286,42.48001],[21.59165,42.48021],[21.59116,42.48011],[21.5913,42.48025],[21.59024,42.48092],[21.58899,42.48132],[21.5841,42.48134],[21.58372,42.48133],[21.58399,42.47938],[21.58182,42.47927],[21.5809,42.47897],[21.57987,42.47921],[21.57933,42.47909],[21.57857,42.47919],[21.57792,42.47976],[21.57764,42.47969],[21.57726,42.47987],[21.57668,42.47951],[21.57666,42.47918],[21.57629,42.47907],[21.57438,42.47932],[21.57412,42.47958],[21.57363,42.4796],[21.57343,42.4794],[21.57272,42.47932],[21.57159,42.47991],[21.57135,42.47972],[21.57106,42.47984],[21.56519,42.47847],[21.56122,42.47696],[21.55852,42.4759],[21.55315,42.47292],[21.55298,42.47308],[21.55274,42.47284],[21.5526,42.47303],[21.5522,42.47301],[21.55153,42.47262],[21.55064,42.47274],[21.54992,42.47296],[21.54865,42.47372],[21.54814,42.47544],[21.54777,42.47581],[21.54694,42.47587],[21.54753,42.47672],[21.54888,42.47814],[21.54932,42.47928],[21.55009,42.47956],[21.55099,42.47966],[21.55104,42.48095],[21.55175,42.48204],[21.55247,42.48271],[21.55207,42.48417],[21.55235,42.48603],[21.55218,42.48648],[21.55236,42.48745],[21.55209,42.4882],[21.55208,42.48871],[21.55141,42.48969],[21.55097,42.49094],[21.55132,42.49346],[21.55109,42.49389],[21.5507,42.4961],[21.5506,42.49826],[21.55077,42.49896],[21.55065,42.50006],[21.54675,42.49977],[21.54597,42.50335],[21.545,42.50686],[21.54405,42.5069],[21.54175,42.50967],[21.5397,42.51155],[21.54047,42.51139],[21.5401,42.51235],[21.54029,42.51304],[21.54106,42.51344],[21.54062,42.51412],[21.54133,42.51442],[21.54031,42.51536],[21.54011,42.51536],[21.53814,42.5175],[21.53726,42.51744],[21.53654,42.51708],[21.53625,42.518],[21.5369,42.51864],[21.5369,42.51903],[21.5355,42.51965],[21.53429,42.52042],[21.53424,42.52058],[21.53491,42.52107],[21.53503,42.52135],[21.5345,42.52185],[21.53358,42.52375],[21.53073,42.52551],[21.52978,42.5259],[21.52945,42.52627],[21.5289,42.52719],[21.52869,42.52793],[21.52879,42.5288],[21.52845,42.52979],[21.52845,42.5304],[21.52799,42.53062],[21.52694,42.53057],[21.52523,42.52991],[21.52478,42.52899],[21.5231,42.52766],[21.52121,42.52797],[21.51829,42.53054],[21.51811,42.53098],[21.51728,42.53202],[21.51664,42.53237],[21.51591,42.53314],[21.51559,42.53387],[21.51437,42.53459],[21.5137,42.5353],[21.51354,42.53699],[21.51277,42.53885],[21.51201,42.54009],[21.51203,42.54058],[21.51099,42.54285],[21.51019,42.54336],[21.50988,42.5434],[21.50938,42.54321],[21.50732,42.54316],[21.50699,42.54327],[21.50639,42.5439],[21.50548,42.54453],[21.50556,42.5459],[21.50497,42.54895],[21.50455,42.54918],[21.50475,42.54962],[21.5046,42.55017],[21.50469,42.55056],[21.50437,42.55047],[21.50411,42.55077],[21.5035,42.55078],[21.50292,42.55041],[21.50238,42.54908],[21.50246,42.54876],[21.5023,42.54853],[21.50256,42.54814],[21.50213,42.54756],[21.50037,42.54928],[21.49979,42.5494],[21.49914,42.54979],[21.49889,42.54994],[21.49884,42.5502],[21.49775,42.54908],[21.49692,42.54875],[21.49579,42.54941],[21.49563,42.54919],[21.49508,42.54927],[21.49586,42.55057],[21.4965,42.55064],[21.4967,42.55051],[21.49742,42.55071],[21.49733,42.55097],[21.4975,42.55139],[21.49748,42.5518],[21.49714,42.55279],[21.49817,42.55336],[21.49761,42.55518],[21.49693,42.55587],[21.49741,42.55634],[21.497,42.55663],[21.4974,42.55683],[21.49737,42.55733],[21.49717,42.55748],[21.49656,42.55746],[21.49636,42.55852],[21.49534,42.55965],[21.49427,42.55952],[21.49389,42.55971],[21.49357,42.56047],[21.49375,42.56082],[21.4941,42.56102],[21.49409,42.56121],[21.49276,42.56209],[21.4929,42.56209],[21.49273,42.56229],[21.49326,42.56279],[21.49312,42.5629],[21.49446,42.5641],[21.49488,42.56534],[21.49473,42.5658],[21.49428,42.56597],[21.49257,42.56838],[21.49186,42.5686],[21.49164,42.56892],[21.4918,42.56943],[21.48977,42.57064],[21.48896,42.57066],[21.48863,42.57124],[21.488,42.57148],[21.48637,42.5714],[21.48567,42.57174],[21.48431,42.57265],[21.48388,42.57324],[21.48335,42.57332],[21.48303,42.57442],[21.48229,42.57503],[21.4802,42.57513],[21.47862,42.57559],[21.4776,42.57469],[21.47593,42.57418],[21.47266,42.57263],[21.47237,42.57245],[21.47282,42.57115],[21.47157,42.57095],[21.4709,42.57068],[21.46952,42.56857],[21.46847,42.56799],[21.46762,42.56696],[21.46681,42.56638],[21.4662,42.56615],[21.46612,42.56634],[21.46539,42.56644],[21.4643,42.567],[21.46409,42.56734],[21.46415,42.56755],[21.46389,42.56771],[21.46368,42.56763],[21.46293,42.56785],[21.46261,42.56834],[21.46215,42.56844],[21.46195,42.56887],[21.46164,42.5689],[21.46149,42.56908],[21.46057,42.56907],[21.45994,42.56934],[21.45972,42.57023],[21.4599,42.57076],[21.45948,42.57119],[21.45963,42.57178],[21.45955,42.57269],[21.45916,42.57304],[21.45877,42.573],[21.45849,42.57322],[21.45685,42.57511],[21.45515,42.5764],[21.45325,42.57529],[21.45282,42.57469],[21.45013,42.57509],[21.44944,42.57561],[21.44793,42.57558],[21.44691,42.576],[21.44675,42.57643],[21.44524,42.57695],[21.44507,42.57666],[21.44075,42.57738],[21.43873,42.57684],[21.43567,42.57688],[21.434,42.57765],[21.43276,42.57736],[21.43183,42.57735],[21.43137,42.57697],[21.43086,42.57605],[21.42939,42.57592],[21.42811,42.57509],[21.42791,42.57472],[21.4269,42.57394],[21.42653,42.57334],[21.42669,42.57282],[21.42766,42.57168],[21.4276,42.5711],[21.42846,42.56997],[21.42854,42.5689],[21.42892,42.5679],[21.42882,42.56679],[21.42916,42.56563],[21.42879,42.56445],[21.4283,42.56364],[21.42813,42.56362],[21.42801,42.56276],[21.42757,42.5624],[21.4275,42.56209],[21.42704,42.56164],[21.42668,42.5605],[21.42672,42.55958],[21.42714,42.55838],[21.4279,42.55697],[21.42815,42.55609],[21.42886,42.55547],[21.4292,42.55446],[21.43048,42.553],[21.43074,42.55225],[21.43187,42.55134],[21.43258,42.55014],[21.43261,42.5495],[21.43335,42.5492],[21.43421,42.54788],[21.43434,42.54746],[21.43401,42.54667],[21.43354,42.54561],[21.43249,42.54468],[21.43108,42.5427],[21.42935,42.54216],[21.42846,42.54243],[21.42341,42.54087],[21.42172,42.54067],[21.41919,42.53907],[21.41761,42.5386],[21.41666,42.53811],[21.41529,42.53645],[21.41443,42.53623],[21.41217,42.53645],[21.41132,42.53631],[21.41063,42.53677],[21.40899,42.53654],[21.40722,42.53698],[21.40661,42.53698],[21.40573,42.53667],[21.40376,42.53718],[21.40148,42.53713],[21.39827,42.53657],[21.39934,42.53724],[21.39921,42.53753],[21.39975,42.53847],[21.40113,42.53967],[21.40068,42.54032],[21.40035,42.5417],[21.40008,42.54208],[21.3987,42.54328],[21.39798,42.54324],[21.39749,42.54342],[21.39606,42.5447],[21.39546,42.5468],[21.39536,42.54749],[21.39546,42.54819],[21.39531,42.54867],[21.39481,42.54911],[21.39343,42.54972],[21.39283,42.55021],[21.39205,42.55047],[21.39161,42.5508],[21.3915,42.55105],[21.39165,42.55134],[21.39233,42.55192],[21.39249,42.55309],[21.39218,42.55366],[21.39157,42.55431],[21.3906,42.55496],[21.38535,42.55705],[21.38364,42.55821],[21.38111,42.55864],[21.3802,42.55902],[21.3795,42.56036],[21.37902,42.5631],[21.378,42.56547],[21.37726,42.56615],[21.37571,42.56714],[21.37451,42.56736],[21.37346,42.56784],[21.37231,42.56789],[21.37105,42.56721],[21.36908,42.56655],[21.36552,42.56575],[21.3626,42.56652],[21.36212,42.56599],[21.36182,42.56527],[21.36125,42.56485],[21.36025,42.56254],[21.35945,42.56216],[21.35765,42.56218],[21.35607,42.56169],[21.35445,42.56153],[21.35416,42.56129],[21.35381,42.5613],[21.35387,42.56076],[21.35346,42.56019],[21.35236,42.55939],[21.35133,42.55893],[21.35001,42.55898],[21.34949,42.55928],[21.34815,42.55915],[21.34719,42.55935],[21.34622,42.55979],[21.3416,42.55863],[21.33977,42.55938],[21.33782,42.55944],[21.33682,42.55978],[21.33633,42.56025],[21.33464,42.56031],[21.33347,42.56013],[21.33261,42.56028],[21.33226,42.55935],[21.33123,42.55823],[21.32955,42.55789],[21.32905,42.55834],[21.32896,42.56058],[21.32779,42.56086],[21.32635,42.56097],[21.32556,42.56157],[21.32476,42.56183],[21.32395,42.56245],[21.323,42.56283],[21.32145,42.56295],[21.32033,42.56279],[21.31929,42.56285],[21.3183,42.5633],[21.31695,42.56339],[21.31435,42.5639],[21.31211,42.56397],[21.30902,42.56501],[21.30853,42.56481],[21.30757,42.56483],[21.30741,42.56398],[21.30856,42.56272],[21.30882,42.56125],[21.31011,42.55934],[21.30929,42.55864],[21.30906,42.55763],[21.30848,42.55689],[21.30672,42.55647],[21.30434,42.55696],[21.30366,42.55727],[21.3034,42.55764],[21.30177,42.55817],[21.30081,42.55874],[21.29811,42.55954],[21.29806,42.5589],[21.29914,42.55697],[21.29712,42.55463],[21.29647,42.55426],[21.29619,42.55377],[21.29483,42.55286],[21.29414,42.55282],[21.29365,42.55255],[21.29345,42.55139],[21.29295,42.55114],[21.29192,42.55126],[21.29128,42.55089],[21.29061,42.55017],[21.28997,42.5498],[21.28963,42.54935],[21.28948,42.5488],[21.28887,42.54877],[21.28848,42.54754],[21.28764,42.54695],[21.2876,42.54621],[21.28742,42.54595],[21.28639,42.54511],[21.2857,42.54424],[21.2856,42.54265],[21.28402,42.54143],[21.28413,42.54086],[21.28349,42.5407],[21.28359,42.53926],[21.28306,42.53878],[21.2838,42.53783],[21.28401,42.5372],[21.28395,42.53619],[21.28414,42.53508],[21.28393,42.53467],[21.28456,42.53433],[21.28571,42.53284],[21.28824,42.53041],[21.29076,42.52959],[21.29269,42.53017],[21.29362,42.53067],[21.29383,42.53031],[21.29397,42.5286],[21.29384,42.52762],[21.29882,42.52639],[21.29969,42.52659],[21.30223,42.52648],[21.30325,42.52703],[21.30466,42.52713],[21.3051,42.52757],[21.30557,42.52766],[21.30643,42.52684],[21.30671,42.52674],[21.30525,42.52568],[21.30373,42.52369],[21.30293,42.5221],[21.30212,42.52179],[21.30202,42.52157],[21.30244,42.52061],[21.30241,42.51983],[21.30164,42.51752],[21.30174,42.51601],[21.30148,42.51355],[21.30028,42.51162],[21.30067,42.51144],[21.3012,42.51086],[21.30141,42.51017],[21.30125,42.50985],[21.30146,42.50919],[21.3027,42.50823],[21.30275,42.50712],[21.30293,42.50659],[21.30382,42.50578],[21.30436,42.50497],[21.30429,42.50403],[21.30449,42.50372],[21.30505,42.50337],[21.3056,42.50254],[21.30661,42.50216],[21.30711,42.50179],[21.30731,42.50135],[21.30907,42.50028],[21.31094,42.49968],[21.31187,42.49968],[21.31246,42.49902],[21.31224,42.49867],[21.31228,42.4984],[21.31319,42.49828],[21.31349,42.49736],[21.31415,42.49632],[21.31381,42.49543],[21.31425,42.4952],[21.31489,42.49431],[21.31512,42.49313],[21.31431,42.49157],[21.31342,42.49154],[21.31234,42.49126],[21.31044,42.4902],[21.31005,42.48972],[21.30975,42.48883],[21.30945,42.48661],[21.30925,42.48634],[21.30753,42.48545],[21.30781,42.485],[21.30758,42.48458],[21.30749,42.48375],[21.30678,42.48347],[21.30534,42.48253],[21.30486,42.48261],[21.30274,42.48242],[21.30171,42.48209],[21.30125,42.4827],[21.30033,42.48243],[21.29928,42.48257],[21.29897,42.48242],[21.2976,42.48237],[21.29726,42.48244],[21.29607,42.48334],[21.2946,42.48341],[21.29417,42.4833],[21.29312,42.48249],[21.29065,42.48188],[21.29011,42.48159],[21.28793,42.4819],[21.28698,42.48163],[21.28605,42.48162],[21.28382,42.48193],[21.2833,42.48231],[21.28195,42.48274],[21.28076,42.48269],[21.27936,42.48233],[21.27801,42.4829],[21.27509,42.48364],[21.27415,42.48294],[21.27353,42.48221],[21.2737,42.48039],[21.2736,42.47968],[21.27331,42.47909],[21.27342,42.47884],[21.27383,42.47825],[21.27498,42.478],[21.27555,42.47733],[21.27678,42.4765],[21.27554,42.47628],[21.27451,42.47636],[21.27428,42.47629],[21.2744,42.4759],[21.27551,42.47514],[21.27607,42.47519],[21.27714,42.47475],[21.28034,42.47487],[21.28057,42.47545],[21.28199,42.47521],[21.2821,42.47491],[21.28178,42.47431],[21.28066,42.47304],[21.28025,42.47216],[21.27862,42.47138],[21.2773,42.46997],[21.27728,42.46934],[21.27697,42.46893],[21.27699,42.46863],[21.27682,42.46838],[21.27698,42.46763],[21.27846,42.4664],[21.27789,42.46467],[21.27793,42.46408],[21.27818,42.46371],[21.27773,42.46363],[21.27744,42.46339],[21.27673,42.46336],[21.2765,42.46306],[21.27735,42.4612],[21.27729,42.46004],[21.27761,42.45895],[21.27765,42.45818],[21.27662,42.45604],[21.27661,42.45548],[21.27634,42.45503],[21.27636,42.45397],[21.27621,42.45367],[21.27536,42.45259],[21.27441,42.45224],[21.27507,42.45163],[21.27641,42.45129],[21.27692,42.45093],[21.27722,42.45038],[21.2777,42.45009],[21.27866,42.44903],[21.27945,42.44753],[21.28132,42.44487],[21.2822,42.44324],[21.28626,42.43902],[21.28592,42.43757],[21.28486,42.43676],[21.28469,42.43655],[21.28473,42.43608],[21.28545,42.43466],[21.2866,42.43414],[21.28631,42.43333],[21.28633,42.43283],[21.28687,42.43238],[21.28757,42.4322],[21.28783,42.43197],[21.28856,42.4307],[21.28945,42.43108],[21.29122,42.43139],[21.29276,42.4307],[21.29344,42.43014],[21.29499,42.42924],[21.29642,42.42773],[21.29792,42.42711],[21.29897,42.42589],[21.30097,42.4249],[21.3018,42.42402],[21.30287,42.42329],[21.30463,42.4224],[21.30529,42.42144],[21.30657,42.42153],[21.30772,42.42061],[21.30815,42.41923],[21.31007,42.4202],[21.31141,42.42036],[21.31128,42.42119],[21.31141,42.42157],[21.31252,42.42265],[21.31423,42.42322],[21.3154,42.42309],[21.31807,42.42367],[21.31819,42.42386],[21.31928,42.42431],[21.3203,42.42535],[21.32169,42.42584],[21.32343,42.42733],[21.32567,42.42834],[21.32702,42.42832],[21.3277,42.42852],[21.3282,42.42832],[21.32972,42.42841],[21.33202,42.42907],[21.33344,42.42893],[21.3392,42.4307],[21.34021,42.43079],[21.34208,42.43129],[21.34205,42.43166],[21.34165,42.43201],[21.34206,42.43235],[21.34259,42.43239],[21.34364,42.43199],[21.34385,42.43212],[21.3441,42.43107],[21.34547,42.43079],[21.34831,42.43155],[21.34913,42.43203],[21.34885,42.4324],[21.34831,42.43258],[21.34804,42.43289],[21.34748,42.43398],[21.34754,42.43444],[21.34725,42.43531],[21.34853,42.43594],[21.34979,42.43598],[21.34973,42.43543],[21.35008,42.43495],[21.35139,42.4351],[21.35224,42.43569],[21.35263,42.43563],[21.35321,42.43517],[21.35351,42.43528],[21.35397,42.43603],[21.35492,42.43617],[21.35485,42.43672],[21.35573,42.43774],[21.35667,42.43814],[21.35697,42.43788],[21.35757,42.43814],[21.35798,42.438],[21.35849,42.43866],[21.35924,42.43917],[21.35913,42.44037],[21.35983,42.4413],[21.35983,42.44193],[21.3605,42.44212],[21.36142,42.44269],[21.36246,42.44278],[21.36313,42.44324],[21.36442,42.44353],[21.36524,42.44401],[21.36533,42.44425],[21.36853,42.44329],[21.36885,42.44277],[21.3684,42.44222],[21.36848,42.44196],[21.367,42.4412],[21.36669,42.44002],[21.36629,42.4396],[21.3662,42.43918],[21.36675,42.43913],[21.36826,42.43856],[21.36938,42.43805],[21.36998,42.4375],[21.37114,42.43718],[21.37485,42.43563],[21.37479,42.43481],[21.37714,42.43443],[21.3776,42.43426],[21.37858,42.43348],[21.37281,42.43171],[21.37217,42.43215],[21.36968,42.43278],[21.36919,42.43233],[21.36905,42.43197],[21.36914,42.43127],[21.37003,42.43059],[21.36989,42.42878],[21.37036,42.4276],[21.37079,42.4276],[21.37083,42.42774],[21.37287,42.42706],[21.37467,42.42641],[21.3772,42.42512],[21.3768,42.42338],[21.37665,42.42173],[21.37632,42.42154],[21.37635,42.4203],[21.3765,42.4197],[21.37689,42.41928],[21.37715,42.41861],[21.37756,42.41821],[21.38238,42.41786],[21.38342,42.41725],[21.38454,42.41598],[21.38526,42.41554],[21.38735,42.41522],[21.39081,42.41512],[21.39196,42.41592],[21.39267,42.41698],[21.39425,42.41542],[21.39281,42.41453],[21.3938,42.41331],[21.39296,42.41292],[21.39474,42.41095],[21.39523,42.41064],[21.39591,42.40972],[21.39728,42.40899],[21.40097,42.40816],[21.40226,42.40719],[21.40308,42.40693],[21.40507,42.40768],[21.40505,42.40782],[21.40581,42.40784],[21.40756,42.4084],[21.40797,42.40834],[21.40908,42.40749],[21.40979,42.40672],[21.40987,42.40587],[21.41045,42.40489],[21.41097,42.40472],[21.41287,42.40503],[21.4139,42.40405],[21.41387,42.40284],[21.41509,42.40202],[21.41744,42.40232],[21.41957,42.40316],[21.42179,42.40333],[21.42495,42.40427],[21.42403,42.40572],[21.42696,42.40642],[21.42659,42.40726],[21.42862,42.40767],[21.42806,42.4088],[21.42892,42.4089],[21.42925,42.40823],[21.42967,42.40842],[21.43045,42.40672],[21.43219,42.40745],[21.43272,42.40787],[21.43302,42.40894],[21.43379,42.40883],[21.4348,42.40827],[21.43539,42.40919],[21.43578,42.40911],[21.43615,42.40876],[21.4363,42.40887],[21.43659,42.40875],[21.43705,42.40919],[21.43791,42.40929],[21.44037,42.40844],[21.44166,42.40776],[21.44336,42.40794],[21.44401,42.40773],[21.44487,42.40718],[21.44672,42.40785],[21.44798,42.40812],[21.44721,42.40861],[21.44718,42.40879],[21.44809,42.40937],[21.4491,42.40951],[21.44904,42.4099],[21.44963,42.41344],[21.44964,42.41484],[21.4456,42.41579],[21.44757,42.4182],[21.44585,42.41911],[21.44619,42.41948],[21.44259,42.421],[21.4409,42.42224],[21.44057,42.42292],[21.43927,42.42368],[21.43744,42.42512],[21.43553,42.42621],[21.43801,42.4261],[21.44044,42.42647],[21.44241,42.42712],[21.44579,42.42616],[21.4489,42.42558],[21.44849,42.42501],[21.44869,42.42486],[21.4513,42.42381],[21.45214,42.4236],[21.4525,42.42419],[21.45302,42.42113],[21.45392,42.41977],[21.45461,42.41904],[21.45507,42.41808],[21.45638,42.41853],[21.45736,42.41773],[21.45916,42.41673],[21.46097,42.41754],[21.46074,42.41783],[21.46448,42.41923],[21.46456,42.41899],[21.46504,42.41919],[21.46711,42.42079],[21.46671,42.42107],[21.46925,42.42297],[21.47489,42.4199],[21.4763,42.41899],[21.4767,42.41852],[21.47825,42.41743],[21.48065,42.41595],[21.48092,42.4156],[21.4824,42.41454],[21.48287,42.41492],[21.48416,42.41523],[21.48445,42.41637],[21.48518,42.41732],[21.48505,42.41757],[21.4839,42.41808],[21.48382,42.41844],[21.48401,42.41879],[21.4846,42.41885],[21.48512,42.42002],[21.48581,42.4203],[21.48643,42.42024],[21.48688,42.42039],[21.48717,42.4215],[21.48752,42.42173],[21.48874,42.42165],[21.48971,42.42094],[21.49199,42.42242],[21.49262,42.42242],[21.4931,42.42211],[21.49356,42.42204],[21.49387,42.42209],[21.49393,42.42235],[21.49429,42.42257],[21.49552,42.42267],[21.49763,42.42237],[21.49881,42.42262],[21.49925,42.42309],[21.49905,42.424],[21.49961,42.42455],[21.50145,42.4247],[21.50157,42.42481],[21.50141,42.42511],[21.5015,42.42539],[21.50199,42.42539],[21.50321,42.42489],[21.50358,42.42493],[21.50406,42.42544],[21.50381,42.42596],[21.50396,42.42607],[21.50467,42.42561],[21.50574,42.42579],[21.50702,42.42556],[21.50806,42.42583],[21.5086,42.4265],[21.50926,42.42686],[21.5101,42.42656],[21.51091,42.4259],[21.51256,42.4233],[21.51282,42.42109],[21.51401,42.41981],[21.51556,42.41935],[21.51546,42.41789],[21.51579,42.41733],[21.51817,42.4162],[21.5206,42.41599],[21.52247,42.41554],[21.5223,42.4149],[21.5223,42.41395],[21.52265,42.41274],[21.52376,42.41211],[21.52444,42.41117],[21.52506,42.41068],[21.52636,42.41033],[21.52856,42.4108],[21.52978,42.41118],[21.53216,42.41288],[21.53376,42.41332],[21.53585,42.41351],[21.53766,42.41289],[21.53924,42.41209],[21.53841,42.41135],[21.53849,42.41031],[21.53825,42.4097],[21.53799,42.40954],[21.53746,42.4076],[21.5372,42.40737],[21.53524,42.40732],[21.53466,42.40628],[21.53462,42.40595],[21.53484,42.40555],[21.53367,42.40602],[21.53311,42.40602],[21.53246,42.40597],[21.53153,42.40551],[21.53243,42.40399],[21.5331,42.40361],[21.53327,42.40386],[21.53499,42.40341],[21.53432,42.40179],[21.53489,42.40048],[21.53512,42.39941],[21.53495,42.39821],[21.53514,42.39764],[21.53574,42.39753],[21.53781,42.39786],[21.5387,42.39842],[21.53923,42.39678],[21.53807,42.39631],[21.53705,42.39625],[21.53551,42.39643],[21.53444,42.39626],[21.53422,42.39563],[21.53494,42.39574],[21.5354,42.39558],[21.53592,42.39499],[21.53576,42.39379],[21.53583,42.39294],[21.53314,42.39204],[21.53355,42.39058],[21.53505,42.38917],[21.53647,42.38842],[21.53668,42.38847],[21.53793,42.3879],[21.53952,42.38778],[21.5391,42.38675],[21.53873,42.38647],[21.53729,42.38625],[21.53655,42.3856],[21.53609,42.38588],[21.53469,42.38482],[21.53416,42.38496],[21.53356,42.38422],[21.53289,42.38459],[21.53247,42.38453],[21.53106,42.38485],[21.52794,42.38505],[21.52605,42.38626],[21.52502,42.38672],[21.52442,42.38726],[21.52241,42.38833],[21.52241,42.38878],[21.52111,42.39022],[21.51984,42.3913],[21.51875,42.39157],[21.5182,42.39245],[21.51787,42.39259],[21.51699,42.39232],[21.51475,42.39202],[21.51407,42.39174],[21.51339,42.39179],[21.51279,42.39223],[21.51181,42.39249],[21.51106,42.39308],[21.51038,42.39309],[21.50899,42.39274],[21.50862,42.39199],[21.5059,42.39245],[21.50554,42.39171],[21.50522,42.39177],[21.50523,42.39199],[21.5044,42.39243],[21.5044,42.39265],[21.50295,42.39331],[21.50009,42.39349],[21.49961,42.3934],[21.49867,42.39412],[21.49848,42.39394],[21.49716,42.39482],[21.49689,42.39466],[21.49502,42.39638],[21.49434,42.39585],[21.49311,42.39687],[21.49201,42.39604],[21.49151,42.39636],[21.49089,42.39594],[21.48954,42.39683],[21.4887,42.39666],[21.48832,42.397],[21.4868,42.39684],[21.48653,42.39728],[21.48478,42.39864],[21.48395,42.39803],[21.48205,42.39946],[21.48235,42.39973],[21.47961,42.40109],[21.47945,42.40092],[21.47564,42.4028],[21.47582,42.40317],[21.47435,42.40365],[21.4741,42.40331],[21.47406,42.40303],[21.47421,42.40298],[21.4741,42.40269],[21.47567,42.40194],[21.4742,42.40002],[21.47616,42.39867],[21.47394,42.39754],[21.47362,42.39773],[21.47326,42.3976],[21.4731,42.39776],[21.47318,42.39791],[21.47287,42.39792],[21.47275,42.39842],[21.4724,42.39859],[21.47146,42.39992],[21.46945,42.3997],[21.46918,42.39999],[21.46795,42.39999],[21.4679,42.40023],[21.46743,42.40021],[21.46719,42.39999],[21.4672,42.39916],[21.46647,42.39837],[21.46581,42.39798],[21.46485,42.39683],[21.46489,42.39628],[21.46419,42.39507],[21.46426,42.39479],[21.46407,42.39453],[21.46271,42.39398],[21.4625,42.39312],[21.4608,42.39265],[21.46076,42.39188],[21.45989,42.39156],[21.45849,42.39173],[21.45716,42.39253],[21.45653,42.39263],[21.45559,42.39252],[21.45405,42.39347],[21.45372,42.39411],[21.45332,42.39439],[21.45276,42.39445],[21.4519,42.39386],[21.45116,42.39373],[21.45122,42.39346],[21.45171,42.39315],[21.45171,42.39285],[21.45136,42.39283],[21.4513,42.39319],[21.45086,42.39335],[21.45014,42.39301],[21.44899,42.39305],[21.44872,42.3928],[21.44881,42.39265],[21.44956,42.39225],[21.44863,42.39239],[21.44745,42.39181],[21.44668,42.39062],[21.44694,42.38989],[21.44665,42.3896],[21.4461,42.38967],[21.44562,42.3895],[21.4455,42.38913],[21.44559,42.3886],[21.446,42.38783],[21.44662,42.38743],[21.44692,42.38695],[21.4468,42.38666],[21.44418,42.38565],[21.44381,42.38516],[21.44338,42.38437],[21.44393,42.38292],[21.44371,42.38259],[21.44268,42.38203],[21.44207,42.38195],[21.44113,42.38128],[21.4399,42.38114]]]}},{"type":"Feature","properties":{"name":"Hani i Elezit","slug":"hani-i-elezit","sourceName":"Hani i Elezit"},"geometry":{"type":"Polygon","coordinates":[[[21.19743,42.14845],[21.19838,42.14796],[21.20028,42.14792],[21.20121,42.14745],[21.20219,42.14738],[21.20272,42.14774],[21.20309,42.14748],[21.20332,42.14694],[21.20305,42.14544],[21.20365,42.14471],[21.20513,42.14503],[21.20581,42.14369],[21.20558,42.14275],[21.20589,42.14216],[21.20645,42.14168],[21.20766,42.14139],[21.20866,42.14064],[21.2081,42.13906],[21.20817,42.13849],[21.20904,42.13792],[21.20886,42.13746],[21.20903,42.13722],[21.21057,42.13682],[21.21097,42.13632],[21.21053,42.13524],[21.21081,42.13496],[21.21157,42.13469],[21.21254,42.1346],[21.21293,42.13436],[21.21458,42.13252],[21.21469,42.13123],[21.21535,42.1301],[21.21627,42.1294],[21.21637,42.12889],[21.21535,42.128],[21.21586,42.12675],[21.21639,42.12598],[21.21626,42.12494],[21.21649,42.12384],[21.21587,42.12207],[21.21604,42.12019],[21.21529,42.11918],[21.21555,42.11807],[21.21502,42.11743],[21.21517,42.11637],[21.21479,42.1155],[21.21493,42.11375],[21.21438,42.11258],[21.21308,42.11155],[21.21274,42.11091],[21.21334,42.1096],[21.21402,42.10916],[21.21436,42.10869],[21.21438,42.1079],[21.21469,42.10756],[21.21537,42.10725],[21.21568,42.10624],[21.21689,42.10393],[21.21813,42.10314],[21.21895,42.10236],[21.22002,42.1021],[21.2203,42.10185],[21.22035,42.10136],[21.22132,42.10012],[21.22202,42.09756],[21.22138,42.0961],[21.22172,42.09523],[21.22226,42.09485],[21.22272,42.09369],[21.22331,42.09373],[21.22308,42.0944],[21.22352,42.09467],[21.22354,42.095],[21.22445,42.09557],[21.22559,42.09542],[21.22585,42.09548],[21.22607,42.0958],[21.22691,42.09585],[21.22732,42.09671],[21.22776,42.09714],[21.22874,42.09674],[21.22979,42.09692],[21.23076,42.09748],[21.23264,42.09806],[21.23301,42.09534],[21.23605,42.09396],[21.23718,42.09367],[21.23835,42.09393],[21.23942,42.0936],[21.24063,42.09371],[21.24484,42.09342],[21.24555,42.09247],[21.25689,42.09321],[21.25729,42.09444],[21.26942,42.09756],[21.29208,42.11144],[21.29937,42.10922],[21.30134,42.10676],[21.30273,42.10634],[21.3035,42.10474],[21.30605,42.10553],[21.30936,42.10609],[21.31387,42.10615],[21.31637,42.10725],[21.31764,42.10707],[21.31965,42.10731],[21.32144,42.10801],[21.32035,42.10877],[21.31891,42.11145],[21.3155,42.11401],[21.31467,42.11544],[21.31474,42.11588],[21.31619,42.11706],[21.31598,42.1181],[21.31436,42.12057],[21.31271,42.12056],[21.31185,42.12137],[21.31146,42.12291],[21.31157,42.12446],[21.31108,42.12517],[21.31033,42.12564],[21.31024,42.12609],[21.31053,42.12723],[21.3103,42.12777],[21.30649,42.13063],[21.30617,42.13104],[21.30425,42.13167],[21.30335,42.13234],[21.30457,42.1344],[21.30472,42.13601],[21.30447,42.1365],[21.30392,42.13705],[21.30347,42.13725],[21.30105,42.13776],[21.29944,42.13828],[21.2982,42.139],[21.30013,42.1401],[21.30158,42.14057],[21.30261,42.14146],[21.30303,42.14152],[21.30403,42.1421],[21.30447,42.14214],[21.30444,42.14231],[21.30353,42.14246],[21.30359,42.14265],[21.30438,42.1428],[21.30509,42.14327],[21.30486,42.1435],[21.30448,42.14343],[21.30342,42.14415],[21.30368,42.14447],[21.30383,42.14531],[21.30401,42.14533],[21.30509,42.14365],[21.30536,42.14347],[21.30619,42.14406],[21.3058,42.14445],[21.3063,42.14473],[21.30685,42.14455],[21.30779,42.14455],[21.30785,42.14515],[21.30771,42.14531],[21.30835,42.14569],[21.30871,42.14617],[21.30812,42.14637],[21.30753,42.14733],[21.30749,42.14813],[21.30808,42.14834],[21.30837,42.14785],[21.30891,42.14805],[21.30884,42.14818],[21.30946,42.14835],[21.30937,42.14854],[21.30956,42.14862],[21.30954,42.14896],[21.30998,42.14899],[21.30994,42.14918],[21.31035,42.14951],[21.31078,42.14963],[21.31037,42.14981],[21.31023,42.15011],[21.31064,42.15026],[21.31071,42.15069],[21.31186,42.15079],[21.31189,42.151],[21.31166,42.15122],[21.31189,42.15187],[21.31223,42.15171],[21.31258,42.15195],[21.31259,42.15286],[21.31444,42.15444],[21.31462,42.15531],[21.31518,42.15557],[21.3152,42.15592],[21.31597,42.15656],[21.31568,42.15709],[21.31629,42.1573],[21.31612,42.1576],[21.31676,42.15777],[21.31687,42.15806],[21.3175,42.15815],[21.31827,42.15868],[21.31821,42.15892],[21.31872,42.15912],[21.31864,42.15936],[21.32027,42.16026],[21.32071,42.16079],[21.32088,42.16136],[21.3208,42.16208],[21.32033,42.16261],[21.31973,42.16279],[21.31926,42.16266],[21.31898,42.16308],[21.31833,42.16322],[21.31834,42.16421],[21.31791,42.16429],[21.31783,42.1646],[21.31735,42.16471],[21.31679,42.16689],[21.31693,42.16722],[21.31669,42.16728],[21.31665,42.16752],[21.3159,42.16753],[21.31582,42.16771],[21.3162,42.168],[21.31589,42.16812],[21.31597,42.16843],[21.31701,42.16926],[21.31696,42.1709],[21.31766,42.17089],[21.31778,42.17131],[21.31795,42.17139],[21.31889,42.17108],[21.31894,42.17166],[21.31861,42.17193],[21.31558,42.17245],[21.31572,42.17267],[21.31614,42.1727],[21.31649,42.17323],[21.31765,42.17425],[21.31872,42.17435],[21.32077,42.17534],[21.32136,42.17529],[21.32174,42.17563],[21.32194,42.17632],[21.32219,42.17649],[21.3234,42.1768],[21.32413,42.17678],[21.32507,42.1764],[21.32565,42.17682],[21.32615,42.17757],[21.32676,42.1777],[21.32723,42.17811],[21.32739,42.17848],[21.32845,42.17908],[21.32815,42.18019],[21.32875,42.181],[21.32932,42.18148],[21.33045,42.18183],[21.33055,42.18217],[21.33016,42.18268],[21.32959,42.18276],[21.32944,42.18296],[21.32977,42.18369],[21.33083,42.18392],[21.33121,42.18368],[21.33135,42.18384],[21.33134,42.18412],[21.33248,42.18537],[21.33222,42.18633],[21.33266,42.18692],[21.33261,42.18718],[21.33416,42.18843],[21.33443,42.18845],[21.33506,42.19004],[21.3359,42.1914],[21.33566,42.19166],[21.33498,42.19344],[21.33458,42.19378],[21.33414,42.19387],[21.33406,42.19413],[21.33376,42.19419],[21.33354,42.19465],[21.33305,42.19482],[21.33277,42.19537],[21.33284,42.19582],[21.33226,42.19661],[21.33192,42.19682],[21.33199,42.19739],[21.3316,42.1979],[21.33115,42.19935],[21.33014,42.19967],[21.32911,42.20028],[21.32951,42.20045],[21.32966,42.20084],[21.33033,42.2011],[21.33081,42.20176],[21.33152,42.20195],[21.33214,42.20249],[21.33152,42.20288],[21.33264,42.20341],[21.33287,42.20387],[21.33196,42.20403],[21.3317,42.20436],[21.33229,42.20443],[21.33208,42.20493],[21.33246,42.20496],[21.3327,42.20472],[21.33364,42.20497],[21.33361,42.20541],[21.33381,42.20543],[21.33411,42.20585],[21.33339,42.20625],[21.33293,42.20719],[21.33229,42.20721],[21.33221,42.20778],[21.33282,42.20826],[21.33358,42.20835],[21.33358,42.20866],[21.33427,42.20868],[21.33425,42.20816],[21.33504,42.20731],[21.33584,42.20679],[21.33768,42.20862],[21.33102,42.21102],[21.31733,42.21385],[21.31605,42.20835],[21.30935,42.20373],[21.30862,42.20202],[21.3088,42.19992],[21.30812,42.19986],[21.30753,42.19952],[21.3072,42.19979],[21.30563,42.19991],[21.30504,42.19955],[21.30381,42.19994],[21.30373,42.1998],[21.30354,42.19986],[21.30264,42.20053],[21.30168,42.20043],[21.30124,42.20069],[21.3011,42.20043],[21.30081,42.20036],[21.3009,42.20009],[21.30079,42.20006],[21.30007,42.20034],[21.2996,42.20101],[21.29874,42.20092],[21.29638,42.19758],[21.29669,42.19616],[21.2964,42.19606],[21.29638,42.19543],[21.29609,42.19503],[21.29576,42.19485],[21.29527,42.19488],[21.29515,42.19459],[21.29484,42.19465],[21.29427,42.19402],[21.29362,42.19382],[21.29175,42.19417],[21.29096,42.19366],[21.29092,42.1934],[21.29137,42.19292],[21.29094,42.19247],[21.29142,42.1917],[21.29053,42.18961],[21.28945,42.18887],[21.28859,42.18868],[21.2862,42.18861],[21.28578,42.18874],[21.2852,42.18842],[21.28417,42.18831],[21.28351,42.1877],[21.28304,42.18751],[21.28301,42.18634],[21.28176,42.18539],[21.28204,42.18405],[21.28128,42.18311],[21.28076,42.18287],[21.28102,42.1825],[21.28081,42.18225],[21.28062,42.18153],[21.27989,42.1814],[21.27869,42.18197],[21.27844,42.18162],[21.27762,42.18144],[21.2773,42.18079],[21.27798,42.18026],[21.27745,42.17949],[21.27657,42.17923],[21.27492,42.17815],[21.27366,42.17689],[21.27227,42.17629],[21.27205,42.17682],[21.27176,42.17675],[21.27157,42.1762],[21.27173,42.17606],[21.2717,42.17579],[21.27127,42.17561],[21.27095,42.17513],[21.27077,42.17398],[21.27058,42.17373],[21.27019,42.17394],[21.26913,42.17412],[21.26703,42.17382],[21.26692,42.17421],[21.2672,42.17473],[21.26751,42.17495],[21.26683,42.17543],[21.26466,42.17515],[21.26422,42.17532],[21.2625,42.17493],[21.26205,42.17508],[21.2616,42.17548],[21.26168,42.1766],[21.26369,42.17761],[21.26401,42.17844],[21.26359,42.17964],[21.2625,42.18098],[21.26221,42.18156],[21.26208,42.18245],[21.26214,42.18355],[21.26357,42.18475],[21.26441,42.18527],[21.26566,42.18572],[21.26643,42.18637],[21.26658,42.18682],[21.26643,42.18783],[21.26581,42.18908],[21.26543,42.19054],[21.26454,42.19114],[21.26473,42.19071],[21.26201,42.19029],[21.26139,42.1907],[21.2602,42.19013],[21.25977,42.1896],[21.25713,42.18994],[21.25529,42.18951],[21.255,42.18926],[21.25375,42.18895],[21.25347,42.18859],[21.2529,42.18834],[21.2529,42.1882],[21.25099,42.18716],[21.25042,42.18622],[21.24745,42.18405],[21.24797,42.18313],[21.24662,42.18126],[21.24422,42.17696],[21.24409,42.1765],[21.24328,42.17644],[21.24282,42.1762],[21.24281,42.17546],[21.24115,42.17409],[21.24059,42.17296],[21.2409,42.17285],[21.24127,42.17224],[21.2423,42.17126],[21.2419,42.17106],[21.24231,42.17064],[21.24283,42.1693],[21.24241,42.16802],[21.24135,42.16662],[21.24102,42.16595],[21.23778,42.16442],[21.23762,42.16337],[21.23621,42.16219],[21.23608,42.16148],[21.23624,42.1604],[21.23431,42.16038],[21.23183,42.15982],[21.23135,42.15997],[21.22944,42.15981],[21.22702,42.15883],[21.22649,42.15891],[21.22587,42.15928],[21.22588,42.16065],[21.22504,42.16177],[21.22486,42.16184],[21.22396,42.16142],[21.22215,42.16171],[21.22059,42.16165],[21.21914,42.16239],[21.21863,42.1625],[21.21537,42.16438],[21.21387,42.16501],[21.21248,42.16522],[21.21201,42.16543],[21.21122,42.16647],[21.21085,42.16737],[21.21081,42.16791],[21.21006,42.1686],[21.20984,42.1687],[21.20866,42.1685],[21.20806,42.16816],[21.20634,42.16839],[21.20471,42.1689],[21.20653,42.1663],[21.20652,42.16556],[21.20613,42.16531],[21.20635,42.16477],[21.20574,42.16262],[21.20477,42.16099],[21.20393,42.16007],[21.2035,42.15924],[21.20263,42.15815],[21.20239,42.15746],[21.20147,42.15634],[21.20171,42.15575],[21.20173,42.15495],[21.20059,42.15247],[21.19972,42.15154],[21.19743,42.14845]]]}},{"type":"Feature","properties":{"name":"Istog","slug":"istog","sourceName":"Istog"},"geometry":{"type":"Polygon","coordinates":[[[20.32004,42.82605],[20.32463,42.82544],[20.3259,42.82495],[20.33066,42.82425],[20.33297,42.82364],[20.33497,42.82022],[20.33747,42.81506],[20.34095,42.81237],[20.34048,42.8057],[20.33927,42.80389],[20.3382,42.80129],[20.33649,42.79841],[20.3366,42.79624],[20.33621,42.79587],[20.3361,42.79535],[20.33556,42.79463],[20.33535,42.79336],[20.33459,42.78364],[20.33469,42.78345],[20.33435,42.7832],[20.33501,42.78242],[20.335,42.78186],[20.33464,42.78138],[20.33492,42.78141],[20.33585,42.7805],[20.33597,42.77941],[20.33548,42.7796],[20.33605,42.77887],[20.33636,42.77881],[20.33629,42.77844],[20.33587,42.7783],[20.33592,42.77785],[20.33485,42.77786],[20.33535,42.77716],[20.33536,42.77673],[20.33438,42.77384],[20.33492,42.77284],[20.3351,42.77141],[20.33477,42.7711],[20.33436,42.76928],[20.33464,42.76877],[20.33464,42.76839],[20.33567,42.76715],[20.33602,42.7664],[20.33699,42.76593],[20.33725,42.76532],[20.33813,42.76502],[20.3385,42.76452],[20.33839,42.76391],[20.33809,42.76351],[20.33824,42.76284],[20.33732,42.76191],[20.33737,42.76093],[20.33853,42.7577],[20.33859,42.75674],[20.33936,42.7549],[20.34042,42.75308],[20.34054,42.7523],[20.3412,42.7512],[20.34255,42.7494],[20.34282,42.74924],[20.34276,42.74873],[20.34354,42.74773],[20.34351,42.74757],[20.34388,42.74736],[20.34408,42.74686],[20.34439,42.74688],[20.34446,42.74633],[20.34486,42.74577],[20.3454,42.74597],[20.34556,42.74596],[20.34561,42.74575],[20.34701,42.74591],[20.34735,42.74549],[20.34751,42.74465],[20.34761,42.74386],[20.34746,42.74287],[20.34438,42.73979],[20.34496,42.7395],[20.34557,42.73892],[20.3474,42.73678],[20.34726,42.73637],[20.34594,42.7353],[20.34574,42.73493],[20.34594,42.73431],[20.34634,42.734],[20.34649,42.73349],[20.3464,42.73313],[20.34565,42.7326],[20.34335,42.73297],[20.34252,42.73273],[20.34172,42.7321],[20.34163,42.73176],[20.34139,42.7316],[20.34198,42.73101],[20.34207,42.7306],[20.34149,42.72974],[20.34164,42.72909],[20.34264,42.72859],[20.34429,42.72832],[20.34439,42.72741],[20.34537,42.72689],[20.34577,42.72602],[20.34608,42.72579],[20.34739,42.72552],[20.34764,42.72495],[20.34788,42.72363],[20.34976,42.72267],[20.3507,42.72266],[20.35125,42.72316],[20.35251,42.72347],[20.35296,42.72339],[20.35345,42.72299],[20.35447,42.72281],[20.35545,42.72217],[20.35657,42.72243],[20.35712,42.72234],[20.35786,42.72191],[20.35865,42.72098],[20.35892,42.72031],[20.35889,42.71984],[20.35836,42.71932],[20.35842,42.71888],[20.35901,42.71874],[20.36179,42.71914],[20.36228,42.71885],[20.36236,42.71779],[20.36341,42.71744],[20.36433,42.71664],[20.36523,42.71657],[20.36593,42.71595],[20.36732,42.71575],[20.36741,42.71547],[20.36725,42.71494],[20.36777,42.71445],[20.36883,42.71407],[20.36949,42.71404],[20.37151,42.71431],[20.37217,42.71383],[20.37287,42.71297],[20.37433,42.71248],[20.37517,42.71182],[20.37562,42.71169],[20.37625,42.71211],[20.3771,42.71204],[20.37727,42.7119],[20.37737,42.71122],[20.37761,42.71097],[20.37884,42.71041],[20.37965,42.70935],[20.38053,42.70917],[20.38104,42.70886],[20.38163,42.70807],[20.38242,42.70741],[20.38255,42.70684],[20.38439,42.70622],[20.38444,42.70597],[20.3841,42.70539],[20.38408,42.70486],[20.38466,42.705],[20.38531,42.70433],[20.38594,42.7042],[20.3869,42.70351],[20.38755,42.70271],[20.38781,42.70204],[20.38845,42.70167],[20.38875,42.70091],[20.38995,42.70018],[20.39105,42.7002],[20.39192,42.69973],[20.3926,42.69882],[20.39213,42.69793],[20.39209,42.69754],[20.39272,42.697],[20.39288,42.69655],[20.39215,42.69551],[20.39247,42.69439],[20.39279,42.69385],[20.39272,42.69339],[20.39285,42.69318],[20.39444,42.69286],[20.39453,42.69273],[20.39428,42.69238],[20.39434,42.6919],[20.39493,42.69136],[20.39534,42.69047],[20.39571,42.69028],[20.39653,42.69029],[20.39762,42.68981],[20.39921,42.69009],[20.4016,42.68988],[20.40255,42.68943],[20.40265,42.6892],[20.40376,42.68877],[20.40432,42.68832],[20.40691,42.68869],[20.40734,42.68858],[20.40774,42.68821],[20.40826,42.68844],[20.40945,42.68838],[20.41014,42.68777],[20.41058,42.6879],[20.41093,42.68842],[20.41126,42.68856],[20.41234,42.68826],[20.41329,42.68854],[20.41434,42.68856],[20.4148,42.68883],[20.41543,42.68853],[20.4153,42.68824],[20.41539,42.68799],[20.41563,42.68794],[20.41721,42.68847],[20.41782,42.68775],[20.41824,42.68761],[20.41891,42.68768],[20.41941,42.6874],[20.41984,42.68737],[20.42014,42.6872],[20.42053,42.68664],[20.42079,42.68699],[20.422,42.68705],[20.42263,42.68647],[20.42364,42.6868],[20.42577,42.68682],[20.42655,42.68668],[20.42709,42.68628],[20.42781,42.68639],[20.42832,42.68668],[20.42984,42.68634],[20.43107,42.68664],[20.4319,42.68651],[20.43226,42.68794],[20.43272,42.68805],[20.43546,42.68667],[20.43596,42.68656],[20.43685,42.68673],[20.43694,42.68702],[20.43658,42.68749],[20.44033,42.68716],[20.44092,42.6878],[20.43969,42.68781],[20.43886,42.68841],[20.43787,42.68864],[20.43718,42.68861],[20.43765,42.68889],[20.43763,42.68905],[20.43814,42.68923],[20.4381,42.68945],[20.43916,42.68977],[20.43937,42.68939],[20.43986,42.68963],[20.44086,42.68936],[20.44111,42.68956],[20.44134,42.68942],[20.44154,42.68967],[20.44252,42.68998],[20.44369,42.68983],[20.4445,42.68991],[20.44417,42.68873],[20.44463,42.68852],[20.44491,42.68802],[20.44588,42.68799],[20.44622,42.68781],[20.44614,42.68764],[20.44629,42.68758],[20.44609,42.68751],[20.44629,42.68745],[20.44809,42.68756],[20.44807,42.68687],[20.44759,42.68574],[20.4482,42.68491],[20.44812,42.6842],[20.44844,42.68416],[20.44917,42.6844],[20.44975,42.68427],[20.45117,42.68436],[20.45159,42.68492],[20.45344,42.68532],[20.45361,42.68621],[20.45339,42.68676],[20.45432,42.68735],[20.4557,42.68785],[20.45689,42.68758],[20.45769,42.68706],[20.45804,42.68713],[20.45933,42.6864],[20.46087,42.68648],[20.4631,42.68563],[20.4633,42.68577],[20.46387,42.68549],[20.46458,42.68574],[20.46483,42.68604],[20.46666,42.68622],[20.46726,42.6856],[20.46737,42.68521],[20.4676,42.68514],[20.46862,42.6855],[20.46957,42.68548],[20.46971,42.68528],[20.47043,42.68506],[20.47118,42.68516],[20.47142,42.6849],[20.47234,42.68481],[20.47386,42.68399],[20.47475,42.68439],[20.47495,42.68442],[20.47505,42.68426],[20.47578,42.68431],[20.47531,42.6849],[20.47551,42.68504],[20.47532,42.68535],[20.4759,42.68629],[20.47699,42.6861],[20.4773,42.68645],[20.4771,42.68667],[20.47705,42.68706],[20.47785,42.68745],[20.47803,42.6877],[20.48028,42.6881],[20.48023,42.68864],[20.48082,42.68854],[20.48096,42.68837],[20.48137,42.68838],[20.48154,42.68866],[20.48148,42.68913],[20.48166,42.68916],[20.48218,42.68911],[20.48237,42.68859],[20.48336,42.68805],[20.4837,42.68804],[20.48384,42.68827],[20.48424,42.68822],[20.48449,42.68795],[20.48507,42.68815],[20.48528,42.68775],[20.48544,42.68773],[20.48567,42.68797],[20.48633,42.68798],[20.4866,42.68757],[20.48714,42.6874],[20.48735,42.68754],[20.48777,42.68751],[20.48835,42.68787],[20.48865,42.68769],[20.48877,42.68741],[20.48868,42.68715],[20.48893,42.68711],[20.4893,42.6873],[20.48984,42.68712],[20.49,42.68636],[20.49094,42.68597],[20.49115,42.68598],[20.49156,42.68639],[20.49213,42.68579],[20.49231,42.68598],[20.49228,42.68636],[20.49294,42.68616],[20.49331,42.68648],[20.49365,42.68615],[20.49401,42.68646],[20.49454,42.68629],[20.49455,42.68676],[20.49522,42.68691],[20.49582,42.68733],[20.49542,42.68742],[20.49529,42.68763],[20.4953,42.68776],[20.49567,42.68784],[20.49632,42.68763],[20.49752,42.68674],[20.49811,42.68707],[20.49851,42.6869],[20.49933,42.68701],[20.49941,42.6866],[20.49984,42.68674],[20.5001,42.68667],[20.50037,42.68607],[20.50342,42.687],[20.50389,42.68618],[20.50506,42.68562],[20.50503,42.685],[20.50589,42.68439],[20.50623,42.68433],[20.50637,42.68469],[20.50675,42.68486],[20.50715,42.68484],[20.50761,42.68447],[20.50841,42.68473],[20.50889,42.68469],[20.50921,42.68424],[20.50853,42.68408],[20.5085,42.68364],[20.50853,42.68333],[20.50887,42.68307],[20.50977,42.6829],[20.50979,42.68323],[20.51038,42.68332],[20.51053,42.68344],[20.51052,42.68365],[20.51119,42.68372],[20.5115,42.68373],[20.51225,42.68328],[20.51228,42.68357],[20.51294,42.68441],[20.51318,42.68408],[20.51481,42.68321],[20.51624,42.68444],[20.51613,42.68495],[20.51674,42.68512],[20.51869,42.68667],[20.51823,42.68701],[20.5196,42.68811],[20.52002,42.69006],[20.52052,42.68926],[20.52884,42.68572],[20.53402,42.68297],[20.53561,42.68289],[20.53908,42.6833],[20.54209,42.68419],[20.5441,42.68447],[20.54571,42.68436],[20.5466,42.6841],[20.55005,42.68458],[20.55488,42.68621],[20.5564,42.68643],[20.55748,42.68519],[20.55877,42.6862],[20.55992,42.68653],[20.55997,42.68679],[20.56052,42.68711],[20.56084,42.6869],[20.56224,42.68787],[20.5629,42.68809],[20.56329,42.68804],[20.56466,42.68875],[20.56486,42.68895],[20.56474,42.68922],[20.56576,42.69045],[20.56542,42.6914],[20.56572,42.69134],[20.56745,42.69297],[20.56895,42.69373],[20.56993,42.69397],[20.57089,42.694],[20.57071,42.69454],[20.57095,42.69482],[20.57079,42.69512],[20.57097,42.69673],[20.57195,42.69577],[20.57327,42.69635],[20.57535,42.69786],[20.57583,42.69944],[20.57588,42.702],[20.57687,42.70354],[20.57681,42.70606],[20.57507,42.70721],[20.57809,42.70876],[20.57847,42.70804],[20.57875,42.70675],[20.57899,42.70458],[20.58083,42.70403],[20.58139,42.70375],[20.58154,42.70346],[20.5817,42.70288],[20.58167,42.70212],[20.58138,42.70141],[20.58144,42.70055],[20.5829,42.70014],[20.58318,42.6997],[20.58451,42.69907],[20.58497,42.69866],[20.58653,42.69822],[20.58757,42.69815],[20.58815,42.69881],[20.58985,42.69971],[20.59046,42.70091],[20.59063,42.70111],[20.59102,42.70113],[20.59216,42.70099],[20.59428,42.69989],[20.59695,42.69912],[20.59763,42.69872],[20.59954,42.70143],[20.60038,42.70211],[20.60117,42.7033],[20.60215,42.70423],[20.60364,42.70506],[20.60409,42.70608],[20.6039,42.70695],[20.60421,42.70722],[20.60548,42.7074],[20.60625,42.70799],[20.60707,42.70818],[20.60795,42.70863],[20.60883,42.70925],[20.61075,42.71128],[20.61243,42.71238],[20.61561,42.71403],[20.61633,42.7146],[20.61695,42.71481],[20.61946,42.71653],[20.61982,42.71838],[20.61895,42.72145],[20.61956,42.72338],[20.61981,42.72465],[20.61983,42.72563],[20.61972,42.72618],[20.61841,42.72758],[20.61916,42.72738],[20.61975,42.72748],[20.62149,42.7282],[20.62275,42.72825],[20.62361,42.7281],[20.62493,42.72737],[20.62671,42.72709],[20.62821,42.72598],[20.63086,42.72492],[20.63283,42.72393],[20.6363,42.72651],[20.63675,42.72613],[20.63728,42.72672],[20.63743,42.72622],[20.63795,42.72632],[20.63815,42.72728],[20.64081,42.73148],[20.64034,42.73203],[20.63847,42.73254],[20.63758,42.73307],[20.63791,42.73482],[20.63704,42.73628],[20.63828,42.73718],[20.63964,42.73657],[20.64077,42.73671],[20.64114,42.7369],[20.64211,42.73811],[20.6426,42.73846],[20.64395,42.73867],[20.6449,42.73995],[20.64559,42.74208],[20.64636,42.74239],[20.64651,42.74336],[20.64864,42.74457],[20.64935,42.74572],[20.64967,42.74594],[20.65016,42.74692],[20.65104,42.74756],[20.6514,42.7482],[20.65135,42.74945],[20.65108,42.75031],[20.6514,42.75169],[20.64991,42.75257],[20.64867,42.75302],[20.64562,42.75531],[20.6449,42.75613],[20.64487,42.75658],[20.64411,42.75743],[20.64304,42.75812],[20.6423,42.75882],[20.64242,42.75946],[20.64209,42.76044],[20.64169,42.76102],[20.64184,42.76135],[20.64112,42.76237],[20.64083,42.7634],[20.64084,42.7639],[20.63916,42.76566],[20.63724,42.76669],[20.63693,42.76707],[20.63704,42.76749],[20.63495,42.77006],[20.63484,42.77047],[20.63497,42.77075],[20.63465,42.77143],[20.63426,42.77164],[20.63427,42.77183],[20.63475,42.77218],[20.63541,42.77234],[20.6349,42.77314],[20.63636,42.7738],[20.635,42.77465],[20.63375,42.77383],[20.63181,42.77466],[20.63084,42.77451],[20.63015,42.7753],[20.62963,42.77624],[20.62914,42.77648],[20.62888,42.7769],[20.63038,42.77732],[20.62882,42.77809],[20.62905,42.77852],[20.62997,42.77904],[20.6302,42.77874],[20.63086,42.77878],[20.63094,42.77862],[20.63213,42.77892],[20.6323,42.77898],[20.63207,42.77934],[20.63231,42.77958],[20.63364,42.77976],[20.63509,42.78027],[20.63535,42.78056],[20.63574,42.78065],[20.63609,42.78109],[20.63655,42.78116],[20.63667,42.78146],[20.63728,42.78159],[20.6383,42.78144],[20.63875,42.78177],[20.63958,42.78198],[20.63973,42.7823],[20.63953,42.78266],[20.64041,42.78328],[20.64055,42.78422],[20.64072,42.78444],[20.64113,42.78443],[20.64143,42.78517],[20.64156,42.78575],[20.64098,42.78637],[20.64124,42.78693],[20.64119,42.78744],[20.64161,42.78784],[20.6425,42.78819],[20.64247,42.78854],[20.64222,42.7888],[20.64236,42.78894],[20.64231,42.78964],[20.64293,42.79152],[20.64364,42.79229],[20.64309,42.79304],[20.64342,42.79325],[20.6435,42.79352],[20.64484,42.7943],[20.64463,42.79663],[20.64478,42.79691],[20.64449,42.79776],[20.64471,42.79839],[20.64461,42.79896],[20.64438,42.79929],[20.64435,42.79981],[20.64452,42.80025],[20.64447,42.80077],[20.64472,42.8013],[20.64426,42.80184],[20.6444,42.80216],[20.64432,42.80377],[20.64453,42.80417],[20.64441,42.80461],[20.64404,42.80492],[20.64404,42.80518],[20.64382,42.80529],[20.64354,42.80587],[20.64389,42.80661],[20.64357,42.80677],[20.64357,42.80741],[20.64328,42.80755],[20.64365,42.80787],[20.64337,42.8083],[20.64333,42.80891],[20.6436,42.81004],[20.64328,42.81045],[20.64351,42.81071],[20.6432,42.81102],[20.64313,42.81176],[20.64286,42.81195],[20.64292,42.81313],[20.64244,42.81455],[20.6426,42.81496],[20.64291,42.81505],[20.64342,42.81608],[20.644,42.81633],[20.64415,42.81666],[20.64453,42.8169],[20.64513,42.817],[20.6455,42.81732],[20.64563,42.81773],[20.64547,42.81816],[20.64588,42.81864],[20.646,42.81948],[20.64615,42.81966],[20.6464,42.81966],[20.64641,42.82006],[20.6467,42.82041],[20.64693,42.82127],[20.64781,42.82195],[20.6479,42.82242],[20.64823,42.82246],[20.64896,42.82357],[20.64931,42.82518],[20.64928,42.82601],[20.64958,42.82694],[20.64998,42.82735],[20.65001,42.82802],[20.64958,42.82836],[20.64958,42.82923],[20.65002,42.82998],[20.64998,42.83033],[20.65076,42.8316],[20.65063,42.83239],[20.65091,42.83307],[20.65082,42.834],[20.65101,42.83437],[20.65055,42.83515],[20.65051,42.83599],[20.64988,42.83774],[20.65006,42.83803],[20.6497,42.83869],[20.64996,42.83934],[20.64974,42.83973],[20.64971,42.84091],[20.64956,42.84126],[20.65029,42.8419],[20.65043,42.84246],[20.65087,42.8426],[20.64966,42.84315],[20.64895,42.84305],[20.64534,42.84121],[20.64506,42.84087],[20.64404,42.84124],[20.64313,42.84188],[20.64216,42.84189],[20.64092,42.84125],[20.63968,42.84102],[20.63817,42.84042],[20.63111,42.8417],[20.6293,42.84345],[20.62806,42.84619],[20.62783,42.8477],[20.62813,42.84972],[20.62781,42.85211],[20.62651,42.8539],[20.62581,42.85606],[20.62567,42.85737],[20.62462,42.85854],[20.62541,42.85888],[20.62531,42.85991],[20.62442,42.86028],[20.62575,42.86124],[20.6252,42.86286],[20.6219,42.86464],[20.62038,42.86453],[20.61881,42.86496],[20.61886,42.8661],[20.6171,42.86654],[20.61645,42.86689],[20.61629,42.86724],[20.61661,42.8676],[20.61696,42.86774],[20.61814,42.86758],[20.61821,42.8681],[20.62058,42.8684],[20.61992,42.86928],[20.62087,42.87058],[20.62075,42.87169],[20.61768,42.87266],[20.61717,42.87442],[20.61645,42.87523],[20.61592,42.87554],[20.61477,42.87598],[20.61388,42.87594],[20.6114,42.87653],[20.60893,42.87652],[20.6063,42.87847],[20.60429,42.87896],[20.60334,42.87941],[20.60296,42.88034],[20.60236,42.88077],[20.59997,42.88081],[20.59743,42.88146],[20.59616,42.88152],[20.59374,42.88218],[20.59106,42.88341],[20.59025,42.88348],[20.58808,42.88421],[20.58759,42.88451],[20.58618,42.88486],[20.58557,42.88533],[20.58384,42.88555],[20.58116,42.8868],[20.5791,42.88801],[20.57811,42.88837],[20.57692,42.88855],[20.57514,42.88986],[20.57285,42.89102],[20.57141,42.89131],[20.56938,42.89127],[20.56893,42.89173],[20.56685,42.89215],[20.56628,42.89186],[20.56609,42.89152],[20.56548,42.89149],[20.56541,42.8913],[20.56517,42.8913],[20.56406,42.89035],[20.56289,42.89002],[20.56238,42.88965],[20.56167,42.88966],[20.5615,42.88943],[20.55922,42.88909],[20.55877,42.88889],[20.55746,42.88885],[20.55613,42.88854],[20.5556,42.88804],[20.555,42.88791],[20.55471,42.88767],[20.55354,42.88769],[20.55304,42.88759],[20.55291,42.88735],[20.55196,42.88724],[20.55168,42.8867],[20.551,42.88638],[20.55066,42.88639],[20.55077,42.88593],[20.55028,42.88553],[20.54984,42.88551],[20.54951,42.88571],[20.54936,42.88549],[20.54769,42.88564],[20.54039,42.88512],[20.53846,42.88532],[20.53845,42.88428],[20.53593,42.88256],[20.52164,42.87956],[20.51496,42.87783],[20.5104,42.87527],[20.50188,42.87096],[20.49689,42.86943],[20.49294,42.86911],[20.48688,42.86786],[20.48437,42.86627],[20.47772,42.85966],[20.46387,42.8533],[20.44359,42.83598],[20.4429,42.83473],[20.44192,42.83355],[20.43938,42.83308],[20.43812,42.83315],[20.43617,42.8334],[20.43271,42.83438],[20.42772,42.83681],[20.4225,42.84056],[20.41618,42.84589],[20.40879,42.84721],[20.40723,42.84688],[20.40549,42.84685],[20.40433,42.84663],[20.3999,42.8453],[20.39857,42.84416],[20.39607,42.8446],[20.39377,42.84447],[20.39209,42.84361],[20.39151,42.84363],[20.38942,42.84217],[20.3859,42.84295],[20.38383,42.84282],[20.38205,42.84224],[20.37863,42.84073],[20.37773,42.8399],[20.37409,42.83771],[20.36964,42.83563],[20.36455,42.83224],[20.36172,42.83319],[20.35993,42.83319],[20.3568,42.83219],[20.35404,42.83263],[20.35331,42.83302],[20.35303,42.83351],[20.35199,42.83353],[20.3494,42.83243],[20.34602,42.83283],[20.34355,42.83282],[20.34316,42.83346],[20.34131,42.83463],[20.34075,42.83528],[20.34074,42.83551],[20.33925,42.83618],[20.33746,42.83557],[20.3349,42.83555],[20.33397,42.83489],[20.33248,42.83428],[20.33152,42.83353],[20.32969,42.83319],[20.32838,42.83333],[20.32756,42.83316],[20.32004,42.82605]]]}},{"type":"Feature","properties":{"name":"Junik","slug":"junik","sourceName":"Junik"},"geometry":{"type":"Polygon","coordinates":[[[20.08642,42.58503],[20.08656,42.58475],[20.08656,42.58263],[20.08697,42.58243],[20.08721,42.58177],[20.08832,42.58032],[20.08834,42.57887],[20.0888,42.57853],[20.08924,42.57789],[20.08959,42.57542],[20.08948,42.57469],[20.08888,42.57385],[20.08755,42.57266],[20.08686,42.57245],[20.08668,42.57214],[20.08518,42.57093],[20.08527,42.56909],[20.08545,42.56846],[20.08537,42.5682],[20.08352,42.56538],[20.08295,42.56409],[20.0824,42.5635],[20.08161,42.56168],[20.08068,42.56042],[20.08034,42.55978],[20.08011,42.55847],[20.07925,42.55691],[20.07894,42.55663],[20.07887,42.55629],[20.0792,42.55549],[20.08024,42.55504],[20.08306,42.55306],[20.08457,42.55234],[20.08617,42.55227],[20.08758,42.55162],[20.08868,42.54988],[20.08891,42.54889],[20.08883,42.5472],[20.08949,42.5452],[20.09021,42.54462],[20.09307,42.54342],[20.09504,42.54204],[20.09608,42.54039],[20.09763,42.53844],[20.09826,42.53704],[20.09859,42.53611],[20.0983,42.53415],[20.09904,42.53369],[20.10005,42.53334],[20.10154,42.5319],[20.10334,42.53117],[20.10431,42.53104],[20.10628,42.53136],[20.10689,42.53117],[20.10788,42.53005],[20.10844,42.52967],[20.10979,42.52913],[20.11175,42.52845],[20.11378,42.52805],[20.11604,42.52677],[20.11709,42.52647],[20.11841,42.52639],[20.11976,42.52607],[20.12166,42.52538],[20.12193,42.52511],[20.12131,42.52423],[20.12121,42.52382],[20.12138,42.52293],[20.12165,42.52249],[20.12261,42.52187],[20.12351,42.52152],[20.12921,42.52081],[20.13338,42.51982],[20.13857,42.51815],[20.14122,42.51637],[20.14211,42.51598],[20.14502,42.51523],[20.14919,42.51454],[20.14993,42.51427],[20.15129,42.51303],[20.1545,42.5117],[20.15529,42.51101],[20.1563,42.5096],[20.15731,42.5093],[20.15987,42.50909],[20.16182,42.50787],[20.1626,42.50759],[20.16652,42.50669],[20.17187,42.50771],[20.1805,42.50969],[20.18275,42.5093],[20.18368,42.50877],[20.19654,42.5126],[20.19922,42.51292],[20.19741,42.50682],[20.1986,42.50541],[20.19944,42.50151],[20.19841,42.50143],[20.20178,42.49307],[20.20321,42.49205],[20.20537,42.49102],[20.20575,42.49062],[20.20784,42.48986],[20.21001,42.4896],[20.21099,42.48916],[20.21198,42.48894],[20.2139,42.48762],[20.21476,42.48729],[20.21512,42.48696],[20.21547,42.4863],[20.21547,42.48506],[20.21529,42.48453],[20.21708,42.4829],[20.21845,42.48225],[20.21863,42.48194],[20.21909,42.48173],[20.21943,42.4818],[20.2196,42.48201],[20.22104,42.4823],[20.22192,42.48221],[20.22269,42.48168],[20.22415,42.48153],[20.22488,42.4817],[20.22573,42.48158],[20.22621,42.48133],[20.22696,42.4818],[20.22762,42.48187],[20.22822,42.48136],[20.22869,42.48121],[20.22997,42.47961],[20.23078,42.47902],[20.2306,42.47839],[20.23092,42.47712],[20.23138,42.47689],[20.23231,42.47678],[20.23339,42.4769],[20.2335,42.47605],[20.23367,42.47586],[20.2345,42.47576],[20.23463,42.47522],[20.23523,42.47482],[20.23515,42.4744],[20.23561,42.47397],[20.23692,42.4739],[20.23863,42.47448],[20.23931,42.47444],[20.23996,42.47461],[20.2408,42.47416],[20.24186,42.47383],[20.24328,42.47423],[20.24369,42.47465],[20.24409,42.47429],[20.24458,42.47425],[20.24559,42.47342],[20.24686,42.4705],[20.24719,42.47066],[20.24811,42.47046],[20.24974,42.47075],[20.25325,42.47062],[20.25351,42.47028],[20.25341,42.47002],[20.25265,42.46949],[20.25304,42.46923],[20.25315,42.46887],[20.25392,42.46803],[20.25433,42.46738],[20.25433,42.46713],[20.25567,42.46707],[20.25718,42.46722],[20.25984,42.46617],[20.26071,42.46555],[20.26151,42.46522],[20.26213,42.46506],[20.26226,42.46528],[20.26357,42.46524],[20.26478,42.46424],[20.26531,42.46412],[20.2657,42.46456],[20.26604,42.46531],[20.26617,42.46617],[20.26828,42.46613],[20.26834,42.46511],[20.26971,42.46473],[20.27052,42.46294],[20.2711,42.46319],[20.27141,42.46202],[20.27141,42.46092],[20.27164,42.46004],[20.27188,42.45966],[20.2723,42.45951],[20.27236,42.45922],[20.27355,42.45938],[20.27428,42.46028],[20.27692,42.45889],[20.27699,42.45939],[20.27767,42.45946],[20.2781,42.459],[20.27838,42.45895],[20.27855,42.45811],[20.27954,42.45819],[20.28111,42.45863],[20.28281,42.45666],[20.28441,42.45687],[20.28316,42.45827],[20.28411,42.45847],[20.28452,42.45786],[20.28574,42.45827],[20.28641,42.45738],[20.28744,42.45774],[20.28765,42.45738],[20.28836,42.45694],[20.2898,42.45698],[20.28999,42.45685],[20.28994,42.45672],[20.28928,42.45644],[20.28977,42.45583],[20.29089,42.45645],[20.29169,42.45661],[20.29143,42.45672],[20.29188,42.45736],[20.29275,42.45704],[20.29406,42.45705],[20.29393,42.45731],[20.29314,42.45778],[20.29306,42.45816],[20.2933,42.45829],[20.29441,42.4579],[20.29465,42.45759],[20.29559,42.45789],[20.29604,42.45828],[20.29605,42.45883],[20.29633,42.45902],[20.29811,42.45799],[20.29967,42.45766],[20.29992,42.45789],[20.29912,42.45828],[20.29968,42.45879],[20.29979,42.45856],[20.30053,42.4581],[20.30135,42.45803],[20.30281,42.45735],[20.30307,42.45672],[20.30347,42.45653],[20.30376,42.45614],[20.3043,42.45615],[20.30472,42.45582],[20.30497,42.45584],[20.30489,42.45592],[20.30546,42.45625],[20.30568,42.45663],[20.3058,42.45581],[20.30621,42.45524],[20.30678,42.45519],[20.30745,42.45467],[20.30818,42.45444],[20.31019,42.45242],[20.31019,42.45207],[20.30977,42.45164],[20.31056,42.45137],[20.31102,42.45097],[20.3123,42.45066],[20.31237,42.45118],[20.31221,42.45189],[20.31253,42.45331],[20.31212,42.45476],[20.31179,42.45516],[20.31156,42.45644],[20.31236,42.45653],[20.31235,42.4569],[20.31262,42.45725],[20.31239,42.45753],[20.3125,42.45821],[20.31283,42.45832],[20.31367,42.45813],[20.31434,42.45903],[20.31445,42.46035],[20.31426,42.46081],[20.31333,42.46194],[20.31281,42.46217],[20.31311,42.46284],[20.31378,42.46305],[20.31423,42.46289],[20.31503,42.46195],[20.31519,42.46164],[20.31506,42.46127],[20.31591,42.45971],[20.31652,42.4599],[20.31676,42.45974],[20.31707,42.45985],[20.31802,42.45789],[20.31895,42.45662],[20.31936,42.45485],[20.32055,42.45343],[20.32069,42.45333],[20.32057,42.45404],[20.32112,42.45343],[20.32256,42.45117],[20.323,42.4508],[20.32273,42.45065],[20.32291,42.4504],[20.32296,42.4496],[20.32357,42.44826],[20.32398,42.44675],[20.32472,42.44577],[20.3303,42.44899],[20.33084,42.44878],[20.33122,42.44921],[20.33144,42.44916],[20.33162,42.44885],[20.33206,42.44881],[20.33304,42.44907],[20.33454,42.4488],[20.33506,42.44997],[20.33559,42.4502],[20.33611,42.45082],[20.33644,42.45081],[20.33721,42.45118],[20.3372,42.45142],[20.34057,42.45265],[20.34146,42.4528],[20.3416,42.45242],[20.34257,42.45255],[20.34345,42.45322],[20.34316,42.45404],[20.34239,42.45504],[20.34044,42.45464],[20.33837,42.45644],[20.3384,42.45713],[20.33824,42.45754],[20.33871,42.45923],[20.33736,42.45955],[20.33685,42.46015],[20.3364,42.46041],[20.33604,42.46093],[20.33622,42.46204],[20.33583,42.46304],[20.33591,42.46359],[20.33548,42.46358],[20.33477,42.46391],[20.33367,42.46382],[20.33405,42.46436],[20.33317,42.46514],[20.33138,42.46587],[20.33155,42.46604],[20.33134,42.46647],[20.33079,42.46658],[20.3305,42.46691],[20.32874,42.46704],[20.32852,42.4674],[20.32755,42.46769],[20.32656,42.46831],[20.33259,42.47002],[20.3322,42.4712],[20.3367,42.4728],[20.33733,42.47314],[20.3369,42.47371],[20.3375,42.47404],[20.33566,42.47593],[20.33327,42.47533],[20.32941,42.47555],[20.32676,42.47518],[20.3247,42.47508],[20.32338,42.47475],[20.32283,42.47487],[20.31768,42.48314],[20.3181,42.48328],[20.31575,42.4871],[20.3107,42.48567],[20.31044,42.48574],[20.30988,42.48528],[20.30846,42.48473],[20.30747,42.48484],[20.30582,42.4858],[20.30577,42.486],[20.30521,42.48638],[20.30476,42.4871],[20.30423,42.48714],[20.30412,42.48776],[20.30346,42.48858],[20.30373,42.48879],[20.3036,42.48929],[20.30394,42.48959],[20.30412,42.49065],[20.30383,42.49162],[20.30342,42.49192],[20.30366,42.49254],[20.30367,42.49312],[20.30306,42.49377],[20.30317,42.49413],[20.30295,42.49462],[20.30254,42.49507],[20.30207,42.49522],[20.30179,42.49588],[20.30147,42.4959],[20.30129,42.49677],[20.30094,42.49716],[20.30056,42.498],[20.29934,42.49937],[20.29715,42.49785],[20.29596,42.49668],[20.29458,42.49767],[20.29436,42.49803],[20.28915,42.4948],[20.28717,42.497],[20.28731,42.49718],[20.28698,42.49729],[20.28697,42.49763],[20.28667,42.49777],[20.28599,42.49751],[20.28503,42.49892],[20.28399,42.49998],[20.28369,42.50105],[20.28259,42.50114],[20.28109,42.50245],[20.27928,42.50244],[20.27905,42.50288],[20.27607,42.50331],[20.27582,42.5039],[20.27332,42.50347],[20.27338,42.50324],[20.2726,42.50308],[20.27236,42.50276],[20.27145,42.50231],[20.26924,42.50252],[20.26946,42.50291],[20.26919,42.50336],[20.26728,42.50298],[20.26732,42.50227],[20.267,42.50187],[20.26623,42.50232],[20.26482,42.50261],[20.26434,42.50315],[20.26363,42.50326],[20.26165,42.50307],[20.2604,42.50223],[20.25931,42.50181],[20.25811,42.50189],[20.25721,42.50249],[20.25765,42.50296],[20.25715,42.50335],[20.25716,42.50406],[20.25689,42.50381],[20.25644,42.50376],[20.25594,42.50434],[20.2561,42.50445],[20.25511,42.5049],[20.25423,42.50596],[20.25409,42.50634],[20.25292,42.50696],[20.25201,42.50722],[20.2502,42.5085],[20.2498,42.50915],[20.24828,42.50875],[20.24827,42.50913],[20.24812,42.50921],[20.24749,42.50908],[20.24608,42.50922],[20.24595,42.51025],[20.24475,42.51119],[20.24396,42.51158],[20.2422,42.51202],[20.23909,42.51227],[20.23747,42.51202],[20.23828,42.51356],[20.23996,42.51411],[20.23947,42.51464],[20.2395,42.51484],[20.23909,42.51546],[20.23815,42.51591],[20.23803,42.51614],[20.23813,42.51769],[20.2383,42.51798],[20.23628,42.51889],[20.23468,42.52014],[20.23302,42.5199],[20.23053,42.51903],[20.22844,42.51897],[20.22795,42.51899],[20.22723,42.51985],[20.22661,42.52103],[20.22606,42.5215],[20.21885,42.52186],[20.21211,42.52127],[20.21106,42.52146],[20.21033,42.52103],[20.20898,42.52165],[20.20822,42.52166],[20.20682,42.52237],[20.20621,42.52335],[20.20552,42.5237],[20.20501,42.52375],[20.20486,42.52407],[20.20423,42.5241],[20.20386,42.5245],[20.20276,42.52498],[20.2017,42.52514],[20.20127,42.52546],[20.19846,42.52579],[20.19751,42.52565],[20.19654,42.52598],[20.19447,42.52591],[20.19365,42.52572],[20.19326,42.52581],[20.19199,42.52631],[20.19151,42.52669],[20.19108,42.52761],[20.19072,42.52795],[20.18975,42.52786],[20.18922,42.5288],[20.18661,42.52985],[20.18504,42.53006],[20.18368,42.5306],[20.18234,42.5305],[20.18158,42.53019],[20.18054,42.53034],[20.18008,42.53011],[20.17967,42.52941],[20.1792,42.52908],[20.17827,42.529],[20.17823,42.52881],[20.17705,42.5288],[20.17632,42.52832],[20.17507,42.52781],[20.17418,42.52838],[20.17351,42.52797],[20.17322,42.52801],[20.1726,42.52756],[20.17194,42.52745],[20.17141,42.52707],[20.17,42.52665],[20.16935,42.5267],[20.16849,42.5265],[20.16636,42.52696],[20.16539,42.52647],[20.16398,42.52613],[20.16226,42.5263],[20.16182,42.52571],[20.1617,42.52614],[20.16099,42.52651],[20.16027,42.52715],[20.1597,42.5281],[20.15765,42.52907],[20.15723,42.5309],[20.15385,42.53373],[20.15821,42.53656],[20.15971,42.53778],[20.16214,42.53894],[20.16273,42.53901],[20.16366,42.54001],[20.16624,42.54191],[20.16892,42.5444],[20.16996,42.5447],[20.17167,42.5455],[20.17349,42.54677],[20.17113,42.54803],[20.1702,42.54953],[20.16829,42.55076],[20.16775,42.55176],[20.16605,42.55194],[20.16565,42.55235],[20.16521,42.55244],[20.16471,42.55289],[20.16369,42.55338],[20.16297,42.55331],[20.16081,42.55509],[20.16051,42.55507],[20.1599,42.55549],[20.15919,42.55552],[20.1588,42.556],[20.15795,42.55616],[20.15743,42.55645],[20.15682,42.55645],[20.15637,42.55677],[20.15341,42.55683],[20.1528,42.55724],[20.15236,42.55732],[20.15153,42.55725],[20.15078,42.5574],[20.14952,42.55706],[20.14898,42.55725],[20.14832,42.55724],[20.14768,42.55769],[20.14702,42.55752],[20.14651,42.5573],[20.14655,42.55714],[20.14571,42.55635],[20.14521,42.55532],[20.14392,42.55416],[20.1384,42.55238],[20.1345,42.55004],[20.13265,42.54722],[20.12566,42.54403],[20.12122,42.54111],[20.11662,42.54032],[20.11082,42.54022],[20.11089,42.54108],[20.11125,42.54171],[20.11203,42.54243],[20.11208,42.54278],[20.1131,42.54304],[20.11325,42.54333],[20.11403,42.54371],[20.11524,42.54381],[20.11346,42.54481],[20.11236,42.54518],[20.11208,42.54514],[20.11205,42.54533],[20.11151,42.5456],[20.11162,42.54579],[20.11121,42.5464],[20.11099,42.54645],[20.11095,42.54704],[20.1107,42.54761],[20.11101,42.54795],[20.11074,42.5483],[20.11101,42.54876],[20.11099,42.54955],[20.11024,42.55],[20.11028,42.55016],[20.10985,42.55059],[20.10874,42.55114],[20.10861,42.55164],[20.10834,42.55176],[20.10827,42.55258],[20.10741,42.5529],[20.10645,42.55291],[20.10614,42.55315],[20.10604,42.55353],[20.10778,42.55579],[20.10816,42.55596],[20.10932,42.55727],[20.11003,42.55757],[20.11014,42.55798],[20.111,42.55844],[20.11129,42.55885],[20.11114,42.55937],[20.11132,42.55982],[20.11095,42.56048],[20.11053,42.56191],[20.11077,42.56225],[20.11063,42.56253],[20.11075,42.56315],[20.1119,42.56533],[20.11175,42.5656],[20.11738,42.56948],[20.11667,42.57001],[20.11562,42.56978],[20.11181,42.57384],[20.10955,42.57543],[20.10814,42.57621],[20.10778,42.57667],[20.1066,42.57708],[20.10548,42.57713],[20.10366,42.57769],[20.10127,42.57899],[20.10044,42.57983],[20.09964,42.57994],[20.09725,42.57975],[20.09544,42.58017],[20.09396,42.58073],[20.0882,42.58174],[20.08841,42.58219],[20.08804,42.58372],[20.08642,42.58503]]]}},{"type":"Feature","properties":{"name":"Kaçanik","slug":"kacanik","sourceName":"Kaçanik"},"geometry":{"type":"Polygon","coordinates":[[[21.11914,42.20677],[21.16814,42.19683],[21.16762,42.19111],[21.16539,42.18501],[21.17157,42.17381],[21.17752,42.17292],[21.178,42.17249],[21.17826,42.17181],[21.17818,42.17118],[21.17981,42.16957],[21.18007,42.16851],[21.18051,42.16788],[21.18061,42.1672],[21.18113,42.16649],[21.18274,42.16619],[21.18385,42.16557],[21.18495,42.16531],[21.18602,42.16434],[21.18629,42.1639],[21.18539,42.16355],[21.18435,42.16348],[21.18444,42.16299],[21.18537,42.16297],[21.18922,42.16033],[21.19048,42.15999],[21.19126,42.15928],[21.1915,42.15679],[21.19195,42.15634],[21.19227,42.15537],[21.19422,42.15439],[21.19531,42.15206],[21.19691,42.15062],[21.19743,42.14845],[21.19972,42.15154],[21.20059,42.15247],[21.20173,42.15495],[21.20171,42.15575],[21.20147,42.15634],[21.20239,42.15746],[21.20263,42.15815],[21.2035,42.15924],[21.20393,42.16007],[21.20477,42.16099],[21.20574,42.16262],[21.20635,42.16477],[21.20613,42.16531],[21.20652,42.16556],[21.20653,42.1663],[21.20471,42.1689],[21.20634,42.16839],[21.20806,42.16816],[21.20866,42.1685],[21.20984,42.1687],[21.21006,42.1686],[21.21081,42.16791],[21.21085,42.16737],[21.21122,42.16647],[21.21201,42.16543],[21.21248,42.16522],[21.21387,42.16501],[21.21537,42.16438],[21.21863,42.1625],[21.21914,42.16239],[21.22059,42.16165],[21.22215,42.16171],[21.22396,42.16142],[21.22486,42.16184],[21.22504,42.16177],[21.22588,42.16065],[21.22587,42.15928],[21.22649,42.15891],[21.22702,42.15883],[21.22944,42.15981],[21.23135,42.15997],[21.23183,42.15982],[21.23431,42.16038],[21.23624,42.1604],[21.23608,42.16148],[21.23621,42.16219],[21.23762,42.16337],[21.23778,42.16442],[21.24102,42.16595],[21.24135,42.16662],[21.24241,42.16802],[21.24283,42.1693],[21.24231,42.17064],[21.2419,42.17106],[21.2423,42.17126],[21.24127,42.17224],[21.2409,42.17285],[21.24059,42.17296],[21.24115,42.17409],[21.24281,42.17546],[21.24282,42.1762],[21.24328,42.17644],[21.24409,42.1765],[21.24422,42.17696],[21.24662,42.18126],[21.24797,42.18313],[21.24745,42.18405],[21.25042,42.18622],[21.25099,42.18716],[21.2529,42.1882],[21.2529,42.18834],[21.25347,42.18859],[21.25375,42.18895],[21.255,42.18926],[21.25529,42.18951],[21.25713,42.18994],[21.25977,42.1896],[21.2602,42.19013],[21.26139,42.1907],[21.26201,42.19029],[21.26473,42.19071],[21.26454,42.19114],[21.26543,42.19054],[21.26562,42.19018],[21.26581,42.18908],[21.26643,42.18783],[21.26658,42.18682],[21.26643,42.18637],[21.26566,42.18572],[21.26441,42.18527],[21.26357,42.18475],[21.26214,42.18355],[21.26208,42.18245],[21.26221,42.18156],[21.2625,42.18098],[21.26359,42.17964],[21.26401,42.17844],[21.26369,42.17761],[21.26168,42.1766],[21.2616,42.17548],[21.26205,42.17508],[21.2625,42.17493],[21.26422,42.17532],[21.26466,42.17515],[21.26683,42.17543],[21.26751,42.17495],[21.2672,42.17473],[21.26692,42.17421],[21.26703,42.17382],[21.26913,42.17412],[21.27019,42.17394],[21.27058,42.17373],[21.27077,42.17398],[21.27095,42.17513],[21.27127,42.17561],[21.2717,42.17579],[21.27173,42.17606],[21.27157,42.1762],[21.27176,42.17675],[21.27205,42.17682],[21.27227,42.17629],[21.27366,42.17689],[21.27492,42.17815],[21.27657,42.17923],[21.27745,42.17949],[21.27798,42.18026],[21.2773,42.18079],[21.27762,42.18144],[21.27844,42.18162],[21.27869,42.18197],[21.27989,42.1814],[21.28062,42.18153],[21.28081,42.18225],[21.28102,42.1825],[21.28076,42.18287],[21.28128,42.18311],[21.28204,42.18405],[21.28176,42.18539],[21.28301,42.18634],[21.28304,42.18751],[21.28351,42.1877],[21.28417,42.18831],[21.2852,42.18842],[21.28578,42.18874],[21.2862,42.18861],[21.28859,42.18868],[21.28945,42.18887],[21.29053,42.18961],[21.29142,42.1917],[21.29094,42.19247],[21.29137,42.19292],[21.29092,42.1934],[21.29096,42.19366],[21.29175,42.19417],[21.29362,42.19382],[21.29427,42.19402],[21.29484,42.19465],[21.29515,42.19459],[21.29527,42.19488],[21.29576,42.19485],[21.29609,42.19503],[21.29638,42.19543],[21.2964,42.19606],[21.29669,42.19616],[21.29638,42.19758],[21.29874,42.20092],[21.2996,42.20101],[21.30007,42.20034],[21.30079,42.20006],[21.3009,42.20009],[21.30081,42.20036],[21.3011,42.20043],[21.30124,42.20069],[21.30168,42.20043],[21.30264,42.20053],[21.30354,42.19986],[21.30373,42.1998],[21.30381,42.19994],[21.30504,42.19955],[21.30563,42.19991],[21.3072,42.19979],[21.30753,42.19952],[21.30812,42.19986],[21.3088,42.19992],[21.30862,42.20202],[21.30935,42.20373],[21.31605,42.20835],[21.31733,42.21385],[21.33102,42.21102],[21.33768,42.20862],[21.33584,42.20679],[21.33901,42.20725],[21.33983,42.20783],[21.3397,42.20881],[21.33918,42.21005],[21.33998,42.21082],[21.34056,42.2118],[21.34133,42.21221],[21.3423,42.21225],[21.34388,42.21121],[21.34569,42.21035],[21.35124,42.21278],[21.35289,42.2148],[21.35558,42.21481],[21.35642,42.21529],[21.35675,42.21633],[21.35638,42.21713],[21.35727,42.21785],[21.35729,42.2192],[21.35899,42.2212],[21.36002,42.22172],[21.36501,42.22174],[21.3663,42.22115],[21.36727,42.22146],[21.36867,42.22506],[21.3698,42.22602],[21.36998,42.22673],[21.36984,42.22741],[21.37214,42.22852],[21.37258,42.22992],[21.37491,42.23097],[21.374,42.23336],[21.37487,42.23495],[21.37618,42.23677],[21.37731,42.2376],[21.37709,42.23774],[21.37693,42.23819],[21.37597,42.23847],[21.37567,42.23897],[21.37492,42.23907],[21.37443,42.23952],[21.37179,42.23974],[21.37173,42.24022],[21.37131,42.24052],[21.371,42.24098],[21.37029,42.24107],[21.36976,42.24157],[21.3689,42.24158],[21.36868,42.24195],[21.36743,42.24182],[21.36723,42.24231],[21.36666,42.24263],[21.36606,42.24265],[21.36548,42.24293],[21.36472,42.24261],[21.36359,42.243],[21.36281,42.24284],[21.36251,42.24363],[21.36211,42.24403],[21.36167,42.24496],[21.36079,42.24542],[21.35987,42.24518],[21.35866,42.24542],[21.35805,42.24617],[21.35806,42.24705],[21.35607,42.24851],[21.35548,42.24864],[21.35491,42.24922],[21.35447,42.24923],[21.35413,42.24953],[21.35391,42.25008],[21.35406,42.25055],[21.3536,42.25089],[21.3534,42.25131],[21.35347,42.25176],[21.35336,42.25199],[21.35184,42.25156],[21.35131,42.25208],[21.35017,42.25202],[21.34992,42.25251],[21.34971,42.2526],[21.34906,42.25237],[21.34908,42.25298],[21.34758,42.25329],[21.3471,42.25377],[21.34612,42.25426],[21.34591,42.25473],[21.3461,42.25534],[21.34552,42.25608],[21.34539,42.25671],[21.34478,42.25743],[21.34478,42.25802],[21.34461,42.25818],[21.34361,42.25833],[21.3433,42.25858],[21.34276,42.25751],[21.34241,42.2573],[21.34178,42.25723],[21.3411,42.25633],[21.34103,42.25589],[21.34005,42.25541],[21.33964,42.25484],[21.33989,42.2538],[21.34023,42.25322],[21.34021,42.25222],[21.34069,42.25153],[21.34015,42.25092],[21.34012,42.2502],[21.33942,42.2491],[21.3388,42.24932],[21.33809,42.24883],[21.33684,42.24883],[21.33576,42.24822],[21.33367,42.24804],[21.33327,42.24813],[21.33303,42.24842],[21.3323,42.24849],[21.33172,42.24891],[21.3311,42.24898],[21.33095,42.24906],[21.33099,42.24923],[21.33025,42.24955],[21.33024,42.24976],[21.32982,42.24977],[21.32981,42.25007],[21.3296,42.25023],[21.32898,42.25043],[21.32914,42.25086],[21.32856,42.25136],[21.32845,42.25216],[21.32759,42.25236],[21.32739,42.25285],[21.32718,42.25286],[21.32712,42.25318],[21.32657,42.2536],[21.3264,42.25396],[21.32594,42.25409],[21.32564,42.25439],[21.32413,42.25467],[21.32376,42.25447],[21.32258,42.25464],[21.32172,42.255],[21.32009,42.25512],[21.31927,42.25535],[21.31854,42.25564],[21.31859,42.25586],[21.31772,42.25577],[21.3169,42.25621],[21.31638,42.25616],[21.31524,42.25658],[21.31448,42.2567],[21.31374,42.25659],[21.31338,42.25673],[21.31284,42.25657],[21.31136,42.25705],[21.30956,42.25659],[21.30915,42.25614],[21.30765,42.25605],[21.3064,42.25561],[21.3044,42.25521],[21.30329,42.25471],[21.30208,42.25446],[21.30153,42.25397],[21.3013,42.25442],[21.30144,42.25566],[21.30122,42.25592],[21.30109,42.25648],[21.2997,42.25759],[21.29887,42.25803],[21.29782,42.25835],[21.29594,42.25858],[21.29509,42.2591],[21.29396,42.25914],[21.29305,42.25977],[21.2926,42.25973],[21.29199,42.259],[21.29046,42.25859],[21.28893,42.25904],[21.28837,42.25946],[21.28819,42.26004],[21.28751,42.26073],[21.28735,42.26137],[21.28693,42.262],[21.28562,42.26346],[21.28505,42.26456],[21.28421,42.26553],[21.28413,42.26592],[21.28453,42.26752],[21.28426,42.26833],[21.2839,42.26873],[21.28336,42.26897],[21.2831,42.2694],[21.28271,42.26967],[21.28165,42.2698],[21.28138,42.27022],[21.28148,42.27046],[21.28126,42.27069],[21.28123,42.27158],[21.28063,42.2721],[21.28007,42.27313],[21.27994,42.27416],[21.27772,42.27526],[21.27686,42.27808],[21.27573,42.27856],[21.27415,42.27796],[21.27364,42.27795],[21.2723,42.27957],[21.27195,42.28014],[21.27175,42.28111],[21.27138,42.28175],[21.27151,42.28197],[21.27225,42.28234],[21.27226,42.28312],[21.27243,42.28362],[21.26986,42.28286],[21.26949,42.28301],[21.26841,42.2844],[21.26826,42.28423],[21.26746,42.28416],[21.26668,42.28443],[21.26608,42.28492],[21.26559,42.28488],[21.26394,42.28408],[21.26234,42.28404],[21.26189,42.28434],[21.26183,42.28492],[21.26272,42.28807],[21.26383,42.29003],[21.26318,42.29071],[21.26213,42.29115],[21.26203,42.29156],[21.26218,42.29213],[21.26083,42.29297],[21.26077,42.29346],[21.26017,42.29417],[21.2587,42.29497],[21.25831,42.29569],[21.25759,42.29637],[21.2573,42.29689],[21.25747,42.29755],[21.25893,42.29851],[21.26095,42.30016],[21.26094,42.30072],[21.26135,42.3017],[21.26242,42.30254],[21.26362,42.30427],[21.26449,42.30481],[21.26482,42.30524],[21.26587,42.30578],[21.26633,42.30662],[21.26651,42.30748],[21.26683,42.30739],[21.26732,42.30795],[21.26809,42.30831],[21.26794,42.30917],[21.26843,42.30932],[21.26821,42.30965],[21.2692,42.30975],[21.26904,42.31026],[21.26996,42.31033],[21.27007,42.31048],[21.26897,42.31159],[21.26921,42.31231],[21.27331,42.31614],[21.27432,42.31674],[21.27568,42.31727],[21.27603,42.31695],[21.27616,42.31708],[21.27678,42.31697],[21.27717,42.3171],[21.27677,42.31769],[21.27786,42.3183],[21.27749,42.31912],[21.27844,42.31952],[21.28073,42.32103],[21.28183,42.32144],[21.28335,42.32099],[21.28333,42.32088],[21.28397,42.32091],[21.28637,42.32027],[21.28767,42.32124],[21.28755,42.32181],[21.28627,42.32165],[21.28597,42.32289],[21.28584,42.32458],[21.28362,42.32491],[21.28396,42.32533],[21.283,42.32563],[21.28352,42.32775],[21.28348,42.32833],[21.28307,42.32898],[21.28319,42.32937],[21.28442,42.33025],[21.28568,42.33086],[21.28558,42.33101],[21.28758,42.33266],[21.28744,42.33277],[21.2877,42.33307],[21.28615,42.33461],[21.28458,42.33547],[21.27801,42.33183],[21.27799,42.33083],[21.27625,42.32881],[21.27611,42.32886],[21.27566,42.32852],[21.27464,42.32853],[21.27162,42.32739],[21.27001,42.32595],[21.2707,42.32551],[21.26963,42.32499],[21.26802,42.3259],[21.26713,42.32617],[21.26532,42.32586],[21.26352,42.32581],[21.25887,42.32668],[21.25439,42.32835],[21.25257,42.32882],[21.25257,42.32844],[21.25132,42.32803],[21.2483,42.3254],[21.2457,42.32431],[21.24462,42.32301],[21.24341,42.32218],[21.24111,42.32145],[21.23998,42.32068],[21.23872,42.31928],[21.23817,42.31889],[21.23742,42.31846],[21.23502,42.31817],[21.2347,42.31759],[21.23298,42.31657],[21.23214,42.31636],[21.2312,42.3159],[21.22993,42.3158],[21.22859,42.3154],[21.22847,42.31577],[21.22602,42.3151],[21.22484,42.31537],[21.22355,42.31515],[21.22066,42.31517],[21.21732,42.31488],[21.2149,42.31425],[21.21148,42.31241],[21.21318,42.31127],[21.21264,42.31073],[21.21305,42.31042],[21.2127,42.31027],[21.2116,42.31085],[21.21095,42.31089],[21.20988,42.3106],[21.20877,42.31075],[21.20814,42.31132],[21.20603,42.31035],[21.20568,42.30993],[21.20581,42.30972],[21.2063,42.30971],[21.20656,42.30952],[21.20587,42.30878],[21.20776,42.30803],[21.20743,42.30715],[21.20679,42.30724],[21.20598,42.30637],[21.20766,42.30588],[21.20604,42.30409],[21.20654,42.30348],[21.20704,42.30337],[21.2088,42.30172],[21.20905,42.30166],[21.20915,42.30139],[21.20841,42.30101],[21.20736,42.29978],[21.20733,42.30016],[21.20299,42.29986],[21.20372,42.29476],[21.20294,42.29506],[21.1974,42.29474],[21.1981,42.29312],[21.19821,42.29197],[21.19748,42.29186],[21.19691,42.29158],[21.19556,42.29047],[21.19507,42.29032],[21.19318,42.28982],[21.19294,42.29025],[21.1925,42.29057],[21.19163,42.29022],[21.19125,42.29079],[21.19079,42.29062],[21.19039,42.29088],[21.1896,42.29095],[21.18932,42.29169],[21.18939,42.29251],[21.19005,42.29392],[21.18931,42.29492],[21.18752,42.29646],[21.18681,42.29658],[21.18643,42.29622],[21.18547,42.29666],[21.18458,42.2977],[21.18284,42.29868],[21.18187,42.29944],[21.18093,42.30083],[21.1798,42.30328],[21.17963,42.30333],[21.17902,42.30301],[21.17793,42.30325],[21.1777,42.30314],[21.17747,42.30273],[21.17683,42.30224],[21.1764,42.30102],[21.17584,42.30035],[21.17515,42.3002],[21.17296,42.30033],[21.1714,42.30004],[21.16951,42.30003],[21.16774,42.29933],[21.16714,42.29761],[21.16642,42.29712],[21.16591,42.29613],[21.16605,42.29568],[21.16639,42.29547],[21.16547,42.2954],[21.16536,42.29502],[21.16476,42.29502],[21.16436,42.29459],[21.16282,42.29392],[21.16205,42.29331],[21.16154,42.29267],[21.16096,42.29103],[21.15992,42.28946],[21.15911,42.28861],[21.15833,42.28813],[21.15506,42.28747],[21.15305,42.2867],[21.15256,42.28681],[21.15208,42.28767],[21.15151,42.28699],[21.1468,42.28621],[21.14578,42.28619],[21.14328,42.28668],[21.14178,42.28751],[21.14153,42.28883],[21.1406,42.28969],[21.13934,42.29065],[21.13815,42.29096],[21.13837,42.29157],[21.13744,42.29185],[21.13735,42.29233],[21.13714,42.29256],[21.13726,42.29273],[21.13662,42.2938],[21.13628,42.29389],[21.13626,42.29406],[21.13543,42.29375],[21.13452,42.29375],[21.13445,42.29399],[21.13404,42.2942],[21.13357,42.29485],[21.13293,42.29537],[21.13295,42.29568],[21.13253,42.29569],[21.13232,42.2955],[21.13156,42.29459],[21.13151,42.29423],[21.13056,42.29326],[21.12862,42.29226],[21.12718,42.29207],[21.12469,42.29132],[21.12359,42.29164],[21.11992,42.29114],[21.11899,42.29114],[21.11788,42.29041],[21.11594,42.28991],[21.11551,42.28958],[21.1143,42.28943],[21.11326,42.28896],[21.1119,42.28733],[21.1124,42.28701],[21.11742,42.28572],[21.11961,42.28487],[21.12586,42.28126],[21.13182,42.28015],[21.13353,42.28197],[21.13461,42.28136],[21.13578,42.27988],[21.13633,42.27892],[21.1377,42.27821],[21.1382,42.27751],[21.13814,42.27545],[21.14094,42.27525],[21.14272,42.27558],[21.14221,42.27396],[21.14134,42.27371],[21.14142,42.27347],[21.14121,42.27332],[21.14013,42.27328],[21.14025,42.27291],[21.14103,42.27117],[21.14189,42.27091],[21.14218,42.27026],[21.142,42.26957],[21.1425,42.26956],[21.14377,42.26879],[21.14451,42.26806],[21.14451,42.2675],[21.14553,42.26806],[21.14586,42.2679],[21.14628,42.26812],[21.14673,42.26792],[21.1466,42.26733],[21.14592,42.26675],[21.14639,42.26661],[21.14688,42.26591],[21.14639,42.26567],[21.14603,42.26515],[21.14668,42.26476],[21.14643,42.26393],[21.14595,42.26368],[21.14514,42.26266],[21.14466,42.26197],[21.14438,42.26111],[21.14451,42.26052],[21.14433,42.25942],[21.14578,42.2562],[21.14479,42.25351],[21.14629,42.25295],[21.14672,42.25264],[21.14708,42.25168],[21.14667,42.2513],[21.14697,42.24936],[21.14637,42.24886],[21.14623,42.24823],[21.14632,42.24761],[21.14583,42.2453],[21.14502,42.24437],[21.14085,42.24083],[21.13929,42.24067],[21.13667,42.23922],[21.13536,42.23904],[21.13437,42.23925],[21.13275,42.23928],[21.1307,42.23894],[21.12825,42.23256],[21.12339,42.22514],[21.12285,42.22237],[21.1181,42.20933],[21.11914,42.20677]]]}},{"type":"Feature","properties":{"name":"Kamenicë","slug":"kamenice","sourceName":"Kamenicë"},"geometry":{"type":"MultiPolygon","coordinates":[[[[21.50637,42.73241],[21.50572,42.73145],[21.50561,42.73094],[21.50389,42.73055],[21.5027,42.72944],[21.50228,42.72867],[21.50217,42.72757],[21.50129,42.72717],[21.50088,42.72676],[21.50027,42.72679],[21.49838,42.72539],[21.4991,42.7243],[21.49935,42.72339],[21.49982,42.72288],[21.49931,42.72265],[21.49803,42.72264],[21.49729,42.72239],[21.49712,42.72196],[21.49709,42.7211],[21.49684,42.72105],[21.49578,42.72142],[21.49518,42.72095],[21.4954,42.72052],[21.4951,42.72007],[21.49431,42.71964],[21.49414,42.7192],[21.49472,42.71793],[21.49283,42.71699],[21.49201,42.71641],[21.49103,42.71616],[21.48996,42.71544],[21.48976,42.71561],[21.48977,42.71588],[21.48921,42.71608],[21.488,42.71565],[21.48737,42.71623],[21.48672,42.71524],[21.48645,42.71451],[21.48544,42.71413],[21.48467,42.71342],[21.48494,42.71279],[21.48652,42.7113],[21.48869,42.70857],[21.48727,42.70806],[21.48622,42.70802],[21.48522,42.70833],[21.4847,42.70833],[21.48459,42.70819],[21.4842,42.70749],[21.48465,42.70764],[21.485,42.70753],[21.48458,42.7059],[21.48426,42.70534],[21.48466,42.70503],[21.48399,42.70468],[21.48428,42.70447],[21.48459,42.70394],[21.48336,42.70345],[21.48155,42.70313],[21.48044,42.70215],[21.48101,42.70072],[21.48059,42.69934],[21.48052,42.69851],[21.48104,42.6972],[21.48092,42.69638],[21.48023,42.69591],[21.47821,42.69511],[21.47772,42.69499],[21.47538,42.69521],[21.47439,42.69505],[21.47364,42.69518],[21.47173,42.69512],[21.47093,42.69554],[21.46759,42.69608],[21.46679,42.69597],[21.46664,42.69624],[21.46631,42.69638],[21.46482,42.69644],[21.46454,42.69696],[21.46242,42.69656],[21.46223,42.69695],[21.46304,42.697],[21.463,42.69719],[21.46287,42.69735],[21.46186,42.69721],[21.46163,42.69783],[21.46014,42.69755],[21.46006,42.69724],[21.45967,42.69706],[21.45934,42.69798],[21.4575,42.6977],[21.45738,42.69791],[21.45702,42.69799],[21.4549,42.69788],[21.45422,42.6985],[21.45282,42.6989],[21.45169,42.69888],[21.45003,42.69827],[21.44893,42.69807],[21.44792,42.69816],[21.44533,42.69982],[21.44498,42.70045],[21.44484,42.70113],[21.44425,42.70204],[21.44421,42.70297],[21.44318,42.7046],[21.44264,42.70503],[21.44123,42.70503],[21.44033,42.70534],[21.43864,42.70555],[21.43751,42.708],[21.43669,42.70839],[21.43629,42.70841],[21.43472,42.70793],[21.43363,42.70738],[21.43338,42.70683],[21.43296,42.70648],[21.43283,42.70584],[21.43192,42.70481],[21.43217,42.70394],[21.43198,42.70346],[21.43209,42.70321],[21.42498,42.70394],[21.42421,42.70417],[21.42343,42.70466],[21.4229,42.7045],[21.4216,42.70326],[21.41961,42.70336],[21.41914,42.70323],[21.4189,42.70233],[21.41815,42.70225],[21.41809,42.70278],[21.41793,42.70283],[21.41765,42.70283],[21.41732,42.70254],[21.417,42.70271],[21.41628,42.70188],[21.4156,42.70051],[21.41597,42.70004],[21.41661,42.6997],[21.41738,42.69847],[21.41761,42.69756],[21.41876,42.69535],[21.41884,42.69446],[21.41926,42.69383],[21.4201,42.69355],[21.42161,42.69355],[21.4231,42.69295],[21.42419,42.6927],[21.42467,42.69233],[21.42543,42.69208],[21.42726,42.69195],[21.4287,42.69222],[21.42953,42.69213],[21.43332,42.68979],[21.43341,42.6892],[21.43082,42.68632],[21.43313,42.67753],[21.4349,42.67716],[21.43571,42.67679],[21.43712,42.67696],[21.43815,42.67639],[21.43998,42.67615],[21.44289,42.67528],[21.44451,42.6759],[21.44512,42.67594],[21.44629,42.67526],[21.44793,42.6746],[21.4494,42.67468],[21.45085,42.67417],[21.45195,42.67305],[21.45217,42.6721],[21.45284,42.67127],[21.45397,42.67081],[21.45531,42.66965],[21.45627,42.66923],[21.45772,42.66825],[21.45823,42.66822],[21.4596,42.66763],[21.4601,42.66713],[21.46085,42.66584],[21.46176,42.66569],[21.46242,42.66531],[21.46367,42.66568],[21.46469,42.66544],[21.46542,42.66486],[21.46615,42.66362],[21.46665,42.66409],[21.46743,42.66361],[21.46875,42.6639],[21.46914,42.66384],[21.46975,42.66319],[21.46997,42.66245],[21.47147,42.66159],[21.47198,42.66097],[21.47219,42.66022],[21.47289,42.65983],[21.47294,42.65946],[21.47384,42.65829],[21.47471,42.65649],[21.47247,42.65645],[21.47153,42.65659],[21.47079,42.65674],[21.46983,42.65729],[21.46884,42.65727],[21.46825,42.65678],[21.46732,42.65696],[21.46838,42.65203],[21.46942,42.64995],[21.47019,42.64905],[21.4704,42.64843],[21.47035,42.64705],[21.4706,42.64528],[21.47047,42.6448],[21.47058,42.64432],[21.471,42.64364],[21.47048,42.64379],[21.46727,42.64305],[21.46675,42.64242],[21.46594,42.642],[21.46487,42.64212],[21.46435,42.64182],[21.46349,42.64187],[21.46299,42.64169],[21.46188,42.64196],[21.46161,42.64186],[21.46196,42.64093],[21.4619,42.6406],[21.46152,42.6404],[21.46141,42.64001],[21.46116,42.6399],[21.46084,42.64005],[21.46055,42.63969],[21.45997,42.63951],[21.45974,42.63837],[21.46075,42.63834],[21.46139,42.6385],[21.4621,42.63841],[21.46288,42.63784],[21.46084,42.63476],[21.46077,42.63261],[21.46181,42.63076],[21.46168,42.63077],[21.4598,42.62871],[21.45985,42.628],[21.46156,42.62552],[21.46167,42.62452],[21.46345,42.6253],[21.46436,42.62517],[21.46522,42.62484],[21.46563,42.62497],[21.46763,42.62411],[21.46795,42.62243],[21.46824,42.62202],[21.46967,42.62149],[21.47033,42.62088],[21.47095,42.61912],[21.47145,42.61865],[21.47515,42.6176],[21.48289,42.61646],[21.48285,42.61588],[21.4833,42.61557],[21.48332,42.61526],[21.48368,42.61515],[21.485,42.61513],[21.48484,42.61578],[21.48507,42.61586],[21.48522,42.61628],[21.48661,42.61589],[21.48654,42.6157],[21.48611,42.61549],[21.48663,42.61499],[21.48692,42.61338],[21.4869,42.61274],[21.48675,42.61246],[21.48725,42.61071],[21.48678,42.60999],[21.487,42.6091],[21.48644,42.60826],[21.48572,42.60855],[21.48508,42.60846],[21.48411,42.60779],[21.48394,42.60735],[21.48533,42.60408],[21.48557,42.60382],[21.48593,42.60393],[21.48604,42.60348],[21.48762,42.60155],[21.48693,42.60101],[21.48751,42.59995],[21.48978,42.59797],[21.48903,42.59736],[21.48819,42.59608],[21.48859,42.59529],[21.48907,42.59491],[21.48911,42.59431],[21.48966,42.59398],[21.49081,42.59368],[21.4923,42.59488],[21.49278,42.59547],[21.49369,42.59602],[21.49651,42.59515],[21.49725,42.5942],[21.50137,42.59438],[21.50178,42.59231],[21.50579,42.59118],[21.50617,42.59079],[21.50568,42.59029],[21.50581,42.58991],[21.50615,42.5897],[21.50509,42.58918],[21.5049,42.58893],[21.50453,42.58775],[21.5039,42.58689],[21.50381,42.58584],[21.5037,42.5856],[21.50333,42.58542],[21.50481,42.5835],[21.50504,42.58335],[21.50557,42.58361],[21.50724,42.57746],[21.50681,42.57694],[21.50678,42.57616],[21.50565,42.57607],[21.50489,42.57544],[21.50401,42.57521],[21.50329,42.57482],[21.5,42.57497],[21.49834,42.57323],[21.49718,42.57298],[21.49636,42.5724],[21.49566,42.57061],[21.49582,42.56983],[21.49573,42.5693],[21.49507,42.5692],[21.49417,42.56717],[21.49433,42.56628],[21.49477,42.56583],[21.49488,42.56534],[21.49453,42.56427],[21.49312,42.5629],[21.49326,42.56279],[21.49273,42.56229],[21.4929,42.56209],[21.49276,42.56209],[21.49409,42.56121],[21.4941,42.56102],[21.49375,42.56082],[21.49357,42.56047],[21.49389,42.55971],[21.49427,42.55952],[21.49534,42.55965],[21.49636,42.55852],[21.49656,42.55746],[21.49717,42.55748],[21.49737,42.55733],[21.4974,42.55683],[21.497,42.55663],[21.49741,42.55634],[21.49693,42.55587],[21.49761,42.55518],[21.49817,42.55336],[21.49714,42.55279],[21.49748,42.5518],[21.4975,42.55139],[21.49733,42.55097],[21.49742,42.55071],[21.4967,42.55051],[21.4965,42.55064],[21.49586,42.55057],[21.49508,42.54927],[21.49563,42.54919],[21.49579,42.54941],[21.49692,42.54875],[21.49775,42.54908],[21.49884,42.5502],[21.49889,42.54994],[21.49914,42.54979],[21.49979,42.5494],[21.50037,42.54928],[21.50213,42.54756],[21.50256,42.54814],[21.5023,42.54853],[21.50246,42.54876],[21.50238,42.54908],[21.50292,42.55041],[21.5035,42.55078],[21.50411,42.55077],[21.50437,42.55047],[21.50469,42.55056],[21.5046,42.55017],[21.50475,42.54962],[21.50455,42.54918],[21.50497,42.54895],[21.50556,42.5459],[21.50548,42.54453],[21.50639,42.5439],[21.50699,42.54327],[21.50732,42.54316],[21.50938,42.54321],[21.50988,42.5434],[21.51019,42.54336],[21.51099,42.54285],[21.51203,42.54058],[21.51201,42.54009],[21.51277,42.53885],[21.51354,42.53699],[21.5137,42.5353],[21.51437,42.53459],[21.51559,42.53387],[21.51591,42.53314],[21.51664,42.53237],[21.51728,42.53202],[21.51811,42.53098],[21.51829,42.53054],[21.52032,42.52866],[21.52121,42.52797],[21.5231,42.52766],[21.52478,42.52899],[21.52523,42.52991],[21.52694,42.53057],[21.52799,42.53062],[21.52845,42.5304],[21.52845,42.52979],[21.52879,42.5288],[21.52869,42.52793],[21.5289,42.52719],[21.52945,42.52627],[21.52978,42.5259],[21.53073,42.52551],[21.53358,42.52375],[21.5345,42.52185],[21.53503,42.52135],[21.53491,42.52107],[21.53424,42.52058],[21.53429,42.52042],[21.5355,42.51965],[21.5369,42.51903],[21.5369,42.51864],[21.53625,42.518],[21.53654,42.51708],[21.53726,42.51744],[21.53814,42.5175],[21.54011,42.51536],[21.54031,42.51536],[21.54133,42.51442],[21.54062,42.51412],[21.54106,42.51344],[21.54029,42.51304],[21.5401,42.51235],[21.54027,42.51179],[21.54293,42.51307],[21.54337,42.51395],[21.54666,42.51445],[21.54791,42.51445],[21.54856,42.51501],[21.5478,42.51564],[21.54733,42.51747],[21.54451,42.51863],[21.54366,42.51978],[21.54444,42.52033],[21.54597,42.51983],[21.54649,42.52114],[21.54989,42.52366],[21.54969,42.52548],[21.54872,42.52637],[21.5466,42.5267],[21.54742,42.52551],[21.54593,42.52352],[21.54354,42.52339],[21.54262,42.52365],[21.5423,42.52422],[21.54113,42.5239],[21.54073,42.52327],[21.54086,42.52181],[21.53791,42.52198],[21.53657,42.52315],[21.53658,42.52383],[21.53797,42.52554],[21.53827,42.52648],[21.53521,42.52863],[21.53718,42.53087],[21.53163,42.53556],[21.52654,42.53875],[21.52309,42.53734],[21.52138,42.53926],[21.51983,42.54027],[21.52078,42.54182],[21.51913,42.54567],[21.5124,42.54851],[21.51126,42.54966],[21.51568,42.54989],[21.52065,42.55102],[21.5243,42.55138],[21.5292,42.55309],[21.53477,42.55415],[21.54119,42.55353],[21.5449,42.5516],[21.54823,42.54782],[21.54975,42.54389],[21.55404,42.54259],[21.55801,42.54008],[21.56325,42.5403],[21.57009,42.53911],[21.5732,42.53703],[21.58097,42.53541],[21.58848,42.5357],[21.60616,42.53845],[21.61076,42.53867],[21.61374,42.54098],[21.61458,42.54319],[21.61824,42.5446],[21.62618,42.54044],[21.63653,42.53393],[21.63981,42.5307],[21.64464,42.52833],[21.65116,42.5279],[21.66221,42.52755],[21.66541,42.52638],[21.67084,42.5237],[21.67972,42.52093],[21.69206,42.51759],[21.69469,42.51559],[21.69657,42.51591],[21.70212,42.51419],[21.70514,42.51446],[21.70696,42.5134],[21.7077,42.51371],[21.70823,42.51424],[21.70833,42.51487],[21.70912,42.51505],[21.70893,42.51554],[21.70995,42.51595],[21.71057,42.51658],[21.70991,42.5173],[21.7082,42.52048],[21.70757,42.52212],[21.70347,42.52439],[21.70063,42.52801],[21.6996,42.52804],[21.6985,42.52858],[21.69673,42.53134],[21.69755,42.53454],[21.6971,42.53577],[21.69644,42.53612],[21.69605,42.53656],[21.69363,42.53834],[21.69352,42.53935],[21.6946,42.53997],[21.69595,42.53935],[21.69683,42.53984],[21.69732,42.53951],[21.69775,42.54109],[21.70132,42.54088],[21.70243,42.54185],[21.70179,42.54296],[21.70231,42.54377],[21.70309,42.54411],[21.70316,42.54467],[21.70197,42.54535],[21.70388,42.54674],[21.70596,42.54783],[21.70632,42.54946],[21.70667,42.54972],[21.70729,42.54989],[21.70817,42.54981],[21.70969,42.54922],[21.71148,42.5494],[21.71238,42.5497],[21.71345,42.54971],[21.71442,42.55006],[21.71494,42.54972],[21.7158,42.54981],[21.71992,42.54922],[21.72233,42.54777],[21.72832,42.54703],[21.7293,42.5475],[21.72962,42.54793],[21.73245,42.5493],[21.73574,42.55113],[21.74143,42.55332],[21.74342,42.5557],[21.74448,42.55615],[21.74522,42.55714],[21.74622,42.55768],[21.74782,42.55891],[21.74764,42.56002],[21.74791,42.56071],[21.74888,42.56168],[21.74747,42.56213],[21.74781,42.56336],[21.745,42.56465],[21.74477,42.56521],[21.74632,42.56782],[21.74812,42.57026],[21.7482,42.57122],[21.74793,42.57276],[21.74749,42.57284],[21.74782,42.57347],[21.74679,42.57622],[21.74743,42.57667],[21.74749,42.57794],[21.7478,42.5784],[21.74755,42.58104],[21.74617,42.58188],[21.7448,42.58306],[21.74401,42.58458],[21.74397,42.58546],[21.74437,42.5865],[21.74305,42.58686],[21.74232,42.58831],[21.74013,42.59096],[21.73982,42.59263],[21.73864,42.59482],[21.73811,42.5968],[21.73804,42.59907],[21.73842,42.60054],[21.73842,42.60117],[21.74061,42.60334],[21.74083,42.60392],[21.74196,42.60457],[21.74311,42.60474],[21.74475,42.60393],[21.74557,42.60895],[21.74602,42.60912],[21.74622,42.60855],[21.74786,42.60753],[21.75084,42.60745],[21.75116,42.6086],[21.75171,42.60893],[21.75219,42.60991],[21.75148,42.61194],[21.75141,42.61255],[21.75395,42.61557],[21.75526,42.61752],[21.75531,42.6181],[21.75702,42.61905],[21.75701,42.6207],[21.7567,42.62227],[21.75459,42.62298],[21.75396,42.62448],[21.75399,42.62847],[21.7542,42.62946],[21.75417,42.63041],[21.7546,42.63224],[21.75514,42.63189],[21.75751,42.63341],[21.75736,42.63389],[21.75797,42.63529],[21.75725,42.63545],[21.75798,42.63669],[21.75931,42.63759],[21.75972,42.6381],[21.76087,42.63799],[21.76096,42.63716],[21.76515,42.63565],[21.76696,42.63464],[21.76799,42.63381],[21.76892,42.63432],[21.77043,42.63462],[21.77158,42.63621],[21.77474,42.63796],[21.77684,42.64055],[21.77719,42.64117],[21.77735,42.64197],[21.779,42.64346],[21.77859,42.64673],[21.78325,42.6466],[21.78942,42.6513],[21.78781,42.655],[21.78695,42.65606],[21.78279,42.65925],[21.78124,42.66104],[21.78067,42.66256],[21.77802,42.6646],[21.77694,42.665],[21.77412,42.66565],[21.77277,42.66686],[21.77234,42.67071],[21.77175,42.67265],[21.77182,42.67552],[21.77162,42.67596],[21.7696,42.67883],[21.767,42.68041],[21.76405,42.68181],[21.76312,42.68221],[21.76214,42.68225],[21.76129,42.68268],[21.75945,42.68575],[21.75813,42.68739],[21.7571,42.68931],[21.75596,42.69272],[21.75282,42.69477],[21.7525,42.69595],[21.75237,42.69784],[21.75251,42.70001],[21.75235,42.70055],[21.75095,42.7009],[21.74815,42.70053],[21.74591,42.69981],[21.74431,42.69886],[21.74073,42.6963],[21.73755,42.6947],[21.73255,42.69376],[21.73103,42.69479],[21.72925,42.69523],[21.7271,42.69484],[21.72459,42.69495],[21.72277,42.69175],[21.72092,42.69231],[21.72021,42.69228],[21.71974,42.69195],[21.71921,42.69108],[21.71714,42.68979],[21.71526,42.6905],[21.71395,42.69064],[21.71144,42.68988],[21.70985,42.6896],[21.70805,42.68976],[21.70509,42.69197],[21.70399,42.69252],[21.70345,42.69176],[21.70189,42.69118],[21.69934,42.69077],[21.69509,42.69129],[21.6908,42.69123],[21.68694,42.68888],[21.68198,42.68812],[21.68174,42.68741],[21.6807,42.68677],[21.67848,42.6868],[21.67826,42.6862],[21.67874,42.68577],[21.67604,42.68248],[21.67647,42.67913],[21.67729,42.67798],[21.67757,42.67628],[21.67486,42.67523],[21.67393,42.67095],[21.67219,42.66992],[21.67083,42.66975],[21.66902,42.66877],[21.66752,42.66897],[21.66671,42.66811],[21.66667,42.66738],[21.66609,42.6667],[21.66474,42.66638],[21.66359,42.6666],[21.66213,42.66718],[21.66018,42.66897],[21.65901,42.66891],[21.65849,42.66927],[21.6578,42.67131],[21.65497,42.67327],[21.65365,42.67603],[21.65234,42.67598],[21.65042,42.67759],[21.64871,42.67949],[21.64902,42.68164],[21.64876,42.68257],[21.64872,42.68549],[21.64696,42.6866],[21.6462,42.68798],[21.64397,42.69014],[21.64131,42.69093],[21.64102,42.69158],[21.63966,42.69236],[21.63878,42.69403],[21.6381,42.69778],[21.63617,42.69656],[21.63471,42.69848],[21.63248,42.70016],[21.63169,42.69948],[21.63055,42.6994],[21.63008,42.69908],[21.63021,42.69695],[21.62877,42.69659],[21.62453,42.69629],[21.62327,42.69554],[21.62321,42.69481],[21.61963,42.69681],[21.61835,42.69692],[21.617,42.69609],[21.61434,42.69635],[21.61226,42.69703],[21.61067,42.69718],[21.60888,42.69774],[21.60773,42.69845],[21.60635,42.70088],[21.60453,42.70219],[21.59917,42.70385],[21.59626,42.70361],[21.59234,42.70285],[21.59138,42.70351],[21.59085,42.70553],[21.5908,42.70633],[21.59105,42.70697],[21.59299,42.70828],[21.59452,42.71025],[21.59441,42.71139],[21.5937,42.71324],[21.59347,42.71873],[21.59313,42.72178],[21.5922,42.72346],[21.5923,42.72531],[21.59197,42.72597],[21.59019,42.72672],[21.58747,42.72763],[21.5846,42.72759],[21.58307,42.7274],[21.5824,42.72682],[21.58139,42.72529],[21.57978,42.72724],[21.57831,42.72865],[21.57603,42.7281],[21.57145,42.72783],[21.5703,42.72859],[21.56791,42.73133],[21.56747,42.7313],[21.56626,42.7319],[21.563,42.73251],[21.56174,42.73356],[21.56155,42.73617],[21.56076,42.73804],[21.56,42.73835],[21.55904,42.73841],[21.55813,42.73823],[21.5577,42.73779],[21.55738,42.73656],[21.55461,42.73424],[21.55328,42.7318],[21.55253,42.7311],[21.55106,42.7307],[21.54992,42.73069],[21.5449,42.7296],[21.54358,42.72946],[21.54189,42.72846],[21.54141,42.72722],[21.54144,42.72597],[21.54117,42.72491],[21.54008,42.72369],[21.53795,42.72375],[21.53652,42.72421],[21.53042,42.72549],[21.52982,42.72527],[21.52609,42.72553],[21.52407,42.72631],[21.52356,42.72704],[21.52286,42.72718],[21.52108,42.72846],[21.51912,42.72859],[21.51805,42.72889],[21.51673,42.72959],[21.51324,42.72968],[21.51144,42.73228],[21.50822,42.73246],[21.50767,42.73277],[21.50637,42.73241]]],[[[21.55247,42.48271],[21.55175,42.48204],[21.55104,42.48095],[21.55099,42.47966],[21.55009,42.47956],[21.54932,42.47928],[21.54888,42.47814],[21.54753,42.47672],[21.54694,42.47587],[21.54777,42.47581],[21.54814,42.47544],[21.54865,42.47372],[21.54992,42.47296],[21.55153,42.47262],[21.5522,42.47301],[21.5526,42.47303],[21.55274,42.47284],[21.55303,42.47304],[21.55153,42.47704],[21.55389,42.47832],[21.55982,42.48065],[21.56581,42.4825],[21.56636,42.48223],[21.5667,42.48241],[21.5671,42.48216],[21.56735,42.4823],[21.56772,42.48187],[21.56834,42.48193],[21.56843,42.48213],[21.56874,42.48218],[21.56999,42.48173],[21.57075,42.48164],[21.57132,42.48163],[21.57156,42.48176],[21.57165,42.48214],[21.57204,42.48237],[21.57286,42.4823],[21.57369,42.48162],[21.57597,42.48153],[21.57685,42.48185],[21.57889,42.48193],[21.57863,42.48389],[21.58375,42.4838],[21.58385,42.4839],[21.58476,42.48367],[21.58532,42.48433],[21.58659,42.48648],[21.58659,42.48705],[21.58798,42.4873],[21.5887,42.48894],[21.58933,42.48925],[21.58935,42.48985],[21.58785,42.49015],[21.58466,42.49143],[21.5842,42.49186],[21.58514,42.49312],[21.5852,42.49345],[21.58405,42.49418],[21.58409,42.49434],[21.58548,42.49485],[21.58596,42.49576],[21.58696,42.49663],[21.58563,42.49747],[21.58536,42.49718],[21.58389,42.49806],[21.5827,42.4982],[21.58245,42.4978],[21.58196,42.4976],[21.58204,42.49777],[21.58017,42.49752],[21.58,42.49704],[21.57625,42.49783],[21.57597,42.49705],[21.57503,42.49719],[21.57336,42.49683],[21.5735,42.49644],[21.57158,42.49561],[21.57089,42.49581],[21.56979,42.49567],[21.56467,42.49364],[21.56331,42.49288],[21.56184,42.49125],[21.56161,42.48959],[21.55882,42.48426],[21.55751,42.48465],[21.55555,42.48399],[21.55418,42.48371],[21.55247,42.48271]]]]}},{"type":"Feature","properties":{"name":"Klinë","slug":"kline","sourceName":"Klinë"},"geometry":{"type":"Polygon","coordinates":[[[20.5616,42.52373],[20.56204,42.52348],[20.56267,42.5235],[20.56564,42.52463],[20.5662,42.52505],[20.56664,42.52572],[20.56727,42.52609],[20.56766,42.52666],[20.56751,42.52697],[20.56632,42.52754],[20.56584,42.52814],[20.56626,42.52873],[20.56671,42.52889],[20.56809,42.52859],[20.56953,42.52759],[20.57031,42.52758],[20.5712,42.52779],[20.57317,42.52701],[20.57544,42.52707],[20.57765,42.52659],[20.57977,42.52715],[20.58038,42.52679],[20.58264,42.52637],[20.5858,42.5261],[20.58734,42.52651],[20.5883,42.52652],[20.58968,42.52603],[20.59078,42.52584],[20.59156,42.52605],[20.59214,42.52663],[20.59212,42.52703],[20.59247,42.5272],[20.59517,42.5267],[20.59633,42.52686],[20.59657,42.52678],[20.59679,42.52601],[20.59776,42.52519],[20.59786,42.52476],[20.5983,42.52458],[20.59891,42.52473],[20.59929,42.52509],[20.59958,42.52578],[20.59957,42.52615],[20.59808,42.52842],[20.59748,42.52903],[20.5977,42.52948],[20.59853,42.52985],[20.5988,42.53017],[20.60063,42.52989],[20.60201,42.52993],[20.60373,42.52937],[20.60474,42.5284],[20.60498,42.52751],[20.60439,42.52604],[20.60387,42.52554],[20.60373,42.52492],[20.60418,42.52408],[20.60502,42.52387],[20.60555,42.52401],[20.6063,42.52461],[20.60709,42.52486],[20.60958,42.52518],[20.6117,42.52525],[20.61195,42.52593],[20.61305,42.52584],[20.61385,42.5256],[20.6144,42.52515],[20.61532,42.52509],[20.6168,42.52548],[20.61805,42.5266],[20.61838,42.5267],[20.61941,42.52664],[20.62008,42.52627],[20.62283,42.52568],[20.6241,42.52603],[20.62599,42.52598],[20.62726,42.52618],[20.6285,42.52656],[20.62888,42.52691],[20.62993,42.52687],[20.63097,42.52644],[20.63144,42.52657],[20.6319,42.52692],[20.63294,42.52823],[20.63495,42.52908],[20.63539,42.52972],[20.63584,42.52968],[20.6362,42.52938],[20.63675,42.52786],[20.63712,42.52746],[20.63798,42.52746],[20.63874,42.52785],[20.63946,42.52887],[20.63989,42.52921],[20.64058,42.52937],[20.6414,42.52922],[20.64235,42.52934],[20.64434,42.52979],[20.64541,42.53068],[20.64539,42.53159],[20.64683,42.53235],[20.64681,42.53256],[20.64522,42.53289],[20.64447,42.53414],[20.64292,42.53434],[20.64291,42.53471],[20.64257,42.53488],[20.64268,42.53604],[20.6422,42.53623],[20.64216,42.53641],[20.64245,42.53678],[20.64277,42.53675],[20.64321,42.53619],[20.64433,42.53648],[20.6447,42.53724],[20.64449,42.53855],[20.64463,42.53882],[20.64524,42.53906],[20.64617,42.53903],[20.64627,42.53969],[20.6477,42.54112],[20.64772,42.54155],[20.64658,42.54196],[20.64604,42.54192],[20.64538,42.54216],[20.64386,42.54355],[20.64256,42.54329],[20.64232,42.54347],[20.6426,42.54394],[20.64323,42.54411],[20.64331,42.54432],[20.64397,42.54445],[20.64531,42.54441],[20.64593,42.54472],[20.64688,42.54488],[20.64768,42.54565],[20.64724,42.54591],[20.64746,42.54615],[20.64714,42.54662],[20.64568,42.54763],[20.64545,42.54763],[20.64513,42.5479],[20.64495,42.5483],[20.6454,42.5488],[20.64688,42.54906],[20.64705,42.54916],[20.64684,42.54931],[20.64695,42.54944],[20.64791,42.54977],[20.64848,42.5503],[20.6484,42.55053],[20.6475,42.55089],[20.64746,42.55124],[20.64776,42.55181],[20.64809,42.55191],[20.64849,42.55174],[20.6489,42.55192],[20.64925,42.55105],[20.65028,42.55083],[20.6509,42.55101],[20.65076,42.55161],[20.65094,42.55295],[20.65154,42.5529],[20.65335,42.55332],[20.65347,42.5536],[20.65339,42.55401],[20.65283,42.55451],[20.65293,42.55497],[20.65316,42.55505],[20.65341,42.55486],[20.65404,42.55487],[20.6547,42.55541],[20.6548,42.55579],[20.65532,42.55621],[20.65677,42.55569],[20.65682,42.55585],[20.65722,42.55598],[20.657,42.55633],[20.65694,42.55743],[20.65699,42.55766],[20.6575,42.55803],[20.65741,42.55822],[20.65679,42.55854],[20.65657,42.55887],[20.65684,42.55916],[20.65785,42.5596],[20.65791,42.55988],[20.65783,42.56],[20.65673,42.56015],[20.65608,42.56064],[20.65661,42.56135],[20.65758,42.56213],[20.65778,42.56251],[20.65762,42.56282],[20.65988,42.56231],[20.66023,42.56252],[20.66111,42.56368],[20.66221,42.5644],[20.66544,42.56562],[20.66711,42.56669],[20.67093,42.56715],[20.67483,42.5688],[20.67872,42.5693],[20.67972,42.56973],[20.68085,42.57023],[20.68259,42.57132],[20.68545,42.57248],[20.68728,42.57356],[20.69199,42.57689],[20.69556,42.57858],[20.69613,42.57902],[20.69774,42.58086],[20.69861,42.58205],[20.69885,42.58212],[20.70002,42.5814],[20.70234,42.58129],[20.70222,42.58094],[20.70289,42.58094],[20.70564,42.58245],[20.70547,42.58259],[20.70634,42.58321],[20.70616,42.58341],[20.70682,42.58367],[20.70651,42.58471],[20.70765,42.58489],[20.7096,42.58554],[20.70989,42.58503],[20.71026,42.58515],[20.71457,42.58734],[20.71635,42.58807],[20.71879,42.58692],[20.71917,42.58655],[20.71944,42.58597],[20.72005,42.58604],[20.72002,42.58557],[20.72104,42.58393],[20.7213,42.58276],[20.72143,42.58272],[20.72112,42.58075],[20.72086,42.57997],[20.72053,42.57961],[20.72058,42.57942],[20.7267,42.57465],[20.72697,42.57477],[20.7276,42.57469],[20.72792,42.57497],[20.72832,42.57505],[20.72843,42.57544],[20.72892,42.57559],[20.72916,42.57548],[20.73001,42.57706],[20.73129,42.57828],[20.73132,42.5786],[20.73197,42.57865],[20.73226,42.57842],[20.7324,42.5786],[20.73322,42.57881],[20.73498,42.57972],[20.73538,42.58009],[20.73773,42.58075],[20.73902,42.58146],[20.73837,42.58227],[20.73948,42.58269],[20.73896,42.58383],[20.74074,42.58586],[20.74165,42.58744],[20.74334,42.58905],[20.74324,42.5895],[20.74364,42.59052],[20.74499,42.59168],[20.74819,42.59335],[20.7497,42.5933],[20.75092,42.59351],[20.75136,42.59336],[20.75217,42.59338],[20.75165,42.59447],[20.75185,42.59463],[20.75614,42.59712],[20.7569,42.59721],[20.76006,42.59851],[20.76095,42.59915],[20.76215,42.60047],[20.76438,42.60211],[20.76472,42.60287],[20.76491,42.60404],[20.76475,42.60733],[20.76403,42.60737],[20.76294,42.60692],[20.76162,42.6074],[20.76098,42.60747],[20.75945,42.60675],[20.75824,42.60659],[20.75744,42.60624],[20.75337,42.60559],[20.75143,42.60502],[20.75036,42.60513],[20.7496,42.60554],[20.74934,42.60541],[20.74927,42.60506],[20.74889,42.60487],[20.74757,42.60455],[20.74722,42.60453],[20.74671,42.60489],[20.74594,42.60458],[20.74559,42.6049],[20.74499,42.60488],[20.74402,42.60545],[20.74414,42.60598],[20.74395,42.60616],[20.74338,42.60635],[20.7428,42.60616],[20.74187,42.60638],[20.73933,42.60747],[20.73912,42.60772],[20.73895,42.6083],[20.73946,42.60894],[20.73957,42.60972],[20.73934,42.61013],[20.73966,42.61058],[20.73921,42.61095],[20.73903,42.61145],[20.73915,42.61241],[20.73968,42.61306],[20.73973,42.61333],[20.73926,42.61396],[20.7387,42.61424],[20.73758,42.61438],[20.73733,42.6148],[20.73756,42.6154],[20.73825,42.61596],[20.73843,42.61641],[20.73841,42.61692],[20.73811,42.61704],[20.73715,42.61814],[20.73677,42.61815],[20.73633,42.61857],[20.73505,42.61909],[20.73583,42.61986],[20.73572,42.62043],[20.73546,42.6208],[20.73467,42.6209],[20.73427,42.62113],[20.73345,42.62231],[20.73299,42.6233],[20.73223,42.62373],[20.73166,42.62367],[20.73133,42.62389],[20.73096,42.62463],[20.73124,42.62506],[20.73065,42.62589],[20.73008,42.62614],[20.72938,42.62595],[20.72881,42.62611],[20.72789,42.62832],[20.72715,42.6293],[20.72673,42.6292],[20.72622,42.63009],[20.72546,42.62994],[20.72439,42.63073],[20.72372,42.63082],[20.72308,42.6307],[20.7226,42.63013],[20.72223,42.63018],[20.7205,42.63087],[20.71951,42.63182],[20.71853,42.63199],[20.71679,42.63113],[20.71335,42.63029],[20.71246,42.63067],[20.71207,42.63054],[20.71201,42.63097],[20.71177,42.63103],[20.70686,42.63099],[20.70545,42.63088],[20.70437,42.63057],[20.70275,42.63071],[20.70123,42.63119],[20.69884,42.63372],[20.69738,42.63483],[20.69733,42.63531],[20.69761,42.6356],[20.69714,42.636],[20.69684,42.63701],[20.69611,42.63739],[20.69609,42.63792],[20.69528,42.63981],[20.69537,42.64037],[20.69516,42.64102],[20.69537,42.64202],[20.69597,42.64325],[20.69617,42.64444],[20.69615,42.64546],[20.69594,42.64614],[20.69625,42.64679],[20.69623,42.64716],[20.6959,42.64813],[20.69732,42.65216],[20.69729,42.65293],[20.69786,42.65367],[20.69874,42.65577],[20.70027,42.65742],[20.703,42.65859],[20.70431,42.65958],[20.70466,42.6607],[20.70479,42.66459],[20.7043,42.66711],[20.70397,42.66747],[20.70288,42.66786],[20.702,42.66842],[20.70154,42.6689],[20.70127,42.66934],[20.7009,42.67085],[20.7012,42.67326],[20.70233,42.67623],[20.70194,42.67748],[20.70035,42.6792],[20.70019,42.6795],[20.70025,42.67976],[20.69966,42.68007],[20.69743,42.68233],[20.69533,42.68403],[20.69389,42.68431],[20.69274,42.68488],[20.69261,42.68545],[20.69357,42.6865],[20.69368,42.68688],[20.69276,42.68706],[20.689,42.68847],[20.68851,42.68794],[20.68828,42.68703],[20.68787,42.68663],[20.68469,42.68641],[20.68442,42.68441],[20.68365,42.68231],[20.68341,42.68171],[20.68224,42.68011],[20.68195,42.67937],[20.68132,42.67861],[20.67876,42.67665],[20.67615,42.67503],[20.67604,42.67528],[20.67008,42.67362],[20.66772,42.67356],[20.66392,42.67376],[20.66116,42.67304],[20.65937,42.67312],[20.65698,42.674],[20.6535,42.67471],[20.64855,42.67706],[20.64737,42.67738],[20.64666,42.67787],[20.64431,42.68075],[20.64239,42.68477],[20.63996,42.68764],[20.63912,42.68894],[20.63829,42.68934],[20.63839,42.6899],[20.63792,42.69033],[20.6372,42.69166],[20.63567,42.69286],[20.63577,42.69336],[20.6361,42.69375],[20.63613,42.69478],[20.63494,42.69481],[20.63483,42.69509],[20.63456,42.6952],[20.6346,42.69565],[20.63377,42.6967],[20.63324,42.69689],[20.63299,42.69729],[20.6335,42.69777],[20.6333,42.69839],[20.63379,42.69936],[20.63378,42.70044],[20.63434,42.70076],[20.6344,42.70096],[20.63439,42.70358],[20.63373,42.70429],[20.63422,42.70502],[20.63424,42.70538],[20.6292,42.70463],[20.62721,42.7052],[20.62648,42.7059],[20.62542,42.70607],[20.62511,42.70634],[20.62361,42.70676],[20.62279,42.70735],[20.6219,42.70859],[20.62155,42.70962],[20.62122,42.71399],[20.62068,42.71495],[20.6196,42.71607],[20.61946,42.71653],[20.61695,42.71481],[20.61633,42.7146],[20.61561,42.71403],[20.61243,42.71238],[20.61075,42.71128],[20.60883,42.70925],[20.60795,42.70863],[20.60707,42.70818],[20.60625,42.70799],[20.60548,42.7074],[20.60421,42.70722],[20.6039,42.70695],[20.60409,42.70608],[20.60364,42.70506],[20.60215,42.70423],[20.60117,42.7033],[20.60038,42.70211],[20.59954,42.70143],[20.59763,42.69872],[20.59695,42.69912],[20.59428,42.69989],[20.59216,42.70099],[20.59102,42.70113],[20.59063,42.70111],[20.59046,42.70091],[20.58985,42.69971],[20.58815,42.69881],[20.58757,42.69815],[20.58653,42.69822],[20.58497,42.69866],[20.58451,42.69907],[20.58318,42.6997],[20.5829,42.70014],[20.58144,42.70055],[20.58138,42.70141],[20.58167,42.70212],[20.5817,42.70288],[20.58154,42.70346],[20.58139,42.70375],[20.58083,42.70403],[20.57899,42.70458],[20.57875,42.70675],[20.57847,42.70804],[20.57809,42.70876],[20.57507,42.70721],[20.57681,42.70606],[20.57687,42.70354],[20.57588,42.702],[20.57583,42.69944],[20.57535,42.69786],[20.57327,42.69635],[20.57195,42.69577],[20.57097,42.69673],[20.57079,42.69512],[20.57095,42.69482],[20.57071,42.69454],[20.57089,42.694],[20.56993,42.69397],[20.56895,42.69373],[20.56745,42.69297],[20.56572,42.69134],[20.56542,42.6914],[20.56576,42.69045],[20.56474,42.68922],[20.56486,42.68895],[20.56466,42.68875],[20.56329,42.68804],[20.5629,42.68809],[20.56224,42.68787],[20.56084,42.6869],[20.56052,42.68711],[20.55997,42.68679],[20.55992,42.68653],[20.55877,42.6862],[20.55748,42.68519],[20.5564,42.68643],[20.55488,42.68621],[20.55005,42.68458],[20.5466,42.6841],[20.54571,42.68436],[20.5441,42.68447],[20.54209,42.68419],[20.53908,42.6833],[20.53561,42.68289],[20.53402,42.68297],[20.52884,42.68572],[20.52052,42.68926],[20.52002,42.69006],[20.5196,42.68811],[20.51823,42.68701],[20.51869,42.68667],[20.51674,42.68512],[20.51613,42.68495],[20.51624,42.68444],[20.51481,42.68321],[20.51318,42.68408],[20.51294,42.68441],[20.51228,42.68357],[20.51225,42.68328],[20.5115,42.68373],[20.51052,42.68365],[20.51053,42.68344],[20.51038,42.68332],[20.50979,42.68323],[20.50977,42.6829],[20.50887,42.68307],[20.50853,42.68333],[20.50853,42.68408],[20.50921,42.68424],[20.50889,42.68469],[20.50841,42.68473],[20.50761,42.68447],[20.50715,42.68484],[20.50675,42.68486],[20.50637,42.68469],[20.50623,42.68433],[20.50589,42.68439],[20.50503,42.685],[20.50506,42.68562],[20.50389,42.68618],[20.50342,42.687],[20.50037,42.68607],[20.5001,42.68667],[20.49984,42.68674],[20.49941,42.6866],[20.49933,42.68701],[20.49851,42.6869],[20.49811,42.68707],[20.49752,42.68674],[20.49632,42.68763],[20.49567,42.68784],[20.4953,42.68776],[20.49529,42.68763],[20.49542,42.68742],[20.49582,42.68733],[20.49522,42.68691],[20.49455,42.68676],[20.49454,42.68629],[20.49401,42.68646],[20.49365,42.68615],[20.49331,42.68648],[20.49294,42.68616],[20.49228,42.68636],[20.49231,42.68598],[20.49213,42.68579],[20.49156,42.68639],[20.49115,42.68598],[20.49094,42.68597],[20.49,42.68636],[20.48984,42.68712],[20.4893,42.6873],[20.48893,42.68711],[20.48868,42.68715],[20.48877,42.68741],[20.48865,42.68769],[20.48835,42.68787],[20.48777,42.68751],[20.48735,42.68754],[20.48714,42.6874],[20.4866,42.68757],[20.48633,42.68798],[20.48567,42.68797],[20.48544,42.68773],[20.48528,42.68775],[20.48507,42.68815],[20.48449,42.68795],[20.48424,42.68822],[20.48384,42.68827],[20.4837,42.68804],[20.48336,42.68805],[20.48237,42.68859],[20.48218,42.68911],[20.48166,42.68916],[20.48148,42.68913],[20.48154,42.68866],[20.48137,42.68838],[20.48096,42.68837],[20.48082,42.68854],[20.48023,42.68864],[20.48028,42.6881],[20.47803,42.6877],[20.47785,42.68745],[20.47705,42.68706],[20.4771,42.68667],[20.4773,42.68645],[20.47699,42.6861],[20.4759,42.68629],[20.47532,42.68535],[20.47551,42.68504],[20.47531,42.6849],[20.47578,42.68431],[20.47505,42.68426],[20.47495,42.68442],[20.47475,42.68439],[20.47386,42.68399],[20.47234,42.68481],[20.47142,42.6849],[20.47118,42.68516],[20.47043,42.68506],[20.46971,42.68528],[20.46957,42.68548],[20.46862,42.6855],[20.4676,42.68514],[20.46737,42.68521],[20.46726,42.6856],[20.46666,42.68622],[20.46483,42.68604],[20.46458,42.68574],[20.46387,42.68549],[20.4633,42.68577],[20.4631,42.68563],[20.46087,42.68648],[20.45933,42.6864],[20.45912,42.68596],[20.46015,42.68493],[20.46026,42.68452],[20.46044,42.68437],[20.46124,42.68434],[20.46038,42.68331],[20.46157,42.68274],[20.46156,42.68294],[20.46178,42.68311],[20.46272,42.68357],[20.46398,42.68368],[20.46436,42.68356],[20.4644,42.68329],[20.46386,42.68277],[20.46463,42.68229],[20.46507,42.68226],[20.46567,42.68305],[20.46622,42.68288],[20.46613,42.68244],[20.46676,42.68233],[20.46655,42.68186],[20.46683,42.68159],[20.46614,42.68164],[20.46583,42.6814],[20.46473,42.68138],[20.46488,42.68123],[20.46485,42.68048],[20.46416,42.67787],[20.46488,42.67798],[20.46618,42.67772],[20.46655,42.67782],[20.4668,42.67768],[20.46686,42.67739],[20.46733,42.67767],[20.46791,42.67761],[20.46794,42.6779],[20.46969,42.67737],[20.47033,42.67693],[20.46971,42.67581],[20.46947,42.67569],[20.46908,42.67582],[20.46876,42.6756],[20.46822,42.67557],[20.46802,42.675],[20.46788,42.67496],[20.468,42.67486],[20.46795,42.67449],[20.46757,42.67429],[20.46802,42.67399],[20.46868,42.67412],[20.46883,42.67397],[20.46953,42.67392],[20.46861,42.67364],[20.46925,42.67274],[20.46867,42.6709],[20.46792,42.6694],[20.46784,42.6658],[20.46845,42.6633],[20.46884,42.66236],[20.46976,42.66172],[20.47015,42.66015],[20.47147,42.65892],[20.4725,42.65932],[20.47486,42.65966],[20.47682,42.65844],[20.47812,42.65842],[20.47847,42.65828],[20.47906,42.65725],[20.47968,42.65665],[20.47993,42.65589],[20.48023,42.65577],[20.48035,42.65498],[20.48006,42.65437],[20.48083,42.65351],[20.481,42.65257],[20.48126,42.65215],[20.48325,42.65055],[20.48428,42.65083],[20.48438,42.65071],[20.48371,42.65042],[20.48382,42.64961],[20.48724,42.64581],[20.48726,42.64508],[20.48754,42.64472],[20.49133,42.64624],[20.49297,42.64621],[20.49435,42.64595],[20.4958,42.64525],[20.49592,42.64476],[20.49632,42.6448],[20.49464,42.64351],[20.49427,42.64348],[20.4929,42.6414],[20.49262,42.6404],[20.49195,42.6395],[20.49061,42.6385],[20.48858,42.63756],[20.4878,42.63704],[20.48715,42.63585],[20.48613,42.63235],[20.48469,42.62938],[20.48424,42.62879],[20.48417,42.62838],[20.48394,42.62808],[20.48234,42.6271],[20.48179,42.62602],[20.48131,42.6256],[20.48111,42.62515],[20.47843,42.62317],[20.47784,42.62327],[20.47698,42.62182],[20.47675,42.6211],[20.47626,42.62098],[20.47623,42.62134],[20.47588,42.62159],[20.47532,42.62168],[20.47519,42.6219],[20.47501,42.62186],[20.47441,42.62082],[20.47315,42.62114],[20.472,42.62118],[20.47213,42.62086],[20.47165,42.61986],[20.47166,42.61953],[20.47218,42.61908],[20.47107,42.61829],[20.47064,42.61767],[20.47305,42.61708],[20.47315,42.61672],[20.47282,42.61666],[20.47213,42.61586],[20.47262,42.61519],[20.47451,42.61466],[20.47459,42.61444],[20.4743,42.61388],[20.47374,42.61354],[20.473,42.61335],[20.47334,42.61291],[20.47472,42.61212],[20.47487,42.61164],[20.47483,42.61095],[20.47421,42.60958],[20.47457,42.60946],[20.47366,42.60785],[20.47495,42.60658],[20.47503,42.60601],[20.47468,42.60535],[20.4762,42.60209],[20.47641,42.6013],[20.47643,42.60034],[20.47274,42.59773],[20.47274,42.59733],[20.47206,42.59545],[20.47184,42.594],[20.4762,42.59434],[20.47749,42.59382],[20.47879,42.59371],[20.48141,42.59423],[20.48289,42.59343],[20.48476,42.59347],[20.48673,42.59376],[20.48765,42.59364],[20.48857,42.5932],[20.48938,42.59246],[20.49001,42.59213],[20.49031,42.59166],[20.4904,42.58972],[20.49023,42.5883],[20.4893,42.58765],[20.48962,42.5868],[20.48964,42.58526],[20.48947,42.5846],[20.49009,42.58401],[20.49061,42.58252],[20.49057,42.58214],[20.49127,42.58172],[20.49264,42.5815],[20.49317,42.58116],[20.49414,42.57991],[20.49495,42.57965],[20.49632,42.57958],[20.49643,42.57949],[20.49633,42.57922],[20.49606,42.57892],[20.49711,42.57892],[20.49863,42.57859],[20.50002,42.57795],[20.49993,42.57756],[20.5002,42.57699],[20.5007,42.57659],[20.50303,42.57605],[20.50618,42.5746],[20.50719,42.57428],[20.50815,42.57321],[20.50833,42.5722],[20.50799,42.57042],[20.50823,42.56982],[20.50878,42.56915],[20.51055,42.56836],[20.51264,42.56823],[20.5137,42.56786],[20.51434,42.56727],[20.5153,42.56693],[20.51586,42.56652],[20.51595,42.56623],[20.51572,42.56426],[20.51544,42.56319],[20.51555,42.56179],[20.51591,42.5615],[20.51734,42.56102],[20.51857,42.55982],[20.52025,42.55607],[20.52126,42.55515],[20.52234,42.55464],[20.52339,42.5533],[20.52217,42.55149],[20.52145,42.55093],[20.5204,42.54971],[20.51852,42.54844],[20.51832,42.54814],[20.51718,42.54771],[20.51659,42.54598],[20.51625,42.5458],[20.51802,42.54441],[20.5199,42.54434],[20.52027,42.54411],[20.52045,42.54387],[20.51991,42.54286],[20.51986,42.54172],[20.52011,42.54079],[20.52075,42.54013],[20.52604,42.54051],[20.52666,42.54044],[20.52745,42.54004],[20.52796,42.53924],[20.52605,42.53728],[20.52571,42.53626],[20.52495,42.5352],[20.52506,42.53434],[20.52527,42.53418],[20.52803,42.53427],[20.5287,42.53387],[20.52908,42.53328],[20.52918,42.53236],[20.52766,42.53137],[20.52763,42.53103],[20.53028,42.53042],[20.53238,42.53065],[20.53322,42.53014],[20.53332,42.52984],[20.5327,42.52847],[20.53171,42.52804],[20.53128,42.52761],[20.5311,42.52688],[20.53157,42.52643],[20.53229,42.52619],[20.53291,42.52625],[20.53353,42.52643],[20.53458,42.52706],[20.53479,42.527],[20.53548,42.52621],[20.5372,42.52614],[20.53797,42.52591],[20.53817,42.52521],[20.53751,42.5251],[20.5369,42.52465],[20.5361,42.52443],[20.53462,42.5244],[20.53391,42.52416],[20.53385,42.52383],[20.53405,42.52345],[20.53504,42.5223],[20.53665,42.52155],[20.53739,42.52102],[20.53852,42.51978],[20.53888,42.51973],[20.54002,42.52017],[20.54127,42.52027],[20.5424,42.52008],[20.54385,42.51932],[20.54479,42.51918],[20.55024,42.51999],[20.55467,42.52204],[20.55508,42.52237],[20.55586,42.52394],[20.55615,42.52513],[20.55613,42.52559],[20.55536,42.52668],[20.55528,42.52708],[20.557,42.52712],[20.55771,42.52697],[20.5587,42.52573],[20.55931,42.52571],[20.55993,42.52481],[20.5616,42.52373]]]}},{"type":"Feature","properties":{"name":"Kllokot","slug":"kllokot","sourceName":"Kllokot"},"geometry":{"type":"Polygon","coordinates":[[[21.35521,42.37072],[21.35545,42.37033],[21.35693,42.37108],[21.35784,42.37048],[21.35853,42.36975],[21.35808,42.36959],[21.36,42.36683],[21.35935,42.36634],[21.36058,42.36485],[21.36035,42.36471],[21.3613,42.36324],[21.36085,42.36308],[21.3613,42.36227],[21.36201,42.3625],[21.36225,42.36234],[21.36245,42.36106],[21.36319,42.35954],[21.36496,42.35977],[21.36409,42.35927],[21.36372,42.35876],[21.36394,42.35815],[21.3639,42.35717],[21.36308,42.35704],[21.36254,42.3565],[21.36141,42.3563],[21.36203,42.35543],[21.36247,42.35545],[21.36272,42.35448],[21.36317,42.35448],[21.36334,42.35469],[21.36372,42.3547],[21.3634,42.35324],[21.36162,42.35167],[21.36093,42.35134],[21.36022,42.35071],[21.35992,42.35019],[21.36047,42.34926],[21.36274,42.34978],[21.36609,42.34997],[21.36659,42.34936],[21.36754,42.34897],[21.3687,42.34821],[21.36891,42.34828],[21.36914,42.34914],[21.36981,42.3489],[21.37004,42.34926],[21.37211,42.34822],[21.37296,42.34624],[21.37196,42.34522],[21.37222,42.34399],[21.37222,42.34313],[21.37254,42.34295],[21.37207,42.34245],[21.37203,42.34201],[21.37126,42.34066],[21.37126,42.34013],[21.37098,42.33969],[21.37158,42.33866],[21.37165,42.33824],[21.37143,42.33777],[21.37193,42.33703],[21.37216,42.33529],[21.37242,42.33464],[21.37321,42.3344],[21.37362,42.334],[21.37388,42.33326],[21.37392,42.3324],[21.37472,42.33218],[21.37877,42.32975],[21.38011,42.32838],[21.38034,42.3279],[21.37999,42.32804],[21.38005,42.32782],[21.3811,42.32771],[21.38215,42.32728],[21.38309,42.32759],[21.38382,42.32757],[21.38608,42.32679],[21.38774,42.32646],[21.38845,42.32647],[21.3889,42.32572],[21.38868,42.32404],[21.38884,42.32376],[21.38951,42.32386],[21.3897,42.3232],[21.39122,42.32225],[21.39168,42.32266],[21.39293,42.32315],[21.39636,42.32393],[21.4004,42.32164],[21.40068,42.32298],[21.40105,42.32388],[21.40139,42.3242],[21.40387,42.322],[21.40418,42.32217],[21.4035,42.32273],[21.40421,42.32307],[21.40389,42.32333],[21.40411,42.32348],[21.40519,42.32272],[21.40566,42.32297],[21.40588,42.32248],[21.40816,42.32269],[21.40791,42.32098],[21.40932,42.32085],[21.40972,42.32103],[21.41123,42.32114],[21.41135,42.32149],[21.41206,42.32141],[21.41211,42.32067],[21.41174,42.32004],[21.41235,42.32017],[21.41481,42.31846],[21.41553,42.3177],[21.41741,42.31502],[21.4185,42.31471],[21.41869,42.31415],[21.41928,42.31341],[21.42008,42.31318],[21.4211,42.31244],[21.4219,42.31219],[21.42281,42.31236],[21.4289,42.31098],[21.43014,42.31115],[21.43186,42.31168],[21.43259,42.31149],[21.43472,42.3124],[21.43556,42.31233],[21.43649,42.31073],[21.43716,42.31052],[21.43833,42.31062],[21.44103,42.30981],[21.44237,42.30985],[21.44478,42.31062],[21.44542,42.31099],[21.44478,42.31161],[21.44449,42.31258],[21.44464,42.3131],[21.44361,42.31428],[21.44334,42.31556],[21.44303,42.3159],[21.44219,42.3162],[21.44179,42.31658],[21.4417,42.31809],[21.44075,42.31994],[21.44002,42.32035],[21.43978,42.32021],[21.43993,42.31979],[21.4392,42.3198],[21.43815,42.32037],[21.43836,42.32059],[21.43607,42.32083],[21.43546,42.32109],[21.43646,42.32166],[21.43612,42.3225],[21.43703,42.3234],[21.43762,42.32557],[21.4375,42.32629],[21.43123,42.32919],[21.42931,42.32933],[21.42629,42.33531],[21.41717,42.33722],[21.41716,42.33763],[21.41577,42.33831],[21.41565,42.3387],[21.41519,42.33878],[21.41594,42.33964],[21.41525,42.34008],[21.41416,42.34047],[21.41307,42.34056],[21.41297,42.34098],[21.41123,42.34133],[21.4112,42.34159],[21.40984,42.34111],[21.40937,42.34152],[21.40708,42.34249],[21.40926,42.34323],[21.40967,42.34441],[21.40967,42.34507],[21.41054,42.3469],[21.40857,42.34932],[21.40852,42.35073],[21.40884,42.35203],[21.40843,42.35297],[21.40459,42.35519],[21.40436,42.35566],[21.40455,42.356],[21.40433,42.3561],[21.40351,42.35552],[21.40258,42.35536],[21.40128,42.35462],[21.40091,42.35359],[21.40037,42.35439],[21.39993,42.35474],[21.39876,42.35467],[21.39822,42.35425],[21.39761,42.35337],[21.3966,42.35308],[21.39594,42.35369],[21.39489,42.3533],[21.39563,42.35504],[21.39607,42.35678],[21.39641,42.35733],[21.39567,42.35726],[21.39547,42.35886],[21.39485,42.35882],[21.39468,42.35912],[21.39427,42.36019],[21.39379,42.36252],[21.3943,42.36387],[21.3959,42.36444],[21.39846,42.36626],[21.39871,42.36609],[21.39971,42.36644],[21.39971,42.36731],[21.40032,42.37064],[21.40014,42.37148],[21.39974,42.37155],[21.39962,42.37108],[21.39879,42.37086],[21.39846,42.37104],[21.39793,42.37105],[21.39785,42.37089],[21.39811,42.37046],[21.39518,42.36978],[21.39352,42.36863],[21.39241,42.36814],[21.39168,42.36821],[21.39174,42.36778],[21.39243,42.36756],[21.39243,42.36713],[21.3915,42.36647],[21.39172,42.36584],[21.3914,42.36569],[21.38864,42.36719],[21.38887,42.36859],[21.38859,42.36999],[21.38809,42.37102],[21.38728,42.37065],[21.38528,42.37399],[21.38547,42.37408],[21.38318,42.37688],[21.3836,42.37774],[21.38298,42.37798],[21.38216,42.37869],[21.38156,42.37846],[21.3799,42.38044],[21.37908,42.38027],[21.37902,42.38081],[21.37833,42.38178],[21.37797,42.38171],[21.37648,42.38333],[21.37603,42.38359],[21.37567,42.38359],[21.37168,42.38223],[21.37237,42.38045],[21.37115,42.38009],[21.37101,42.38026],[21.37067,42.38013],[21.37144,42.37921],[21.36957,42.37846],[21.36796,42.37962],[21.3676,42.37967],[21.36746,42.37946],[21.36655,42.37983],[21.3661,42.38019],[21.366,42.38064],[21.36538,42.38111],[21.36543,42.38139],[21.364,42.38176],[21.36419,42.38206],[21.36363,42.3822],[21.36296,42.38038],[21.36135,42.38082],[21.35999,42.37911],[21.3589,42.3792],[21.36079,42.37622],[21.3602,42.37581],[21.36002,42.3762],[21.35891,42.37612],[21.35901,42.37565],[21.35934,42.3753],[21.35938,42.37485],[21.35972,42.37452],[21.35896,42.37384],[21.35929,42.37357],[21.35823,42.37294],[21.35848,42.3726],[21.35521,42.37072]]]}},{"type":"Feature","properties":{"name":"Leposaviq","slug":"leposaviq","sourceName":"Leposaviq"},"geometry":{"type":"Polygon","coordinates":[[[21.00272,43.07107],[21.00372,43.07404],[21.00632,43.07608],[21.00597,43.07797],[21.00569,43.07832],[21.00512,43.07848],[21.005,43.07925],[21.00532,43.07986],[21.00572,43.08017],[21.00529,43.08102],[21.00553,43.0819],[21.00528,43.08294],[21.00551,43.08497],[21.00549,43.08619],[21.005,43.08719],[21.00489,43.08802],[21.00546,43.08974],[21.00525,43.09089],[21.00546,43.09133],[21.00555,43.09254],[21.00533,43.09311],[21.00563,43.09389],[21.00494,43.09668],[21.00378,43.09812],[21.00281,43.10026],[21.00081,43.10195],[20.99891,43.13842],[20.99796,43.13826],[20.99709,43.13729],[20.99592,43.13651],[20.99287,43.13639],[20.98946,43.13546],[20.98623,43.13604],[20.98579,43.13553],[20.98297,43.13595],[20.98013,43.13556],[20.97849,43.13481],[20.97615,43.13437],[20.9717,43.13092],[20.97232,43.1305],[20.97306,43.12733],[20.97307,43.12655],[20.97262,43.12619],[20.97237,43.12544],[20.97184,43.12534],[20.97068,43.12466],[20.96948,43.12451],[20.96831,43.12469],[20.96402,43.12578],[20.96081,43.12632],[20.95772,43.12788],[20.95556,43.12761],[20.95254,43.12935],[20.94998,43.13028],[20.94648,43.1338],[20.94487,43.13347],[20.94279,43.13474],[20.94105,43.13508],[20.93976,43.13474],[20.93745,43.13462],[20.93604,43.13779],[20.93459,43.13861],[20.93438,43.14026],[20.93193,43.14495],[20.93097,43.14533],[20.92933,43.14636],[20.92796,43.14682],[20.92713,43.14664],[20.92644,43.14752],[20.92507,43.14794],[20.92268,43.148],[20.91891,43.14762],[20.91665,43.14811],[20.91424,43.14921],[20.91203,43.14877],[20.91083,43.14952],[20.90885,43.15157],[20.90688,43.15266],[20.90284,43.15622],[20.90231,43.15577],[20.89902,43.15454],[20.89773,43.15516],[20.89633,43.15518],[20.89424,43.15568],[20.88882,43.15914],[20.88885,43.15985],[20.88843,43.16044],[20.88892,43.16162],[20.88896,43.16208],[20.88827,43.16319],[20.88756,43.16364],[20.88638,43.16411],[20.88362,43.16597],[20.88322,43.16653],[20.88328,43.16701],[20.88419,43.16748],[20.88137,43.16812],[20.87604,43.16714],[20.87378,43.16644],[20.87178,43.16497],[20.86601,43.16547],[20.8659,43.16661],[20.86218,43.16994],[20.86207,43.17061],[20.86113,43.17115],[20.86089,43.17315],[20.85845,43.17484],[20.8567,43.17441],[20.85561,43.17508],[20.85122,43.17518],[20.84994,43.17455],[20.84436,43.17419],[20.84155,43.17359],[20.83455,43.17899],[20.83383,43.17989],[20.83482,43.18151],[20.83631,43.18305],[20.83632,43.18366],[20.83672,43.18432],[20.83771,43.18492],[20.83839,43.18484],[20.83888,43.18455],[20.84179,43.18454],[20.84334,43.18477],[20.84477,43.18466],[20.84542,43.18541],[20.84746,43.18581],[20.84825,43.18563],[20.84921,43.18571],[20.85114,43.18665],[20.85661,43.18872],[20.85716,43.1897],[20.8544,43.19236],[20.85392,43.19243],[20.85364,43.19314],[20.85161,43.19343],[20.85133,43.19532],[20.84541,43.19847],[20.84445,43.20118],[20.84298,43.20323],[20.845,43.20746],[20.84705,43.20617],[20.8513,43.20539],[20.85211,43.20599],[20.85393,43.20616],[20.85547,43.20558],[20.85854,43.20591],[20.86016,43.20645],[20.86162,43.20652],[20.86389,43.20779],[20.86494,43.20779],[20.86559,43.20756],[20.86733,43.20571],[20.8681,43.20598],[20.86976,43.20596],[20.87059,43.20634],[20.87163,43.20611],[20.87399,43.20508],[20.87871,43.205],[20.88034,43.20557],[20.8824,43.20595],[20.88451,43.20407],[20.88732,43.20413],[20.88917,43.20298],[20.8907,43.20388],[20.89041,43.20418],[20.89019,43.20509],[20.88839,43.20673],[20.88817,43.20711],[20.88122,43.21095],[20.88119,43.21365],[20.87998,43.21531],[20.88024,43.21728],[20.87998,43.21948],[20.88067,43.22114],[20.8803,43.22275],[20.87759,43.2233],[20.87749,43.22436],[20.87807,43.2249],[20.87743,43.22586],[20.87732,43.22652],[20.87544,43.22775],[20.87418,43.22927],[20.8731,43.23134],[20.87193,43.23153],[20.86627,43.23582],[20.85942,43.24136],[20.85864,43.24269],[20.85653,43.24535],[20.85478,43.24622],[20.85365,43.24753],[20.85249,43.24947],[20.85173,43.25116],[20.85106,43.25137],[20.84771,43.25161],[20.84577,43.25246],[20.84264,43.25457],[20.83666,43.25667],[20.83547,43.2615],[20.83007,43.26166],[20.82956,43.26437],[20.82856,43.26522],[20.82751,43.26572],[20.81492,43.26654],[20.80723,43.26746],[20.80455,43.26669],[20.80198,43.2657],[20.79928,43.26371],[20.79684,43.26149],[20.79454,43.25966],[20.79323,43.25762],[20.79325,43.25359],[20.79357,43.25153],[20.79489,43.24761],[20.79504,43.24566],[20.79341,43.24558],[20.77901,43.24641],[20.77589,43.24641],[20.77326,43.24613],[20.76823,43.24418],[20.76587,43.24365],[20.76354,43.24342],[20.76011,43.24517],[20.75651,43.24629],[20.74735,43.24719],[20.74633,43.24747],[20.74515,43.2484],[20.74458,43.24911],[20.74019,43.2509],[20.73783,43.25065],[20.73513,43.2499],[20.7317,43.24935],[20.73043,43.24841],[20.72992,43.24783],[20.72968,43.24607],[20.72925,43.24486],[20.72855,43.2439],[20.72659,43.24194],[20.72127,43.23485],[20.7196,43.23385],[20.7175,43.23321],[20.71066,43.23156],[20.7105,43.2308],[20.70973,43.22985],[20.70948,43.22818],[20.70983,43.22747],[20.70889,43.22692],[20.70858,43.22696],[20.70767,43.22633],[20.69939,43.22528],[20.69806,43.22339],[20.69683,43.2221],[20.69577,43.22212],[20.69445,43.22085],[20.69288,43.22079],[20.69205,43.22055],[20.69145,43.22013],[20.68918,43.21919],[20.6886,43.21881],[20.68826,43.2182],[20.68814,43.21723],[20.68766,43.21662],[20.68759,43.21615],[20.6879,43.21548],[20.68863,43.2149],[20.68763,43.21329],[20.68083,43.21085],[20.67689,43.20898],[20.67139,43.20929],[20.66696,43.20918],[20.66593,43.20935],[20.6637,43.21012],[20.66241,43.20954],[20.66079,43.20912],[20.65827,43.2091],[20.65626,43.20992],[20.65396,43.2094],[20.65123,43.20926],[20.64976,43.20876],[20.64883,43.20782],[20.64704,43.20714],[20.64416,43.20662],[20.64126,43.2067],[20.63805,43.20782],[20.63434,43.20854],[20.62896,43.20724],[20.6209,43.20474],[20.61813,43.20444],[20.61544,43.20448],[20.61294,43.20478],[20.61006,43.2055],[20.60734,43.20684],[20.60557,43.21035],[20.60465,43.21086],[20.60326,43.21086],[20.60095,43.20922],[20.59711,43.2054],[20.59684,43.20305],[20.59717,43.2026],[20.60015,43.20097],[20.60117,43.20092],[20.6024,43.2003],[20.6035,43.19793],[20.60468,43.19672],[20.60908,43.19438],[20.6118,43.19247],[20.61434,43.19014],[20.61481,43.18794],[20.61431,43.18604],[20.61563,43.18519],[20.61574,43.17926],[20.61279,43.17762],[20.61172,43.17668],[20.6112,43.17535],[20.61146,43.17459],[20.61868,43.16912],[20.62371,43.16882],[20.62504,43.16842],[20.62627,43.16784],[20.6293,43.16503],[20.63191,43.16343],[20.6345,43.1626],[20.64018,43.16286],[20.64319,43.16204],[20.64587,43.16085],[20.65027,43.15782],[20.65337,43.15837],[20.65496,43.1567],[20.65614,43.15466],[20.65736,43.15389],[20.66248,43.15317],[20.66238,43.15199],[20.66167,43.15081],[20.66326,43.14451],[20.66427,43.14375],[20.66444,43.14333],[20.66427,43.1427],[20.66343,43.14127],[20.66092,43.13912],[20.66074,43.13835],[20.66087,43.13754],[20.66332,43.13624],[20.66632,43.13541],[20.66842,43.13389],[20.67266,43.13181],[20.6732,43.12686],[20.67752,43.12623],[20.67948,43.12558],[20.68548,43.12301],[20.68625,43.12174],[20.68689,43.11891],[20.68734,43.11772],[20.68764,43.11728],[20.68834,43.11695],[20.68861,43.11571],[20.68959,43.11491],[20.68953,43.11358],[20.68972,43.11297],[20.6909,43.11206],[20.69124,43.11084],[20.69225,43.11013],[20.69387,43.10731],[20.69416,43.10368],[20.69379,43.10319],[20.6912,43.10268],[20.68869,43.10059],[20.68886,43.09975],[20.68996,43.09906],[20.69114,43.0974],[20.69198,43.09694],[20.69242,43.09579],[20.69368,43.09357],[20.69282,43.09252],[20.6933,43.08985],[20.69262,43.08956],[20.6927,43.08877],[20.6925,43.08792],[20.69157,43.08725],[20.69088,43.08622],[20.6904,43.08467],[20.68827,43.08182],[20.68644,43.08156],[20.68457,43.08005],[20.68223,43.07939],[20.67989,43.07818],[20.67787,43.07828],[20.67607,43.07784],[20.67095,43.07617],[20.66726,43.0757],[20.6665,43.07606],[20.66492,43.07545],[20.66356,43.076],[20.66297,43.07651],[20.6611,43.07553],[20.66073,43.07501],[20.65963,43.07478],[20.6585,43.07271],[20.65685,43.07194],[20.65733,43.07052],[20.65859,43.06872],[20.6583,43.06836],[20.65956,43.06734],[20.66122,43.06669],[20.66251,43.06514],[20.66388,43.06505],[20.66665,43.06396],[20.66833,43.06506],[20.66913,43.06498],[20.66985,43.06255],[20.66974,43.06147],[20.67023,43.06061],[20.67026,43.05947],[20.66996,43.05817],[20.6716,43.05735],[20.67414,43.05732],[20.675,43.05714],[20.67596,43.05658],[20.67624,43.05657],[20.67824,43.05704],[20.67883,43.05763],[20.67924,43.05775],[20.67926,43.05821],[20.6796,43.05831],[20.6797,43.05887],[20.68007,43.05909],[20.68382,43.05931],[20.68623,43.05914],[20.687,43.05894],[20.68886,43.0592],[20.68984,43.05872],[20.69109,43.05664],[20.69183,43.05607],[20.69315,43.05588],[20.69344,43.05614],[20.69414,43.05613],[20.69461,43.05635],[20.69632,43.05631],[20.69662,43.05645],[20.69887,43.05632],[20.70049,43.05602],[20.70171,43.05607],[20.7022,43.05595],[20.70241,43.05554],[20.70294,43.0553],[20.70493,43.05483],[20.7045,43.05456],[20.7044,43.05381],[20.70454,43.05255],[20.70442,43.05153],[20.70501,43.04898],[20.705,43.04737],[20.70469,43.04555],[20.70311,43.04451],[20.70175,43.04393],[20.70034,43.04396],[20.6997,43.04362],[20.69952,43.04336],[20.70041,43.04347],[20.70173,43.04279],[20.70286,43.04287],[20.7044,43.04258],[20.70557,43.04214],[20.70569,43.042],[20.70565,43.04129],[20.70845,43.03898],[20.71135,43.03808],[20.71288,43.03677],[20.71291,43.03619],[20.71324,43.03565],[20.71408,43.03563],[20.71427,43.03547],[20.71449,43.0342],[20.71515,43.03365],[20.71565,43.03297],[20.7153,43.03213],[20.71544,43.03153],[20.71726,43.03045],[20.71793,43.02937],[20.72001,43.02875],[20.72067,43.02832],[20.72194,43.0286],[20.72229,43.03061],[20.72274,43.03115],[20.72356,43.03149],[20.72492,43.03356],[20.72533,43.03378],[20.72612,43.0338],[20.7273,43.03466],[20.72795,43.03485],[20.72816,43.03507],[20.72967,43.03547],[20.73028,43.03635],[20.73057,43.03717],[20.7312,43.03726],[20.73275,43.03809],[20.7333,43.03823],[20.7336,43.03884],[20.73705,43.04088],[20.73822,43.04236],[20.73879,43.04255],[20.73921,43.04244],[20.74009,43.04261],[20.74072,43.04292],[20.74149,43.0429],[20.74336,43.04223],[20.74388,43.04133],[20.74415,43.04116],[20.74409,43.0408],[20.74501,43.04006],[20.74507,43.0392],[20.74633,43.03856],[20.74812,43.03871],[20.74932,43.03904],[20.75021,43.03897],[20.75165,43.03954],[20.75228,43.03916],[20.75302,43.03912],[20.75344,43.03868],[20.75447,43.03897],[20.75624,43.03859],[20.75692,43.0392],[20.757,43.03973],[20.75818,43.03985],[20.75862,43.04017],[20.75882,43.04065],[20.75961,43.04129],[20.76022,43.04082],[20.76159,43.0406],[20.7613,43.03965],[20.76079,43.0392],[20.7607,43.03854],[20.76091,43.03806],[20.7604,43.03701],[20.76087,43.03631],[20.76092,43.03572],[20.76143,43.03559],[20.76162,43.03538],[20.76143,43.03512],[20.76144,43.03467],[20.76325,43.03322],[20.76367,43.03046],[20.76466,43.02906],[20.76489,43.02846],[20.76475,43.02775],[20.76533,43.02768],[20.76551,43.02741],[20.76585,43.02743],[20.76738,43.02789],[20.768,43.02745],[20.76791,43.02719],[20.7681,43.02703],[20.76896,43.02741],[20.76999,43.0275],[20.77104,43.02817],[20.77184,43.02819],[20.77231,43.02789],[20.77282,43.02783],[20.77441,43.02827],[20.77512,43.02818],[20.77597,43.02856],[20.77731,43.02829],[20.77751,43.0281],[20.77755,43.02767],[20.77827,43.02779],[20.78229,43.02635],[20.78364,43.02663],[20.78393,43.02635],[20.78413,43.02569],[20.78512,43.02577],[20.78575,43.02559],[20.78578,43.02463],[20.78639,43.02426],[20.78682,43.02363],[20.78675,43.02338],[20.78699,43.02236],[20.78678,43.02186],[20.78683,43.02112],[20.78747,43.02024],[20.7886,43.02],[20.78847,43.01973],[20.78853,43.01876],[20.78884,43.0183],[20.78914,43.01814],[20.79008,43.01829],[20.79037,43.018],[20.79042,43.01774],[20.78985,43.01721],[20.79036,43.01692],[20.79176,43.01718],[20.79185,43.01734],[20.79328,43.01778],[20.79444,43.01772],[20.79465,43.01799],[20.79583,43.01815],[20.79678,43.01737],[20.79704,43.01687],[20.79869,43.01619],[20.79912,43.01614],[20.79959,43.01571],[20.79985,43.0157],[20.80033,43.01607],[20.80133,43.01642],[20.80145,43.01665],[20.8009,43.01711],[20.8012,43.01738],[20.80192,43.01758],[20.80212,43.01823],[20.80198,43.01833],[20.80247,43.01891],[20.80332,43.01935],[20.80343,43.02012],[20.80401,43.02068],[20.80538,43.02127],[20.80647,43.02113],[20.80719,43.02073],[20.80746,43.02014],[20.80733,43.01984],[20.80743,43.01957],[20.80904,43.01812],[20.80911,43.01742],[20.80996,43.01692],[20.80936,43.01532],[20.80977,43.01389],[20.8087,43.01288],[20.80677,43.00967],[20.80618,43.00896],[20.80463,43.00819],[20.80224,43.00641],[20.80136,43.00592],[20.80005,43.00551],[20.7994,43.00501],[20.7982,43.00347],[20.79818,43.00198],[20.79842,43.00124],[20.79872,43.00072],[20.80136,42.99841],[20.80355,42.99715],[20.80431,42.99692],[20.80576,42.99695],[20.80702,42.99737],[20.80859,42.99766],[20.81078,42.99752],[20.81285,42.99713],[20.8148,42.9957],[20.81505,42.99518],[20.81506,42.99417],[20.81582,42.99359],[20.81677,42.99238],[20.81741,42.99195],[20.81989,42.99144],[20.82115,42.99084],[20.8218,42.99024],[20.82184,42.98979],[20.82098,42.98898],[20.81909,42.9877],[20.81802,42.98671],[20.81782,42.98606],[20.81793,42.9855],[20.81867,42.98474],[20.82099,42.98356],[20.8224,42.98345],[20.82313,42.98429],[20.82409,42.98438],[20.82526,42.98539],[20.82555,42.98671],[20.82808,42.98758],[20.82849,42.98752],[20.82881,42.98723],[20.82904,42.98624],[20.8274,42.98508],[20.82728,42.98439],[20.82808,42.98409],[20.82944,42.98388],[20.83228,42.98402],[20.83339,42.9843],[20.83362,42.98449],[20.83434,42.98608],[20.83478,42.98625],[20.83649,42.98623],[20.83671,42.9865],[20.83681,42.98707],[20.83668,42.98772],[20.83456,42.98836],[20.83349,42.98908],[20.8335,42.98924],[20.83434,42.98939],[20.83639,42.98925],[20.83741,42.98952],[20.83786,42.98984],[20.83806,42.99034],[20.8377,42.99084],[20.83667,42.99104],[20.83652,42.99167],[20.83609,42.99241],[20.83601,42.99281],[20.83622,42.99311],[20.83704,42.99329],[20.83856,42.99296],[20.8391,42.99259],[20.83975,42.99251],[20.84005,42.99262],[20.84031,42.99285],[20.8403,42.99394],[20.84171,42.994],[20.8431,42.99451],[20.84327,42.99472],[20.84325,42.995],[20.84295,42.9955],[20.84332,42.99586],[20.84389,42.99591],[20.84472,42.99521],[20.84546,42.99523],[20.84603,42.99548],[20.84728,42.99628],[20.84876,42.99683],[20.84979,42.99774],[20.84942,42.99827],[20.85112,42.99903],[20.85179,42.9996],[20.85299,43.00006],[20.85437,43.00132],[20.85496,43.00142],[20.85642,43.00099],[20.85739,43.00192],[20.85749,43.00244],[20.85786,43.00262],[20.85846,43.00268],[20.86061,43.00221],[20.86321,43.0009],[20.86411,43.00114],[20.86454,43.00176],[20.86572,43.00147],[20.86795,43.00133],[20.86994,43.00197],[20.87031,43.00224],[20.87081,43.00196],[20.87255,43.00196],[20.87408,43.0031],[20.87466,43.00329],[20.87497,43.00369],[20.8781,43.00384],[20.88916,43.00623],[20.89151,43.00952],[20.89266,43.01289],[20.89374,43.01371],[20.8926,43.01615],[20.89036,43.0172],[20.88946,43.01815],[20.88762,43.01893],[20.88673,43.01971],[20.88633,43.02067],[20.88656,43.02124],[20.88707,43.02148],[20.88719,43.02173],[20.88842,43.02195],[20.88891,43.02235],[20.88805,43.02324],[20.88756,43.02434],[20.88649,43.02527],[20.88605,43.02601],[20.88684,43.02648],[20.88786,43.02644],[20.88927,43.02694],[20.88969,43.02883],[20.89077,43.02972],[20.89165,43.02984],[20.8925,43.02966],[20.89271,43.02873],[20.89444,43.02891],[20.8962,43.0288],[20.8968,43.02863],[20.89726,43.02822],[20.8972,43.02805],[20.89639,43.02754],[20.8963,43.02722],[20.89664,43.02687],[20.89748,43.02667],[20.89765,43.02565],[20.89946,43.02536],[20.90009,43.02488],[20.9011,43.02356],[20.90197,43.02346],[20.90281,43.02304],[20.90287,43.02265],[20.90246,43.02172],[20.90242,43.02113],[20.90289,43.02014],[20.90349,43.01998],[20.90479,43.02035],[20.90538,43.02033],[20.90705,43.01961],[20.90748,43.01865],[20.9081,43.01823],[20.91024,43.01836],[20.9109,43.01749],[20.91213,43.01708],[20.91278,43.01651],[20.91303,43.01503],[20.91408,43.01321],[20.91533,43.01246],[20.91577,43.01247],[20.91619,43.01201],[20.9166,43.01202],[20.9174,43.01248],[20.91781,43.01246],[20.9182,43.01268],[20.91854,43.0126],[20.91885,43.01211],[20.91922,43.01209],[20.91942,43.01222],[20.91959,43.01287],[20.91998,43.01333],[20.92171,43.01293],[20.92191,43.01307],[20.9215,43.01344],[20.92197,43.01376],[20.9227,43.01363],[20.92289,43.01375],[20.92278,43.01447],[20.92333,43.01512],[20.92437,43.01533],[20.92462,43.01554],[20.92565,43.01533],[20.92682,43.01639],[20.92786,43.01638],[20.92796,43.01687],[20.92786,43.01697],[20.92668,43.01728],[20.92669,43.01758],[20.92694,43.01789],[20.92804,43.01776],[20.92889,43.01852],[20.9291,43.01803],[20.9301,43.0176],[20.93065,43.01805],[20.93181,43.01804],[20.9329,43.0183],[20.9331,43.01841],[20.93323,43.01929],[20.93347,43.01958],[20.93317,43.02037],[20.93341,43.02059],[20.93426,43.02072],[20.93476,43.02099],[20.93484,43.02131],[20.93466,43.02155],[20.9355,43.02195],[20.93574,43.02226],[20.93464,43.02422],[20.93456,43.02479],[20.93605,43.02481],[20.93627,43.02498],[20.9361,43.02608],[20.93645,43.02678],[20.93625,43.02718],[20.93646,43.02814],[20.93669,43.02847],[20.93747,43.02889],[20.93815,43.02899],[20.93863,43.0294],[20.93859,43.02987],[20.93804,43.03074],[20.93799,43.03111],[20.93813,43.03131],[20.93866,43.03141],[20.93948,43.03191],[20.9392,43.03251],[20.93945,43.03293],[20.93995,43.03318],[20.94024,43.03373],[20.94081,43.03402],[20.94131,43.03476],[20.94212,43.03521],[20.94278,43.03502],[20.94464,43.03494],[20.94627,43.03607],[20.94763,43.03649],[20.94819,43.03717],[20.94905,43.03726],[20.95025,43.03613],[20.95097,43.0361],[20.95149,43.03656],[20.95186,43.03733],[20.95247,43.03746],[20.95336,43.03715],[20.95372,43.03733],[20.95362,43.03814],[20.95396,43.03882],[20.956,43.03947],[20.95746,43.03965],[20.95808,43.04003],[20.95933,43.0402],[20.96067,43.04079],[20.96127,43.04067],[20.96195,43.04079],[20.96323,43.04035],[20.96526,43.04067],[20.96611,43.04136],[20.96774,43.04101],[20.96879,43.04106],[20.96897,43.04079],[20.97137,43.04058],[20.972,43.04025],[20.97305,43.04005],[20.9747,43.04053],[20.97559,43.04137],[20.97708,43.04426],[20.97815,43.04547],[20.97849,43.04617],[20.97908,43.04937],[20.97938,43.04997],[20.97938,43.0523],[20.97879,43.05463],[20.98223,43.05573],[20.98317,43.05622],[20.98365,43.05724],[20.98362,43.05815],[20.9857,43.05891],[20.98795,43.06054],[20.98791,43.06135],[20.98868,43.06195],[20.9911,43.06301],[20.99233,43.06335],[20.99316,43.06339],[20.99338,43.06384],[20.99328,43.06477],[20.99366,43.06634],[20.99367,43.06736],[20.99388,43.06783],[20.99379,43.06801],[20.99453,43.07038],[20.99646,43.07249],[20.99869,43.07194],[20.99995,43.07208],[21.00153,43.07186],[21.00239,43.07164],[21.00272,43.07107]]]}},{"type":"Feature","properties":{"name":"Lipjan","slug":"lipjan","sourceName":"Lipjan"},"geometry":{"type":"Polygon","coordinates":[[[20.97711,42.57017],[20.97168,42.5711],[20.96809,42.56883],[20.96593,42.56695],[20.96021,42.56481],[20.95802,42.5626],[20.95672,42.5621],[20.95497,42.5618],[20.9553,42.56156],[20.95463,42.56141],[20.95566,42.56048],[20.95535,42.56027],[20.95663,42.55914],[20.9565,42.55904],[20.95701,42.55854],[20.95562,42.55806],[20.95568,42.55775],[20.95607,42.55732],[20.95553,42.55708],[20.955,42.55707],[20.95507,42.55685],[20.95467,42.55662],[20.95484,42.5564],[20.95432,42.55617],[20.95362,42.55531],[20.95297,42.55503],[20.95234,42.55431],[20.9525,42.55341],[20.95287,42.55287],[20.95304,42.55226],[20.9566,42.55235],[20.95698,42.55139],[20.95771,42.55156],[20.95854,42.55083],[20.96034,42.54865],[20.96077,42.54572],[20.96041,42.54549],[20.96043,42.54533],[20.96075,42.54484],[20.96186,42.54395],[20.95644,42.54185],[20.94966,42.53761],[20.94993,42.53601],[20.95026,42.53553],[20.94985,42.53493],[20.94888,42.53409],[20.94763,42.53407],[20.94701,42.53363],[20.9457,42.53359],[20.94484,42.53406],[20.9434,42.53411],[20.94202,42.53494],[20.94031,42.53478],[20.93919,42.53505],[20.93668,42.53607],[20.93643,42.53591],[20.93558,42.5359],[20.93494,42.53541],[20.93372,42.53648],[20.93303,42.53743],[20.93181,42.53811],[20.93161,42.53852],[20.93167,42.53891],[20.93069,42.53991],[20.92526,42.54005],[20.92479,42.54022],[20.92203,42.54031],[20.91973,42.54024],[20.91948,42.54011],[20.91967,42.53976],[20.91873,42.53958],[20.91881,42.53915],[20.91833,42.53754],[20.91845,42.53676],[20.91869,42.53657],[20.91896,42.53576],[20.91927,42.53545],[20.91916,42.53506],[20.91941,42.53465],[20.9193,42.53387],[20.91901,42.53375],[20.91891,42.53337],[20.91856,42.53319],[20.91846,42.53255],[20.91875,42.53163],[20.9194,42.53152],[20.91915,42.53114],[20.91885,42.53122],[20.919,42.53096],[20.91861,42.53068],[20.91903,42.52939],[20.91421,42.52878],[20.91426,42.52755],[20.91354,42.52738],[20.91308,42.52838],[20.91196,42.52826],[20.91163,42.52923],[20.91133,42.52943],[20.90792,42.52794],[20.90419,42.52683],[20.90347,42.52621],[20.90245,42.52574],[20.89734,42.52076],[20.89365,42.51763],[20.89121,42.51635],[20.88509,42.51242],[20.88239,42.51127],[20.88156,42.51172],[20.88057,42.51261],[20.87988,42.51288],[20.87931,42.5129],[20.87932,42.5132],[20.8798,42.51368],[20.88005,42.51447],[20.87882,42.51463],[20.87766,42.51501],[20.87452,42.51508],[20.87337,42.51453],[20.87195,42.51441],[20.8682,42.51457],[20.86602,42.51422],[20.86449,42.5135],[20.86546,42.51481],[20.86422,42.515],[20.86185,42.51469],[20.86053,42.51486],[20.86021,42.51521],[20.85942,42.51541],[20.85916,42.51467],[20.8582,42.51317],[20.85814,42.51231],[20.85795,42.51202],[20.85799,42.51051],[20.85877,42.5091],[20.85934,42.50677],[20.85888,42.50561],[20.85871,42.50462],[20.85892,42.50315],[20.85915,42.50281],[20.85915,42.50162],[20.85876,42.50069],[20.85757,42.49874],[20.85771,42.49817],[20.85572,42.49596],[20.85506,42.49471],[20.85399,42.49435],[20.85256,42.49508],[20.85143,42.49437],[20.85064,42.49448],[20.84989,42.49432],[20.85027,42.49368],[20.85121,42.49303],[20.85201,42.49037],[20.85234,42.48972],[20.85335,42.48877],[20.85362,42.48825],[20.85407,42.48717],[20.85413,42.48577],[20.85444,42.48519],[20.85517,42.48469],[20.856,42.48538],[20.85688,42.48585],[20.85798,42.48545],[20.86131,42.48608],[20.86777,42.48945],[20.8682,42.48899],[20.86824,42.4871],[20.8708,42.48802],[20.88225,42.49097],[20.88831,42.48862],[20.89309,42.4884],[20.89364,42.4886],[20.89497,42.48863],[20.89581,42.48884],[20.89631,42.48724],[20.89827,42.48351],[20.89907,42.47982],[20.90014,42.48068],[20.90142,42.48085],[20.90187,42.48073],[20.90256,42.48019],[20.90298,42.47934],[20.90405,42.47938],[20.90591,42.47886],[20.90634,42.47774],[20.90612,42.47693],[20.90661,42.47616],[20.90737,42.47632],[20.90977,42.4773],[20.91051,42.47791],[20.91057,42.47828],[20.91399,42.47786],[20.91723,42.47822],[20.91932,42.47796],[20.92239,42.47677],[20.92359,42.47645],[20.92613,42.47675],[20.92787,42.47624],[20.92881,42.47546],[20.9305,42.47598],[20.93147,42.47608],[20.93288,42.47664],[20.93426,42.47723],[20.93708,42.47887],[20.93736,42.47923],[20.937,42.47931],[20.93694,42.47951],[20.93763,42.48052],[20.93762,42.48125],[20.93784,42.48139],[20.93821,42.48319],[20.94041,42.48269],[20.94202,42.48485],[20.94265,42.48518],[20.94299,42.48557],[20.94339,42.4865],[20.94324,42.4869],[20.94348,42.48712],[20.94502,42.48796],[20.94568,42.48786],[20.94621,42.48719],[20.94733,42.48784],[20.94837,42.48818],[20.95074,42.48857],[20.95125,42.48899],[20.95197,42.48922],[20.95287,42.49019],[20.95438,42.491],[20.95469,42.4908],[20.95493,42.49098],[20.95582,42.49205],[20.95612,42.49274],[20.95687,42.49245],[20.95717,42.49248],[20.95803,42.4929],[20.95836,42.49323],[20.96069,42.49397],[20.9618,42.49498],[20.96273,42.49523],[20.96326,42.49575],[20.9642,42.49623],[20.96502,42.49514],[20.96629,42.4946],[20.96691,42.4941],[20.9677,42.49292],[20.97208,42.48925],[20.9769,42.48455],[20.97931,42.48207],[20.98072,42.47921],[20.98127,42.47906],[20.9816,42.47876],[20.98207,42.47893],[20.98289,42.47971],[20.98427,42.47866],[20.98479,42.47845],[20.98544,42.47853],[20.98754,42.47958],[20.98845,42.47956],[20.9893,42.479],[20.99091,42.47922],[20.99127,42.47896],[20.99234,42.47959],[20.99273,42.48044],[20.99262,42.4808],[20.99285,42.4809],[20.99324,42.48069],[20.99422,42.47972],[20.99527,42.48087],[20.99617,42.48267],[20.99707,42.48366],[20.99875,42.48471],[21.00024,42.48496],[21.00143,42.48584],[21.00198,42.48601],[21.00278,42.48581],[21.00356,42.48513],[21.00402,42.485],[21.00457,42.48436],[21.00727,42.48215],[21.00915,42.48118],[21.01003,42.48006],[21.01257,42.47778],[21.01424,42.47603],[21.01526,42.47525],[21.01558,42.4755],[21.01615,42.47679],[21.01679,42.477],[21.01813,42.4769],[21.0198,42.47865],[21.02034,42.47843],[21.02588,42.47764],[21.0282,42.47755],[21.0303,42.47687],[21.03155,42.47758],[21.0326,42.47697],[21.03362,42.47692],[21.03672,42.47767],[21.0416,42.47736],[21.0426,42.47761],[21.04744,42.47619],[21.0489,42.47338],[21.04978,42.47269],[21.05183,42.47191],[21.05205,42.4711],[21.05554,42.4715],[21.05601,42.47122],[21.05627,42.47077],[21.05627,42.47028],[21.05886,42.47051],[21.05906,42.47029],[21.05905,42.47003],[21.06428,42.47013],[21.06423,42.46996],[21.06521,42.46999],[21.0654,42.46975],[21.06618,42.46965],[21.06629,42.46989],[21.06692,42.46969],[21.06711,42.47024],[21.07014,42.47017],[21.07299,42.47035],[21.073,42.47052],[21.07478,42.47078],[21.07592,42.47116],[21.0766,42.47117],[21.07594,42.47233],[21.06879,42.47169],[21.0693,42.47282],[21.06922,42.47322],[21.07675,42.4745],[21.07666,42.47488],[21.07958,42.47545],[21.08143,42.476],[21.08454,42.47641],[21.0896,42.4841],[21.0903,42.48342],[21.08968,42.48297],[21.09005,42.4827],[21.09062,42.4831],[21.09095,42.48278],[21.08917,42.48146],[21.0898,42.48072],[21.09109,42.47857],[21.09196,42.47889],[21.09246,42.4789],[21.09274,42.47845],[21.09243,42.47829],[21.09251,42.47809],[21.09214,42.47774],[21.09043,42.47698],[21.09092,42.47645],[21.09047,42.47584],[21.09046,42.47523],[21.08983,42.47525],[21.08993,42.47461],[21.09067,42.47455],[21.0914,42.47605],[21.09313,42.47672],[21.09383,42.4778],[21.09419,42.47785],[21.09448,42.47812],[21.09461,42.47797],[21.09621,42.47853],[21.09702,42.4786],[21.09781,42.47849],[21.0983,42.47814],[21.09892,42.47798],[21.09725,42.47637],[21.09609,42.47592],[21.09567,42.47551],[21.09796,42.47412],[21.09724,42.4734],[21.09504,42.47468],[21.09436,42.47434],[21.09743,42.47262],[21.09683,42.47217],[21.09642,42.47158],[21.09728,42.4707],[21.09724,42.47027],[21.09833,42.4703],[21.09847,42.46929],[21.09928,42.4694],[21.09901,42.47068],[21.0996,42.47086],[21.09991,42.46961],[21.10107,42.47008],[21.10246,42.46896],[21.10305,42.469],[21.10425,42.46811],[21.10446,42.46831],[21.10505,42.46839],[21.10637,42.46826],[21.10717,42.46797],[21.11091,42.46937],[21.11206,42.46965],[21.11576,42.46996],[21.12,42.47115],[21.12015,42.47012],[21.12132,42.46997],[21.12133,42.47011],[21.1219,42.46992],[21.12292,42.47035],[21.12364,42.47089],[21.12394,42.47044],[21.12607,42.47085],[21.12883,42.47158],[21.13142,42.47255],[21.13185,42.47179],[21.13326,42.47046],[21.13189,42.47003],[21.1331,42.46952],[21.135,42.47009],[21.13529,42.46952],[21.13531,42.46891],[21.13564,42.46846],[21.13537,42.46771],[21.13706,42.46314],[21.13748,42.4614],[21.13861,42.4605],[21.13902,42.45963],[21.13874,42.45751],[21.13834,42.45737],[21.14068,42.45485],[21.14157,42.45461],[21.14319,42.45359],[21.14467,42.45335],[21.14492,42.45254],[21.14545,42.45256],[21.14556,42.45341],[21.14713,42.45371],[21.14806,42.4543],[21.14899,42.45612],[21.15023,42.45609],[21.15131,42.45548],[21.15211,42.45524],[21.15264,42.45551],[21.15387,42.45573],[21.15411,42.45536],[21.15398,42.4549],[21.15414,42.45441],[21.15446,42.45433],[21.15514,42.4544],[21.15598,42.45501],[21.15661,42.45484],[21.15681,42.45494],[21.15742,42.45591],[21.1592,42.45573],[21.16043,42.45494],[21.16141,42.45532],[21.16109,42.4561],[21.16062,42.45894],[21.16071,42.45941],[21.1604,42.46024],[21.16054,42.46032],[21.16098,42.46008],[21.16155,42.46027],[21.16168,42.46055],[21.16144,42.46101],[21.16174,42.46135],[21.16314,42.46116],[21.16383,42.46136],[21.16383,42.4608],[21.16417,42.46068],[21.1644,42.46097],[21.16463,42.46096],[21.16464,42.46025],[21.16517,42.46007],[21.16551,42.4602],[21.16561,42.4604],[21.16612,42.4604],[21.16634,42.46117],[21.16766,42.46141],[21.16906,42.46127],[21.16904,42.461],[21.16986,42.46116],[21.17022,42.46083],[21.17139,42.46059],[21.17321,42.46076],[21.17446,42.45996],[21.17646,42.46045],[21.17704,42.45961],[21.17757,42.45959],[21.17917,42.45882],[21.17929,42.458],[21.17977,42.45679],[21.17976,42.45605],[21.18002,42.45587],[21.18289,42.45748],[21.18477,42.45914],[21.18626,42.46018],[21.18635,42.46004],[21.18687,42.46026],[21.18722,42.46093],[21.18996,42.46181],[21.1896,42.46214],[21.19244,42.46338],[21.19669,42.46331],[21.19783,42.46363],[21.19776,42.46389],[21.19797,42.46392],[21.19789,42.46431],[21.20406,42.46498],[21.21142,42.4654],[21.21368,42.46578],[21.22203,42.46471],[21.22506,42.4646],[21.22768,42.46361],[21.22838,42.46318],[21.23106,42.46225],[21.23298,42.46051],[21.23745,42.45884],[21.23908,42.45939],[21.23978,42.45942],[21.24125,42.45887],[21.24288,42.45998],[21.24715,42.45826],[21.2482,42.45734],[21.24758,42.45703],[21.24843,42.45701],[21.24856,42.45682],[21.24868,42.45605],[21.24837,42.45506],[21.2484,42.45457],[21.24908,42.45292],[21.249,42.45278],[21.24939,42.4522],[21.25111,42.45106],[21.25382,42.44975],[21.25441,42.44962],[21.25551,42.44874],[21.25624,42.4477],[21.25651,42.44691],[21.25922,42.44439],[21.26034,42.44533],[21.26366,42.44601],[21.26456,42.44656],[21.26542,42.44771],[21.26696,42.44893],[21.26784,42.44919],[21.26893,42.44982],[21.27038,42.44983],[21.27326,42.45176],[21.27456,42.45239],[21.27536,42.45259],[21.27636,42.45397],[21.27634,42.45503],[21.27661,42.45548],[21.27662,42.45604],[21.27765,42.45818],[21.27761,42.45895],[21.27729,42.46004],[21.27735,42.4612],[21.2765,42.46306],[21.27673,42.46336],[21.27744,42.46339],[21.27773,42.46363],[21.27818,42.46371],[21.27793,42.46408],[21.27789,42.46467],[21.27846,42.4664],[21.27698,42.46763],[21.27682,42.46838],[21.27699,42.46863],[21.27697,42.46893],[21.27728,42.46934],[21.27737,42.4701],[21.27862,42.47138],[21.28025,42.47216],[21.28066,42.47304],[21.28178,42.47431],[21.2821,42.47491],[21.28199,42.47521],[21.28057,42.47545],[21.28034,42.47487],[21.27714,42.47475],[21.27607,42.47519],[21.27551,42.47514],[21.2744,42.4759],[21.27428,42.47629],[21.27451,42.47636],[21.27554,42.47628],[21.27678,42.4765],[21.27555,42.47733],[21.27498,42.478],[21.27383,42.47825],[21.27338,42.47894],[21.2737,42.48039],[21.27353,42.48221],[21.27415,42.48294],[21.27509,42.48364],[21.27801,42.4829],[21.27936,42.48233],[21.28076,42.48269],[21.28195,42.48274],[21.2833,42.48231],[21.28382,42.48193],[21.28605,42.48162],[21.28698,42.48163],[21.28793,42.4819],[21.29011,42.48159],[21.29065,42.48188],[21.29312,42.48249],[21.29417,42.4833],[21.2946,42.48341],[21.29607,42.48334],[21.29726,42.48244],[21.2976,42.48237],[21.29897,42.48242],[21.29928,42.48257],[21.30033,42.48243],[21.30125,42.4827],[21.30171,42.48209],[21.30274,42.48242],[21.30486,42.48261],[21.30534,42.48253],[21.30678,42.48347],[21.30749,42.48375],[21.30758,42.48458],[21.30781,42.485],[21.30753,42.48545],[21.30925,42.48634],[21.30945,42.48661],[21.30975,42.48883],[21.31005,42.48972],[21.31044,42.4902],[21.31234,42.49126],[21.31342,42.49154],[21.31431,42.49157],[21.31512,42.49313],[21.31489,42.49431],[21.31425,42.4952],[21.31381,42.49543],[21.31415,42.49632],[21.31349,42.49736],[21.31319,42.49828],[21.31228,42.4984],[21.31224,42.49867],[21.31246,42.49902],[21.31187,42.49968],[21.31094,42.49968],[21.30907,42.50028],[21.30731,42.50135],[21.30711,42.50179],[21.30661,42.50216],[21.3056,42.50254],[21.30505,42.50337],[21.30449,42.50372],[21.30429,42.50403],[21.30436,42.50497],[21.30382,42.50578],[21.30293,42.50659],[21.30275,42.50712],[21.3027,42.50823],[21.30146,42.50919],[21.30125,42.50985],[21.30141,42.51017],[21.3012,42.51086],[21.30067,42.51144],[21.30028,42.51162],[21.30148,42.51355],[21.30174,42.51601],[21.30164,42.51752],[21.30241,42.51983],[21.30244,42.52061],[21.30202,42.52157],[21.30212,42.52179],[21.30293,42.5221],[21.30373,42.52369],[21.30525,42.52568],[21.30671,42.52674],[21.30643,42.52684],[21.30557,42.52766],[21.3051,42.52757],[21.30466,42.52713],[21.30325,42.52703],[21.30223,42.52648],[21.29969,42.52659],[21.29882,42.52639],[21.29756,42.52661],[21.2969,42.5269],[21.29384,42.52762],[21.29397,42.5286],[21.29383,42.53031],[21.29362,42.53067],[21.29269,42.53017],[21.29076,42.52959],[21.28824,42.53041],[21.28571,42.53284],[21.28456,42.53433],[21.28393,42.53467],[21.28414,42.53508],[21.28395,42.53619],[21.28401,42.5372],[21.2838,42.53783],[21.28306,42.53878],[21.28359,42.53926],[21.28349,42.5407],[21.28413,42.54086],[21.28402,42.54143],[21.2856,42.54265],[21.2857,42.54424],[21.28639,42.54511],[21.28742,42.54595],[21.2876,42.54621],[21.28764,42.54695],[21.28848,42.54754],[21.28887,42.54877],[21.28948,42.5488],[21.28963,42.54935],[21.28997,42.5498],[21.29061,42.55017],[21.29128,42.55089],[21.29192,42.55126],[21.29295,42.55114],[21.29345,42.55139],[21.29365,42.55255],[21.29414,42.55282],[21.29483,42.55286],[21.29619,42.55377],[21.29647,42.55426],[21.29712,42.55463],[21.29914,42.55697],[21.29806,42.5589],[21.29817,42.55958],[21.29867,42.5593],[21.30081,42.55874],[21.30177,42.55817],[21.3034,42.55764],[21.304,42.55705],[21.30672,42.55647],[21.30848,42.55689],[21.30906,42.55763],[21.30929,42.55864],[21.31011,42.55934],[21.30882,42.56125],[21.30856,42.56272],[21.30741,42.56398],[21.30757,42.56483],[21.30942,42.56498],[21.31211,42.56397],[21.31435,42.5639],[21.31695,42.56339],[21.3183,42.5633],[21.31929,42.56285],[21.32235,42.56292],[21.32272,42.56357],[21.32392,42.56469],[21.32417,42.56511],[21.32482,42.56553],[21.32491,42.56578],[21.324,42.56753],[21.32403,42.56892],[21.32439,42.5695],[21.32563,42.5694],[21.32653,42.56978],[21.32825,42.57002],[21.32846,42.57049],[21.3307,42.57096],[21.33241,42.57203],[21.33327,42.57289],[21.3331,42.57464],[21.33386,42.57557],[21.33402,42.57615],[21.3359,42.57673],[21.33619,42.57714],[21.33631,42.57794],[21.33738,42.57935],[21.33812,42.57926],[21.33823,42.57941],[21.33723,42.57983],[21.33697,42.58047],[21.33636,42.58108],[21.33631,42.58195],[21.33685,42.58221],[21.33726,42.58274],[21.33753,42.58467],[21.33787,42.5851],[21.33785,42.58553],[21.33941,42.58645],[21.34008,42.58557],[21.341,42.58523],[21.34224,42.58581],[21.34134,42.58678],[21.34114,42.58725],[21.34072,42.58758],[21.34058,42.58833],[21.34031,42.58883],[21.33908,42.58978],[21.33837,42.59107],[21.33843,42.59174],[21.3379,42.59228],[21.33686,42.59291],[21.33574,42.59399],[21.3348,42.59586],[21.3337,42.59676],[21.33341,42.5965],[21.33144,42.59707],[21.33018,42.59682],[21.32986,42.59652],[21.32881,42.59617],[21.32831,42.59442],[21.32767,42.59395],[21.32732,42.59328],[21.32584,42.5922],[21.32572,42.59185],[21.32675,42.59214],[21.32694,42.59168],[21.32648,42.5899],[21.32575,42.58906],[21.32382,42.5877],[21.32343,42.5872],[21.32271,42.58783],[21.32182,42.58794],[21.32159,42.58848],[21.32052,42.58989],[21.31988,42.59185],[21.32008,42.5934],[21.32104,42.59445],[21.32102,42.59503],[21.32059,42.5956],[21.31926,42.59602],[21.31876,42.59661],[21.31826,42.59671],[21.31724,42.59656],[21.31679,42.59815],[21.31681,42.59846],[21.31718,42.59879],[21.3169,42.5992],[21.31724,42.60064],[21.31679,42.6013],[21.31632,42.60166],[21.31629,42.60219],[21.3159,42.6031],[21.31509,42.60355],[21.31411,42.60441],[21.31115,42.60419],[21.31111,42.60566],[21.31086,42.60625],[21.31034,42.60686],[21.31107,42.60814],[21.3112,42.60897],[21.31149,42.60959],[21.30895,42.61001],[21.30798,42.61064],[21.30746,42.61078],[21.30615,42.61033],[21.30506,42.61065],[21.30422,42.61066],[21.3034,42.61149],[21.30291,42.61163],[21.30232,42.61239],[21.30164,42.6125],[21.30058,42.61234],[21.29969,42.61248],[21.29839,42.6131],[21.29713,42.61338],[21.29506,42.61471],[21.29405,42.61485],[21.29308,42.61533],[21.29076,42.61757],[21.28961,42.61926],[21.28912,42.61963],[21.2889,42.62005],[21.28772,42.62118],[21.28636,42.62282],[21.2861,42.62268],[21.2853,42.62294],[21.28354,42.62201],[21.2833,42.62215],[21.2838,42.62263],[21.28392,42.62295],[21.2769,42.62312],[21.27323,42.62241],[21.27074,42.62215],[21.2654,42.62047],[21.26192,42.61978],[21.26005,42.61879],[21.25681,42.6187],[21.2561,42.61844],[21.25526,42.6172],[21.25521,42.61691],[21.25457,42.61647],[21.25416,42.61571],[21.25416,42.61479],[21.25331,42.61512],[21.25272,42.61635],[21.2521,42.61682],[21.25107,42.61712],[21.25046,42.61689],[21.25016,42.6164],[21.2493,42.6158],[21.24766,42.6155],[21.24694,42.61456],[21.24702,42.61405],[21.24674,42.61357],[21.2439,42.61286],[21.24358,42.61244],[21.24291,42.61227],[21.24133,42.61088],[21.2394,42.61075],[21.23936,42.61045],[21.24002,42.60985],[21.24219,42.60859],[21.2411,42.60609],[21.2413,42.60567],[21.24032,42.60511],[21.24003,42.60478],[21.2394,42.60453],[21.23885,42.60453],[21.2343,42.59966],[21.23372,42.5975],[21.23431,42.59725],[21.23457,42.5968],[21.23497,42.59661],[21.23675,42.59612],[21.23762,42.59528],[21.23983,42.59499],[21.24004,42.59472],[21.24035,42.59265],[21.24077,42.59183],[21.24096,42.59062],[21.24045,42.59041],[21.2397,42.589],[21.23934,42.5888],[21.23922,42.58844],[21.23945,42.58752],[21.24011,42.58646],[21.23968,42.58547],[21.2397,42.58488],[21.24103,42.58314],[21.24244,42.58309],[21.24333,42.58268],[21.24517,42.58251],[21.24517,42.58189],[21.24464,42.58096],[21.24509,42.58044],[21.24541,42.57746],[21.24495,42.57724],[21.24445,42.57751],[21.24405,42.5773],[21.24443,42.57648],[21.24303,42.5764],[21.24281,42.57625],[21.24117,42.57599],[21.24078,42.57757],[21.24044,42.57781],[21.23893,42.57781],[21.23865,42.5772],[21.23717,42.57681],[21.23611,42.57634],[21.23537,42.57657],[21.23455,42.57617],[21.23403,42.57534],[21.23376,42.57551],[21.23337,42.57546],[21.23205,42.5732],[21.23103,42.57266],[21.23031,42.57256],[21.22847,42.57303],[21.22462,42.57285],[21.22248,42.5709],[21.22144,42.57068],[21.21888,42.56832],[21.21801,42.56586],[21.21823,42.56509],[21.218,42.56412],[21.21642,42.5611],[21.2148,42.56002],[21.21344,42.55975],[21.21225,42.55974],[21.21284,42.55844],[21.21362,42.55744],[21.21597,42.5558],[21.21545,42.55554],[21.21644,42.55458],[21.21655,42.55497],[21.21799,42.55417],[21.21757,42.55376],[21.21788,42.55357],[21.21952,42.55426],[21.2208,42.55443],[21.22165,42.55484],[21.2225,42.55548],[21.22327,42.55584],[21.22416,42.55603],[21.2247,42.55481],[21.22596,42.55468],[21.22971,42.5537],[21.23106,42.55356],[21.23084,42.55272],[21.23391,42.55214],[21.23393,42.55143],[21.23292,42.55148],[21.23223,42.54983],[21.23164,42.54903],[21.23138,42.54833],[21.22985,42.54863],[21.2286,42.54914],[21.22591,42.54882],[21.22539,42.54859],[21.22489,42.54729],[21.2244,42.54652],[21.22287,42.54696],[21.22239,42.54754],[21.22068,42.54789],[21.21988,42.54781],[21.21991,42.54659],[21.21928,42.54417],[21.22361,42.54297],[21.22406,42.54254],[21.22514,42.54257],[21.22877,42.54217],[21.22985,42.54153],[21.23064,42.5415],[21.23066,42.54174],[21.23173,42.54178],[21.23227,42.54154],[21.23222,42.54104],[21.23129,42.53965],[21.23466,42.53823],[21.23607,42.53854],[21.23633,42.53928],[21.23589,42.54042],[21.23615,42.54064],[21.23631,42.54055],[21.23662,42.53879],[21.23639,42.53848],[21.23876,42.53773],[21.23943,42.53759],[21.24385,42.53796],[21.24979,42.53572],[21.25031,42.53539],[21.25702,42.5346],[21.25717,42.53404],[21.25861,42.53386],[21.26301,42.53238],[21.26343,42.53236],[21.26404,42.532],[21.2649,42.53192],[21.26489,42.53146],[21.26523,42.53034],[21.26575,42.5298],[21.26573,42.52925],[21.26497,42.52882],[21.26388,42.52862],[21.26414,42.52811],[21.264,42.52786],[21.26364,42.52786],[21.26277,42.5287],[21.25881,42.52776],[21.25519,42.52755],[21.25512,42.52786],[21.25216,42.52722],[21.25177,42.52839],[21.25162,42.52834],[21.25107,42.529],[21.24933,42.52974],[21.248,42.52987],[21.24694,42.53028],[21.24515,42.53016],[21.24387,42.53048],[21.2425,42.53007],[21.24243,42.5302],[21.24127,42.52994],[21.24065,42.53024],[21.23865,42.53015],[21.23421,42.52944],[21.23384,42.53161],[21.23354,42.53228],[21.23436,42.53258],[21.23387,42.53332],[21.23292,42.53296],[21.23224,42.53249],[21.23222,42.53286],[21.23056,42.53558],[21.23051,42.53621],[21.2303,42.53649],[21.22735,42.53698],[21.22671,42.53746],[21.22627,42.53761],[21.22473,42.53777],[21.22383,42.53755],[21.22019,42.53848],[21.21832,42.53861],[21.21813,42.53851],[21.21814,42.53815],[21.21643,42.53835],[21.21647,42.53766],[21.21595,42.53739],[21.21597,42.53711],[21.21559,42.53703],[21.21561,42.53684],[21.21359,42.53745],[21.21178,42.5376],[21.21111,42.5375],[21.21091,42.53742],[21.21153,42.53582],[21.2113,42.53576],[21.20786,42.53634],[21.20622,42.53702],[21.20506,42.5377],[21.20464,42.53802],[21.20445,42.53854],[21.20396,42.53902],[21.19969,42.54037],[21.19926,42.53938],[21.19856,42.53872],[21.19788,42.5391],[21.19914,42.53731],[21.20065,42.53634],[21.20014,42.53548],[21.2013,42.53506],[21.20058,42.53361],[21.20037,42.53366],[21.20023,42.53282],[21.20058,42.53278],[21.19958,42.52921],[21.19706,42.52963],[21.19681,42.52878],[21.19628,42.52877],[21.19602,42.52856],[21.19574,42.52647],[21.1961,42.52642],[21.19601,42.52493],[21.19671,42.52482],[21.19835,42.525],[21.19856,42.52455],[21.19943,42.52372],[21.20149,42.52314],[21.20132,42.52244],[21.20009,42.52286],[21.1989,42.52353],[21.19821,42.52207],[21.19869,42.52167],[21.19805,42.52065],[21.1978,42.51858],[21.19681,42.51865],[21.19493,42.51837],[21.19259,42.51835],[21.19163,42.51854],[21.19059,42.51899],[21.18838,42.51916],[21.18893,42.51723],[21.1884,42.51717],[21.18732,42.51665],[21.18655,42.51851],[21.18513,42.51822],[21.1852,42.51808],[21.18194,42.51711],[21.18176,42.51756],[21.18044,42.51718],[21.18054,42.51664],[21.1775,42.51558],[21.17744,42.51531],[21.17833,42.51179],[21.17613,42.51213],[21.17595,42.5121],[21.17602,42.51176],[21.17564,42.5117],[21.17557,42.51191],[21.17488,42.51189],[21.17483,42.5122],[21.17401,42.51211],[21.1734,42.51431],[21.16984,42.51358],[21.16768,42.51293],[21.16762,42.51316],[21.16785,42.51367],[21.16769,42.51555],[21.16743,42.5162],[21.16661,42.51731],[21.16587,42.51906],[21.16554,42.51996],[21.16543,42.52101],[21.16486,42.52121],[21.16465,42.52003],[21.16353,42.51975],[21.16281,42.51894],[21.16191,42.52153],[21.16127,42.5214],[21.16123,42.5216],[21.16075,42.52159],[21.15967,42.52196],[21.15935,42.52413],[21.1559,42.52375],[21.1513,42.5227],[21.14965,42.52207],[21.14796,42.52658],[21.14732,42.52976],[21.14649,42.53193],[21.14737,42.53244],[21.14695,42.53329],[21.15045,42.53443],[21.14957,42.53599],[21.14898,42.53579],[21.14703,42.53864],[21.14768,42.53877],[21.14884,42.53953],[21.14653,42.54116],[21.15026,42.54331],[21.15,42.54363],[21.14945,42.54354],[21.14883,42.54443],[21.14852,42.54456],[21.14932,42.5457],[21.14912,42.54582],[21.14948,42.54623],[21.14903,42.54644],[21.14766,42.54458],[21.14764,42.54549],[21.14855,42.54699],[21.14764,42.54755],[21.14703,42.54824],[21.14742,42.54855],[21.14646,42.54979],[21.14624,42.55049],[21.14609,42.55191],[21.14321,42.55592],[21.14212,42.55809],[21.14111,42.55779],[21.1399,42.5621],[21.13424,42.56065],[21.13025,42.56099],[21.12914,42.55817],[21.12808,42.55297],[21.12658,42.54873],[21.12459,42.54486],[21.12313,42.54282],[21.12283,42.54294],[21.11895,42.53709],[21.11801,42.53535],[21.11826,42.53506],[21.11759,42.53497],[21.11752,42.53509],[21.11549,42.53447],[21.11478,42.53564],[21.10643,42.53257],[21.10458,42.53317],[21.10457,42.53278],[21.10291,42.53264],[21.10212,42.53238],[21.10023,42.53127],[21.10033,42.53112],[21.09891,42.53088],[21.09774,42.53044],[21.09813,42.52997],[21.0974,42.52988],[21.09714,42.52924],[21.0957,42.52876],[21.09461,42.52873],[21.09486,42.53025],[21.09503,42.53044],[21.09439,42.53036],[21.09406,42.53067],[21.09376,42.53052],[21.09348,42.53058],[21.09353,42.53094],[21.09403,42.53133],[21.09402,42.53173],[21.09365,42.53185],[21.09255,42.53166],[21.09241,42.53189],[21.09259,42.53254],[21.09361,42.53296],[21.09423,42.53277],[21.09436,42.53297],[21.09326,42.53371],[21.092,42.53329],[21.09088,42.53321],[21.09063,42.53333],[21.09056,42.53461],[21.09004,42.53626],[21.08921,42.53602],[21.0889,42.53576],[21.08835,42.53574],[21.08813,42.536],[21.08818,42.53704],[21.08727,42.53679],[21.08621,42.53708],[21.08557,42.53983],[21.08574,42.54018],[21.08551,42.54053],[21.08584,42.54084],[21.0868,42.54084],[21.08687,42.54152],[21.08569,42.54188],[21.0862,42.54243],[21.08595,42.54324],[21.08447,42.54338],[21.08361,42.54387],[21.08336,42.54372],[21.08302,42.54378],[21.08284,42.54433],[21.08051,42.54514],[21.08008,42.54544],[21.08018,42.54578],[21.08093,42.54614],[21.08114,42.5465],[21.08116,42.54686],[21.08098,42.54699],[21.07993,42.54704],[21.07812,42.54649],[21.07685,42.54822],[21.0767,42.54816],[21.07677,42.54793],[21.07662,42.5478],[21.0742,42.54747],[21.07244,42.54701],[21.07387,42.54581],[21.07262,42.54521],[21.07053,42.54708],[21.0698,42.54686],[21.06812,42.54672],[21.06413,42.54661],[21.06407,42.54724],[21.06232,42.54974],[21.0623,42.55027],[21.06457,42.55078],[21.06723,42.55189],[21.06927,42.55297],[21.06606,42.5548],[21.06657,42.55531],[21.06469,42.55632],[21.06426,42.55688],[21.06397,42.55806],[21.06402,42.55869],[21.06447,42.55993],[21.06448,42.5606],[21.0642,42.56125],[21.06378,42.56174],[21.0622,42.56196],[21.06162,42.56221],[21.05999,42.56223],[21.05926,42.56215],[21.05778,42.56158],[21.05775,42.56105],[21.05751,42.56098],[21.05731,42.56122],[21.05743,42.56142],[21.05573,42.56106],[21.0556,42.56123],[21.05275,42.56104],[21.05277,42.56081],[21.04952,42.56027],[21.04862,42.56295],[21.04573,42.56166],[21.04476,42.56268],[21.04319,42.56182],[21.03997,42.56568],[21.0392,42.56601],[21.03915,42.56716],[21.03968,42.56758],[21.03996,42.56795],[21.03986,42.56824],[21.04034,42.56866],[21.03974,42.56916],[21.03951,42.57038],[21.0403,42.57441],[21.03981,42.57536],[21.04177,42.57618],[21.04511,42.57679],[21.04692,42.57892],[21.04713,42.57975],[21.04752,42.58012],[21.04808,42.58007],[21.04845,42.58022],[21.04852,42.58053],[21.04824,42.5812],[21.04892,42.58222],[21.04908,42.5832],[21.04885,42.58317],[21.04894,42.58351],[21.04843,42.58775],[21.04546,42.58711],[21.04493,42.58684],[21.04121,42.5862],[21.0404,42.5882],[21.03889,42.58786],[21.03854,42.5887],[21.03643,42.58823],[21.03621,42.58889],[21.03584,42.58868],[21.03506,42.5888],[21.03475,42.58861],[21.03431,42.58878],[21.03099,42.58862],[21.03057,42.58907],[21.02998,42.5892],[21.02958,42.58893],[21.02991,42.58857],[21.02927,42.58828],[21.02816,42.58683],[21.02465,42.58629],[21.02136,42.58528],[21.02311,42.58157],[21.01642,42.58021],[21.01639,42.58007],[21.01543,42.5798],[21.0152,42.57953],[21.01242,42.57975],[21.00606,42.57768],[21.0054,42.57829],[21.00412,42.57797],[21.00124,42.57793],[21.00016,42.57697],[20.9987,42.57691],[20.99512,42.57731],[20.99241,42.57621],[20.99166,42.57576],[20.9906,42.57441],[20.99036,42.57384],[20.98932,42.57275],[20.97711,42.57017]]]}},{"type":"Feature","properties":{"name":"Malishevë","slug":"malisheve","sourceName":"Malishevë"},"geometry":{"type":"Polygon","coordinates":[[[20.72997,42.40397],[20.73575,42.40085],[20.73728,42.40022],[20.73825,42.39957],[20.7394,42.40062],[20.73926,42.40111],[20.73945,42.40123],[20.74149,42.4015],[20.74242,42.40143],[20.74361,42.40186],[20.74501,42.40211],[20.74576,42.40248],[20.74658,42.40366],[20.74741,42.40441],[20.74757,42.40425],[20.74994,42.40536],[20.75155,42.40567],[20.75188,42.40548],[20.75267,42.4054],[20.75443,42.40564],[20.75568,42.40546],[20.75646,42.40514],[20.75713,42.40517],[20.75736,42.405],[20.75778,42.40515],[20.75874,42.40501],[20.75999,42.40392],[20.76227,42.40301],[20.76658,42.40219],[20.76795,42.40353],[20.7682,42.4041],[20.76793,42.40453],[20.76583,42.40583],[20.7661,42.40599],[20.76618,42.40635],[20.76585,42.40886],[20.76602,42.40988],[20.76503,42.41146],[20.76559,42.41389],[20.76497,42.41469],[20.7645,42.41576],[20.76489,42.41585],[20.76502,42.41647],[20.76431,42.41641],[20.76424,42.41659],[20.76489,42.41729],[20.76413,42.4176],[20.76386,42.41804],[20.76388,42.4186],[20.76425,42.41899],[20.76449,42.41886],[20.76543,42.41924],[20.76543,42.41945],[20.76608,42.41971],[20.76724,42.41929],[20.76856,42.41966],[20.76995,42.41952],[20.77132,42.41972],[20.77148,42.42138],[20.77192,42.42152],[20.77292,42.42225],[20.77325,42.42259],[20.77333,42.42292],[20.77295,42.42393],[20.77231,42.42479],[20.77241,42.42529],[20.77318,42.42557],[20.77403,42.42516],[20.77402,42.42562],[20.77456,42.4257],[20.77485,42.42662],[20.77469,42.42791],[20.77522,42.428],[20.77586,42.42786],[20.77635,42.42888],[20.77679,42.42913],[20.77747,42.43004],[20.77734,42.4321],[20.77771,42.43185],[20.77823,42.43109],[20.78047,42.43034],[20.78036,42.43078],[20.78126,42.43081],[20.78123,42.4322],[20.7818,42.43304],[20.78254,42.43346],[20.78294,42.43393],[20.78289,42.43533],[20.78378,42.43533],[20.78382,42.43499],[20.78481,42.43482],[20.78598,42.43499],[20.78809,42.43486],[20.7892,42.43499],[20.78939,42.4345],[20.78957,42.43446],[20.79325,42.43468],[20.79406,42.43633],[20.79218,42.43716],[20.79238,42.43747],[20.79332,42.43765],[20.79361,42.43792],[20.79311,42.43862],[20.79311,42.43896],[20.79411,42.43829],[20.79462,42.4376],[20.79481,42.43758],[20.79528,42.43677],[20.79507,42.4363],[20.79657,42.43532],[20.7968,42.43543],[20.79708,42.43613],[20.79731,42.43623],[20.79725,42.43705],[20.79836,42.43692],[20.79873,42.43726],[20.7995,42.43854],[20.80235,42.43905],[20.80372,42.43878],[20.80438,42.43849],[20.80453,42.43789],[20.80558,42.43812],[20.80645,42.43788],[20.80599,42.43739],[20.80604,42.43725],[20.80708,42.43724],[20.80701,42.43654],[20.80735,42.43657],[20.80757,42.43615],[20.80968,42.43646],[20.81125,42.43641],[20.81093,42.43593],[20.81075,42.43484],[20.81103,42.43411],[20.81122,42.43411],[20.81123,42.43437],[20.81169,42.43456],[20.81354,42.43495],[20.81367,42.43528],[20.81411,42.43503],[20.81388,42.43457],[20.81418,42.43419],[20.81554,42.43385],[20.81557,42.43397],[20.81645,42.4338],[20.81641,42.43351],[20.81764,42.43317],[20.81795,42.43342],[20.81908,42.43325],[20.81887,42.43408],[20.81957,42.43423],[20.81973,42.4334],[20.82041,42.43385],[20.82183,42.43322],[20.82169,42.43303],[20.82176,42.43281],[20.82142,42.43247],[20.8218,42.43172],[20.8218,42.43096],[20.82215,42.43078],[20.82224,42.4302],[20.82198,42.42995],[20.82267,42.42975],[20.8237,42.43046],[20.8247,42.43068],[20.82565,42.43133],[20.82682,42.43144],[20.82688,42.43177],[20.82646,42.43209],[20.82755,42.43269],[20.82801,42.43216],[20.83097,42.43257],[20.83298,42.43238],[20.8342,42.43359],[20.8343,42.43418],[20.83616,42.43479],[20.83713,42.43617],[20.83794,42.43661],[20.83843,42.43712],[20.83929,42.43734],[20.83962,42.43771],[20.84164,42.43893],[20.84226,42.43892],[20.84319,42.43963],[20.84398,42.43998],[20.845,42.44023],[20.8454,42.44018],[20.84643,42.44131],[20.84731,42.44181],[20.84797,42.44153],[20.84891,42.44158],[20.84989,42.44202],[20.85128,42.44188],[20.8532,42.44215],[20.85613,42.44291],[20.85934,42.44438],[20.85959,42.44436],[20.85974,42.44413],[20.86152,42.44316],[20.86545,42.4443],[20.86632,42.44502],[20.867,42.44536],[20.8689,42.44577],[20.86994,42.44546],[20.87112,42.44536],[20.87163,42.44516],[20.87262,42.44442],[20.87432,42.44404],[20.87504,42.44425],[20.87579,42.44421],[20.87683,42.44381],[20.87774,42.44429],[20.87769,42.44481],[20.87895,42.44535],[20.87907,42.44567],[20.88111,42.44692],[20.88296,42.44929],[20.88294,42.45064],[20.88246,42.45172],[20.88111,42.45276],[20.88077,42.45455],[20.88079,42.45577],[20.87997,42.45784],[20.88035,42.45974],[20.88086,42.46091],[20.88084,42.46235],[20.88069,42.46271],[20.88084,42.46303],[20.88081,42.46355],[20.87871,42.46445],[20.8768,42.4644],[20.8761,42.46459],[20.87543,42.465],[20.87471,42.4658],[20.87372,42.46644],[20.87152,42.46708],[20.87122,42.46633],[20.87073,42.46626],[20.86882,42.4665],[20.86775,42.46647],[20.86684,42.46674],[20.86628,42.46659],[20.86605,42.46693],[20.86645,42.46736],[20.86632,42.46783],[20.86571,42.46863],[20.86574,42.46915],[20.86531,42.47042],[20.86453,42.47051],[20.86398,42.47481],[20.86425,42.47822],[20.86909,42.48335],[20.8708,42.48802],[20.86824,42.4871],[20.8682,42.48899],[20.86777,42.48945],[20.86131,42.48608],[20.85798,42.48545],[20.85688,42.48585],[20.856,42.48538],[20.85517,42.48469],[20.85444,42.48519],[20.85413,42.48577],[20.85407,42.48717],[20.85335,42.48877],[20.85234,42.48972],[20.85201,42.49037],[20.85121,42.49303],[20.85027,42.49368],[20.84989,42.49432],[20.85064,42.49448],[20.85143,42.49437],[20.85256,42.49508],[20.85399,42.49435],[20.85506,42.49471],[20.85572,42.49596],[20.85771,42.49817],[20.85757,42.49874],[20.85876,42.50069],[20.85915,42.50162],[20.85915,42.50281],[20.85892,42.50315],[20.85871,42.50462],[20.85888,42.50561],[20.85934,42.50677],[20.85877,42.5091],[20.85799,42.51051],[20.85795,42.51202],[20.85814,42.51231],[20.8582,42.51317],[20.85916,42.51467],[20.85942,42.51541],[20.86021,42.51521],[20.86053,42.51486],[20.86185,42.51469],[20.86422,42.515],[20.86546,42.51481],[20.86449,42.5135],[20.86602,42.51422],[20.86633,42.51418],[20.86693,42.5144],[20.86928,42.5146],[20.87138,42.51441],[20.87337,42.51453],[20.87378,42.51465],[20.87371,42.51478],[20.87396,42.51491],[20.8751,42.51514],[20.87766,42.51501],[20.87882,42.51463],[20.88005,42.51447],[20.88048,42.51483],[20.88144,42.5152],[20.88284,42.51641],[20.88363,42.51673],[20.88425,42.51738],[20.88357,42.51822],[20.88293,42.5185],[20.8815,42.51843],[20.88049,42.51897],[20.87849,42.51934],[20.87728,42.51989],[20.87612,42.51981],[20.87575,42.51915],[20.87587,42.51886],[20.87576,42.51874],[20.87398,42.51993],[20.87311,42.52024],[20.87372,42.52052],[20.8693,42.52572],[20.86211,42.53733],[20.85656,42.53899],[20.85598,42.53951],[20.8556,42.54023],[20.85556,42.54127],[20.85532,42.5418],[20.85385,42.54407],[20.85236,42.54683],[20.85109,42.54666],[20.85024,42.54625],[20.84941,42.54562],[20.84788,42.54531],[20.84776,42.54379],[20.84804,42.54288],[20.84766,42.54092],[20.84771,42.54016],[20.84792,42.53976],[20.84823,42.53808],[20.84806,42.53778],[20.84745,42.53732],[20.84754,42.53665],[20.84801,42.53556],[20.8478,42.53431],[20.8482,42.53337],[20.8482,42.53278],[20.8485,42.53179],[20.84498,42.53185],[20.83971,42.53361],[20.8384,42.53452],[20.83725,42.53471],[20.83591,42.53452],[20.83498,42.53461],[20.83399,42.53435],[20.82901,42.5343],[20.82563,42.53384],[20.82472,42.5335],[20.82389,42.53285],[20.82275,42.53251],[20.82115,42.53299],[20.81713,42.53359],[20.8169,42.5338],[20.8163,42.53394],[20.81418,42.534],[20.8123,42.53377],[20.81182,42.53378],[20.81171,42.53407],[20.80764,42.53177],[20.80628,42.53131],[20.80557,42.53052],[20.80444,42.52968],[20.80422,42.52979],[20.80261,42.53248],[20.80198,42.5349],[20.80203,42.53524],[20.80115,42.53763],[20.80116,42.53912],[20.80047,42.54313],[20.80069,42.54496],[20.80158,42.54613],[20.80166,42.5466],[20.80135,42.54668],[20.8013,42.54689],[20.80157,42.54722],[20.80128,42.54732],[20.8012,42.54772],[20.80184,42.54788],[20.80197,42.54829],[20.80186,42.54875],[20.80205,42.54887],[20.80198,42.54959],[20.80304,42.55119],[20.80268,42.55129],[20.80268,42.55227],[20.80233,42.553],[20.80259,42.55305],[20.80247,42.55336],[20.80266,42.55405],[20.80255,42.55421],[20.80304,42.5548],[20.80303,42.55512],[20.80335,42.55528],[20.80348,42.55576],[20.80346,42.55611],[20.80311,42.55656],[20.80329,42.55748],[20.80307,42.55799],[20.80307,42.55952],[20.80289,42.55998],[20.80321,42.56028],[20.80311,42.56069],[20.80262,42.56113],[20.80267,42.56173],[20.80376,42.56273],[20.80515,42.56474],[20.80524,42.56527],[20.80569,42.56613],[20.8057,42.5666],[20.8051,42.56774],[20.80459,42.56829],[20.80234,42.57013],[20.80016,42.57125],[20.79897,42.5723],[20.79677,42.57279],[20.7944,42.57296],[20.79265,42.57332],[20.79206,42.57301],[20.79075,42.5736],[20.78976,42.575],[20.78994,42.57544],[20.78997,42.57692],[20.7896,42.57762],[20.7871,42.57931],[20.7873,42.57957],[20.78735,42.58069],[20.78779,42.58238],[20.7878,42.58393],[20.78976,42.58704],[20.79165,42.58727],[20.79342,42.58707],[20.79419,42.58732],[20.79492,42.58784],[20.79591,42.58795],[20.7962,42.58826],[20.79623,42.58923],[20.79669,42.5903],[20.79675,42.59264],[20.7972,42.59434],[20.79897,42.59827],[20.79979,42.5986],[20.79935,42.59936],[20.79814,42.59981],[20.79772,42.60059],[20.79727,42.60085],[20.797,42.60163],[20.79592,42.60284],[20.79471,42.60358],[20.79345,42.60481],[20.79212,42.60507],[20.79179,42.6049],[20.78914,42.60642],[20.78768,42.60691],[20.78772,42.60711],[20.78552,42.60834],[20.78462,42.60832],[20.78176,42.60899],[20.78021,42.609],[20.77714,42.60846],[20.77502,42.60852],[20.77201,42.60758],[20.77131,42.60819],[20.77032,42.60948],[20.76968,42.60924],[20.76867,42.60836],[20.76795,42.60794],[20.76632,42.60751],[20.7647,42.6074],[20.76491,42.60404],[20.76472,42.60287],[20.76438,42.60211],[20.76215,42.60047],[20.76095,42.59915],[20.76006,42.59851],[20.7569,42.59721],[20.75614,42.59712],[20.75185,42.59463],[20.75165,42.59447],[20.75217,42.59338],[20.75136,42.59336],[20.75092,42.59351],[20.7497,42.5933],[20.74819,42.59335],[20.74499,42.59168],[20.74364,42.59052],[20.74324,42.5895],[20.74334,42.58905],[20.74165,42.58744],[20.74074,42.58586],[20.73896,42.58383],[20.73948,42.58269],[20.73837,42.58227],[20.73902,42.58146],[20.73773,42.58075],[20.73538,42.58009],[20.73498,42.57972],[20.73322,42.57881],[20.7324,42.5786],[20.73226,42.57842],[20.73197,42.57865],[20.73132,42.5786],[20.73129,42.57828],[20.73001,42.57706],[20.72916,42.57548],[20.72892,42.57559],[20.72843,42.57544],[20.72832,42.57505],[20.72792,42.57497],[20.7276,42.57469],[20.72697,42.57477],[20.7267,42.57465],[20.72058,42.57942],[20.72053,42.57961],[20.72086,42.57997],[20.72112,42.58075],[20.72143,42.58272],[20.7213,42.58276],[20.72104,42.58393],[20.72002,42.58557],[20.72005,42.58604],[20.71944,42.58597],[20.71917,42.58655],[20.71879,42.58692],[20.71635,42.58807],[20.71457,42.58734],[20.71026,42.58515],[20.70989,42.58503],[20.7096,42.58554],[20.70765,42.58489],[20.70651,42.58471],[20.70682,42.58367],[20.70616,42.58341],[20.70634,42.58321],[20.70547,42.58259],[20.70564,42.58245],[20.70289,42.58094],[20.70222,42.58094],[20.70234,42.58129],[20.70002,42.5814],[20.69885,42.58212],[20.69861,42.58205],[20.69774,42.58086],[20.69613,42.57902],[20.69556,42.57858],[20.69199,42.57689],[20.68728,42.57356],[20.68545,42.57248],[20.68259,42.57132],[20.68085,42.57023],[20.67972,42.56973],[20.67872,42.5693],[20.67483,42.5688],[20.67093,42.56715],[20.66711,42.56669],[20.66544,42.56562],[20.66221,42.5644],[20.66111,42.56368],[20.66023,42.56252],[20.65988,42.56231],[20.65762,42.56282],[20.65778,42.56251],[20.65758,42.56213],[20.65661,42.56135],[20.65608,42.56064],[20.65673,42.56015],[20.65783,42.56],[20.65791,42.55988],[20.65785,42.5596],[20.65684,42.55916],[20.65657,42.55887],[20.65679,42.55854],[20.65741,42.55822],[20.6575,42.55803],[20.65699,42.55766],[20.65694,42.55743],[20.657,42.55633],[20.65722,42.55598],[20.65682,42.55585],[20.65677,42.55569],[20.65532,42.55621],[20.6548,42.55579],[20.6547,42.55541],[20.65404,42.55487],[20.65341,42.55486],[20.65316,42.55505],[20.65293,42.55497],[20.65283,42.55451],[20.65339,42.55401],[20.65347,42.5536],[20.65335,42.55332],[20.65154,42.5529],[20.65094,42.55295],[20.65076,42.55161],[20.6509,42.55101],[20.65028,42.55083],[20.64925,42.55105],[20.6489,42.55192],[20.64849,42.55174],[20.64809,42.55191],[20.64776,42.55181],[20.64746,42.55124],[20.6475,42.55089],[20.6484,42.55053],[20.64848,42.5503],[20.64791,42.54977],[20.64695,42.54944],[20.64684,42.54931],[20.64705,42.54916],[20.64688,42.54906],[20.6454,42.5488],[20.64495,42.5483],[20.64513,42.5479],[20.64545,42.54763],[20.64568,42.54763],[20.64714,42.54662],[20.64746,42.54615],[20.64724,42.54591],[20.64768,42.54565],[20.64688,42.54488],[20.64593,42.54472],[20.64531,42.54441],[20.64397,42.54445],[20.64331,42.54432],[20.64323,42.54411],[20.6426,42.54394],[20.64232,42.54347],[20.64256,42.54329],[20.64386,42.54355],[20.64538,42.54216],[20.64604,42.54192],[20.64658,42.54196],[20.64772,42.54155],[20.6477,42.54112],[20.64627,42.53969],[20.64617,42.53903],[20.64524,42.53906],[20.64463,42.53882],[20.64449,42.53855],[20.6447,42.53724],[20.64433,42.53648],[20.64321,42.53619],[20.64277,42.53675],[20.64245,42.53678],[20.64216,42.53641],[20.6422,42.53623],[20.64268,42.53604],[20.64257,42.53488],[20.64291,42.53471],[20.64292,42.53434],[20.64447,42.53414],[20.64522,42.53289],[20.64681,42.53256],[20.64683,42.53235],[20.64539,42.53159],[20.64541,42.53068],[20.64434,42.52979],[20.64235,42.52934],[20.6414,42.52922],[20.64058,42.52937],[20.63989,42.52921],[20.63946,42.52887],[20.63874,42.52785],[20.63798,42.52746],[20.63712,42.52746],[20.63675,42.52786],[20.6362,42.52938],[20.63584,42.52968],[20.63539,42.52972],[20.63495,42.52908],[20.63294,42.52823],[20.6319,42.52692],[20.63144,42.52657],[20.63097,42.52644],[20.62993,42.52687],[20.62888,42.52691],[20.6285,42.52656],[20.62726,42.52618],[20.62599,42.52598],[20.6241,42.52603],[20.62283,42.52568],[20.62008,42.52627],[20.61941,42.52664],[20.61838,42.5267],[20.61805,42.5266],[20.6168,42.52548],[20.61532,42.52509],[20.6144,42.52515],[20.61385,42.5256],[20.61305,42.52584],[20.61195,42.52593],[20.6117,42.52525],[20.60958,42.52518],[20.60709,42.52486],[20.6063,42.52461],[20.60555,42.52401],[20.60502,42.52387],[20.60418,42.52408],[20.60373,42.52492],[20.60387,42.52554],[20.60439,42.52604],[20.60498,42.52751],[20.60474,42.5284],[20.60373,42.52937],[20.60201,42.52993],[20.60063,42.52989],[20.5988,42.53017],[20.59853,42.52985],[20.5977,42.52948],[20.59748,42.52903],[20.59808,42.52842],[20.59957,42.52615],[20.59958,42.52578],[20.59929,42.52509],[20.59891,42.52473],[20.5983,42.52458],[20.59786,42.52476],[20.59776,42.52519],[20.59679,42.52601],[20.59657,42.52678],[20.59633,42.52686],[20.59517,42.5267],[20.59247,42.5272],[20.59212,42.52703],[20.59214,42.52663],[20.59156,42.52605],[20.59078,42.52584],[20.58968,42.52603],[20.5883,42.52652],[20.58734,42.52651],[20.5858,42.5261],[20.58264,42.52637],[20.58038,42.52679],[20.57977,42.52715],[20.57765,42.52659],[20.57544,42.52707],[20.57317,42.52701],[20.5712,42.52779],[20.57031,42.52758],[20.56953,42.52759],[20.56809,42.52859],[20.56671,42.52889],[20.56626,42.52873],[20.56591,42.52837],[20.56589,42.52801],[20.56632,42.52754],[20.56745,42.52704],[20.56766,42.52666],[20.56727,42.52609],[20.56664,42.52572],[20.5662,42.52505],[20.56564,42.52463],[20.56267,42.5235],[20.56204,42.52348],[20.5616,42.52373],[20.56134,42.52333],[20.56172,42.52306],[20.5614,42.5231],[20.56133,42.52254],[20.56019,42.52294],[20.55903,42.52396],[20.55822,42.52417],[20.55662,42.52403],[20.55634,42.52325],[20.558,42.52235],[20.55544,42.51901],[20.55497,42.518],[20.55543,42.51738],[20.5563,42.5167],[20.55744,42.51415],[20.5584,42.51319],[20.5587,42.51257],[20.5588,42.51224],[20.55748,42.5111],[20.55896,42.51061],[20.56024,42.51065],[20.56058,42.51083],[20.5613,42.51064],[20.56178,42.51005],[20.56186,42.50944],[20.56157,42.5083],[20.56235,42.50812],[20.56308,42.50749],[20.56261,42.50715],[20.56251,42.50686],[20.56275,42.50628],[20.56337,42.50598],[20.56354,42.50566],[20.56361,42.50504],[20.56338,42.50468],[20.56372,42.50425],[20.56513,42.50373],[20.56538,42.50315],[20.56526,42.5029],[20.56639,42.5025],[20.56656,42.50228],[20.5671,42.50228],[20.56725,42.50215],[20.56804,42.5021],[20.56852,42.50233],[20.56875,42.50216],[20.56938,42.50233],[20.57165,42.50236],[20.57335,42.50168],[20.57439,42.50077],[20.57492,42.49966],[20.57525,42.49961],[20.57601,42.49898],[20.57726,42.49866],[20.57819,42.49779],[20.58057,42.49682],[20.58188,42.49538],[20.58352,42.49477],[20.58396,42.49397],[20.5845,42.49356],[20.58445,42.49309],[20.58489,42.49237],[20.58594,42.49181],[20.58779,42.49038],[20.58831,42.48945],[20.58906,42.48953],[20.59037,42.48918],[20.59214,42.48935],[20.59715,42.48733],[20.59709,42.48566],[20.60428,42.4814],[20.60968,42.488],[20.61342,42.48721],[20.61467,42.48809],[20.61641,42.48829],[20.6203,42.48707],[20.62242,42.48607],[20.62607,42.48546],[20.62733,42.48502],[20.62812,42.48443],[20.6295,42.48408],[20.63148,42.48391],[20.63292,42.48311],[20.63445,42.48275],[20.63678,42.48318],[20.63895,42.48397],[20.63954,42.48405],[20.64047,42.48526],[20.64109,42.48542],[20.64235,42.48533],[20.64251,42.48543],[20.64249,42.48566],[20.64323,42.48628],[20.6459,42.48758],[20.64732,42.48883],[20.64718,42.48899],[20.64725,42.48945],[20.64749,42.48963],[20.64803,42.49074],[20.64782,42.49112],[20.65023,42.49244],[20.65098,42.49327],[20.65309,42.49216],[20.65537,42.49134],[20.65677,42.49058],[20.65845,42.49003],[20.66214,42.48948],[20.66449,42.48958],[20.66425,42.48932],[20.66257,42.48847],[20.66236,42.4879],[20.66262,42.4874],[20.66341,42.48663],[20.66407,42.48639],[20.66418,42.48609],[20.6641,42.48565],[20.66327,42.48425],[20.66277,42.48383],[20.66356,42.48332],[20.66547,42.48042],[20.66555,42.48008],[20.66552,42.47947],[20.6652,42.4786],[20.66434,42.47716],[20.66423,42.47509],[20.66646,42.47366],[20.66952,42.4726],[20.67009,42.47196],[20.67079,42.4706],[20.67072,42.46836],[20.67043,42.46748],[20.67094,42.46668],[20.67106,42.46573],[20.671,42.46539],[20.66903,42.46262],[20.66494,42.45973],[20.66415,42.4582],[20.66341,42.4562],[20.66353,42.45551],[20.66326,42.45521],[20.66341,42.45468],[20.66433,42.45325],[20.66429,42.45246],[20.66461,42.4514],[20.66543,42.45015],[20.66714,42.44909],[20.66793,42.4484],[20.66929,42.4479],[20.66952,42.44741],[20.66948,42.44479],[20.66969,42.44424],[20.67245,42.44226],[20.67535,42.4406],[20.67813,42.43863],[20.68209,42.43627],[20.68585,42.43536],[20.68817,42.4352],[20.69242,42.43431],[20.69365,42.43299],[20.69541,42.43149],[20.69401,42.43062],[20.69099,42.43002],[20.69143,42.42736],[20.69135,42.42559],[20.6915,42.4247],[20.68905,42.42352],[20.68826,42.423],[20.68786,42.42243],[20.68763,42.42195],[20.68777,42.41955],[20.68723,42.41791],[20.68703,42.41652],[20.6867,42.41575],[20.68694,42.41564],[20.68879,42.41578],[20.68899,42.41557],[20.68964,42.41565],[20.69,42.41558],[20.69034,42.41516],[20.69051,42.41522],[20.69137,42.41485],[20.69153,42.41535],[20.69211,42.41525],[20.69239,42.41537],[20.69283,42.415],[20.69297,42.41506],[20.69634,42.41377],[20.69787,42.41423],[20.69886,42.41492],[20.70384,42.4161],[20.70639,42.41695],[20.70772,42.41693],[20.70903,42.41751],[20.70967,42.41534],[20.71065,42.41458],[20.71123,42.41341],[20.71197,42.41275],[20.71166,42.41109],[20.71166,42.41018],[20.71065,42.40901],[20.71048,42.40802],[20.71081,42.40735],[20.71211,42.40609],[20.71247,42.40341],[20.714,42.404],[20.71577,42.40355],[20.71792,42.40371],[20.72069,42.40517],[20.72285,42.40556],[20.72449,42.40647],[20.72526,42.40732],[20.72885,42.40528],[20.72997,42.40397]]]}},{"type":"Feature","properties":{"name":"Mamushë","slug":"mamushe","sourceName":"Mamushë"},"geometry":{"type":"Polygon","coordinates":[[[20.70248,42.31855],[20.70527,42.32073],[20.70768,42.31762],[20.70753,42.3175],[20.709,42.31686],[20.70875,42.31672],[20.7099,42.31588],[20.70903,42.31467],[20.70997,42.31401],[20.71032,42.31423],[20.71096,42.31374],[20.71245,42.31455],[20.7133,42.314],[20.71418,42.31481],[20.716,42.31349],[20.71571,42.31343],[20.71574,42.31321],[20.71655,42.31259],[20.71676,42.31278],[20.71703,42.31265],[20.71645,42.31197],[20.71552,42.31148],[20.7166,42.31058],[20.71698,42.31047],[20.71771,42.31152],[20.7192,42.31128],[20.71884,42.31076],[20.72026,42.31046],[20.72091,42.3115],[20.72348,42.31103],[20.72333,42.31076],[20.7248,42.31049],[20.72494,42.30993],[20.72476,42.30907],[20.72491,42.30891],[20.72412,42.30847],[20.72498,42.30828],[20.72497,42.30807],[20.72609,42.30786],[20.7257,42.30741],[20.72438,42.3074],[20.72313,42.30625],[20.72463,42.3064],[20.72723,42.30612],[20.72716,42.30625],[20.72745,42.3066],[20.72772,42.30748],[20.72826,42.30728],[20.72912,42.30732],[20.72914,42.3065],[20.73256,42.30681],[20.7319,42.30836],[20.73187,42.30858],[20.73202,42.30867],[20.73183,42.30897],[20.73191,42.30919],[20.73164,42.30946],[20.73174,42.30978],[20.73148,42.30976],[20.73167,42.31032],[20.73133,42.31058],[20.73166,42.31069],[20.73327,42.30961],[20.73473,42.30915],[20.7352,42.30926],[20.73541,42.30989],[20.73497,42.31006],[20.73594,42.31102],[20.73634,42.31123],[20.73537,42.31198],[20.73502,42.31252],[20.73468,42.31326],[20.73464,42.31429],[20.73334,42.31524],[20.73174,42.31612],[20.73183,42.31654],[20.73171,42.31677],[20.73378,42.31851],[20.73667,42.31977],[20.73778,42.32086],[20.73767,42.32093],[20.73825,42.32162],[20.73958,42.32393],[20.74008,42.32405],[20.74507,42.32276],[20.74699,42.32259],[20.74819,42.32431],[20.74868,42.32585],[20.75056,42.32785],[20.74917,42.32873],[20.74828,42.32875],[20.74669,42.32912],[20.74614,42.32893],[20.74608,42.32988],[20.74643,42.33002],[20.7464,42.33048],[20.74572,42.3322],[20.74534,42.33288],[20.74512,42.33295],[20.74579,42.33338],[20.74699,42.3338],[20.74824,42.33373],[20.74809,42.33402],[20.74671,42.33453],[20.74678,42.33491],[20.74571,42.33529],[20.74557,42.33556],[20.74571,42.3358],[20.74507,42.33596],[20.74439,42.33639],[20.74359,42.33722],[20.74314,42.33711],[20.74267,42.33731],[20.74292,42.33749],[20.74287,42.33759],[20.74211,42.33776],[20.74117,42.33681],[20.74057,42.33716],[20.74042,42.337],[20.73871,42.33791],[20.73851,42.3377],[20.73656,42.33856],[20.73597,42.33798],[20.73228,42.33889],[20.73237,42.33899],[20.73112,42.33967],[20.73085,42.33996],[20.73036,42.33969],[20.72987,42.33988],[20.72966,42.33966],[20.7289,42.34063],[20.73127,42.34099],[20.73105,42.34136],[20.72936,42.34217],[20.72835,42.34321],[20.72731,42.34349],[20.72674,42.34383],[20.72666,42.34402],[20.72685,42.34422],[20.72646,42.34435],[20.72657,42.34448],[20.72614,42.34458],[20.72606,42.34496],[20.7267,42.34541],[20.72649,42.34585],[20.72664,42.34606],[20.72453,42.34651],[20.72393,42.34682],[20.72376,42.34663],[20.7227,42.34723],[20.72211,42.34678],[20.72149,42.34702],[20.72139,42.34724],[20.72099,42.34697],[20.72049,42.34748],[20.72049,42.34782],[20.7201,42.34804],[20.72042,42.34863],[20.71978,42.3486],[20.71924,42.34886],[20.71885,42.3487],[20.7192,42.34892],[20.7191,42.34951],[20.71923,42.34978],[20.71851,42.3501],[20.71736,42.35024],[20.71727,42.35044],[20.71669,42.35049],[20.71592,42.35032],[20.71459,42.34935],[20.71417,42.34966],[20.71363,42.34925],[20.71302,42.34991],[20.71082,42.34922],[20.71047,42.34945],[20.70936,42.34836],[20.70787,42.34751],[20.7047,42.34495],[20.70511,42.34468],[20.70489,42.34433],[20.70429,42.34394],[20.70505,42.34291],[20.70334,42.34244],[20.70325,42.34227],[20.70346,42.34139],[20.70405,42.34061],[20.70332,42.34017],[20.70456,42.33929],[20.70474,42.33886],[20.70543,42.33855],[20.70465,42.33839],[20.70453,42.33798],[20.7046,42.33738],[20.70494,42.3367],[20.7044,42.3362],[20.70497,42.33585],[20.70444,42.3355],[20.70518,42.33447],[20.70471,42.33383],[20.70452,42.33387],[20.70399,42.33355],[20.70367,42.33366],[20.70359,42.33339],[20.7034,42.33333],[20.70256,42.3332],[20.70323,42.33185],[20.70455,42.33214],[20.70615,42.33194],[20.70684,42.33155],[20.70778,42.33142],[20.70856,42.33022],[20.70954,42.32933],[20.70685,42.32623],[20.70608,42.32448],[20.70248,42.31855]]]}},{"type":"Feature","properties":{"name":"Mitrovicë","slug":"mitrovice","sourceName":"Mitrovicë e Jugut"},"geometry":{"type":"Polygon","coordinates":[[[20.8182,42.89931],[20.81771,42.89965],[20.81519,42.90058],[20.80741,42.90042],[20.79355,42.90771],[20.79353,42.90689],[20.79381,42.90534],[20.79422,42.90472],[20.79439,42.90368],[20.79414,42.90305],[20.79238,42.90137],[20.79233,42.90022],[20.79283,42.89922],[20.79381,42.89801],[20.79423,42.89723],[20.79431,42.89624],[20.79368,42.89488],[20.79483,42.89411],[20.79623,42.89277],[20.79674,42.89102],[20.79379,42.88927],[20.7933,42.88865],[20.79188,42.88746],[20.7918,42.88537],[20.79195,42.88494],[20.7933,42.88415],[20.79168,42.88348],[20.79096,42.88353],[20.79022,42.88371],[20.78891,42.88457],[20.78574,42.88505],[20.78441,42.88583],[20.78399,42.88586],[20.78112,42.88441],[20.77811,42.88391],[20.77794,42.88336],[20.77817,42.88247],[20.7778,42.88186],[20.77713,42.88249],[20.77568,42.88318],[20.77568,42.88277],[20.77542,42.88253],[20.7749,42.88126],[20.77467,42.88017],[20.77035,42.87877],[20.76895,42.87809],[20.76641,42.87827],[20.76602,42.87906],[20.76546,42.87936],[20.76545,42.87964],[20.76403,42.88036],[20.76394,42.88011],[20.76147,42.88063],[20.75969,42.88072],[20.75733,42.88013],[20.75638,42.8795],[20.75648,42.87854],[20.756,42.87817],[20.75588,42.87702],[20.75535,42.87683],[20.7554,42.87626],[20.75504,42.87601],[20.75497,42.87517],[20.7539,42.87415],[20.75373,42.87354],[20.75271,42.87317],[20.75221,42.87278],[20.75099,42.87256],[20.74985,42.87318],[20.74631,42.87311],[20.74547,42.87338],[20.74505,42.87393],[20.74454,42.87315],[20.74336,42.87226],[20.74233,42.87075],[20.74295,42.87058],[20.74345,42.87082],[20.74383,42.86964],[20.7436,42.86906],[20.74317,42.86859],[20.74302,42.86802],[20.74169,42.86669],[20.74145,42.86514],[20.741,42.86404],[20.73972,42.86224],[20.7394,42.86144],[20.73714,42.86002],[20.73665,42.85949],[20.7371,42.85917],[20.73756,42.85853],[20.73764,42.85708],[20.73821,42.85563],[20.73902,42.85449],[20.74002,42.8539],[20.74094,42.85366],[20.74131,42.85409],[20.74177,42.85404],[20.74255,42.85365],[20.74306,42.85365],[20.74323,42.85346],[20.74204,42.85252],[20.7431,42.85193],[20.74353,42.85149],[20.74379,42.85063],[20.74462,42.84994],[20.74448,42.8497],[20.74454,42.84927],[20.74595,42.84869],[20.74691,42.84764],[20.74962,42.84754],[20.74976,42.84673],[20.75125,42.84568],[20.75146,42.84401],[20.75236,42.84385],[20.75286,42.84331],[20.75323,42.84336],[20.75473,42.8428],[20.75545,42.84177],[20.75545,42.84136],[20.75596,42.84034],[20.75624,42.84019],[20.75655,42.83959],[20.75703,42.83967],[20.7585,42.83944],[20.7588,42.83966],[20.76101,42.83977],[20.76283,42.84033],[20.76333,42.84109],[20.76434,42.84179],[20.76484,42.84031],[20.7644,42.83911],[20.76348,42.838],[20.76479,42.83614],[20.76539,42.83608],[20.7662,42.83556],[20.76646,42.8348],[20.76643,42.83398],[20.76672,42.83343],[20.7671,42.83304],[20.7683,42.83234],[20.76842,42.83211],[20.77044,42.83146],[20.77173,42.8295],[20.77184,42.82868],[20.77344,42.82848],[20.77511,42.82766],[20.77717,42.82715],[20.77818,42.82659],[20.77985,42.82611],[20.78091,42.826],[20.78143,42.82496],[20.7819,42.82455],[20.78216,42.82407],[20.78194,42.82313],[20.78207,42.82187],[20.78227,42.82146],[20.7821,42.82083],[20.7823,42.82026],[20.78283,42.81971],[20.78306,42.819],[20.78388,42.81828],[20.78403,42.81797],[20.78425,42.81798],[20.78451,42.81881],[20.78548,42.81889],[20.78625,42.8199],[20.78849,42.82104],[20.78887,42.82129],[20.78904,42.82169],[20.79123,42.82278],[20.79183,42.82254],[20.79207,42.82332],[20.79229,42.82355],[20.7932,42.82328],[20.79394,42.82337],[20.79543,42.82377],[20.79586,42.82422],[20.79672,42.82377],[20.79804,42.82365],[20.79961,42.82309],[20.80084,42.82228],[20.80144,42.82226],[20.80378,42.82161],[20.80465,42.82115],[20.80536,42.82019],[20.80656,42.82015],[20.80794,42.81956],[20.80867,42.81983],[20.8148,42.82086],[20.81601,42.8214],[20.82123,42.82305],[20.82379,42.82356],[20.82441,42.82309],[20.82578,42.82288],[20.8263,42.82226],[20.82699,42.82084],[20.82711,42.82021],[20.82697,42.81985],[20.82759,42.81862],[20.8289,42.81789],[20.8294,42.81691],[20.83039,42.81614],[20.83145,42.8148],[20.83223,42.81423],[20.83412,42.81403],[20.83469,42.81373],[20.83665,42.81344],[20.83761,42.81399],[20.83845,42.8149],[20.83934,42.81515],[20.84042,42.81571],[20.84297,42.81908],[20.845,42.8184],[20.84624,42.8177],[20.84982,42.8189],[20.85024,42.81917],[20.85357,42.8199],[20.85328,42.82028],[20.85413,42.82045],[20.8549,42.82091],[20.85518,42.8214],[20.85491,42.82183],[20.85512,42.82223],[20.85638,42.82286],[20.85719,42.823],[20.85793,42.82355],[20.85785,42.82408],[20.85826,42.82529],[20.85878,42.82607],[20.85943,42.82648],[20.85991,42.82728],[20.86126,42.82778],[20.86226,42.82758],[20.86318,42.8276],[20.8639,42.82782],[20.86421,42.82811],[20.86529,42.82803],[20.86602,42.82763],[20.86853,42.82733],[20.86901,42.82744],[20.87003,42.82733],[20.87107,42.82752],[20.87166,42.82831],[20.87432,42.82874],[20.87619,42.83037],[20.87669,42.83048],[20.87665,42.83058],[20.87761,42.83117],[20.87755,42.83136],[20.87786,42.83191],[20.87825,42.83206],[20.87867,42.83176],[20.87915,42.83191],[20.87961,42.83186],[20.87937,42.83319],[20.87892,42.83365],[20.87836,42.83389],[20.87799,42.8347],[20.8783,42.83469],[20.87851,42.83506],[20.87886,42.83526],[20.88042,42.83581],[20.88129,42.83631],[20.88138,42.83663],[20.8812,42.83689],[20.88116,42.83758],[20.88221,42.83766],[20.88406,42.83849],[20.88453,42.83746],[20.88481,42.83754],[20.8864,42.83841],[20.88692,42.83947],[20.88798,42.83973],[20.88836,42.83944],[20.88891,42.84038],[20.88969,42.84132],[20.89131,42.84102],[20.8924,42.84118],[20.89249,42.84087],[20.89674,42.84035],[20.89678,42.84065],[20.89766,42.84207],[20.89912,42.84226],[20.8999,42.84259],[20.90079,42.84327],[20.90092,42.84473],[20.90233,42.84617],[20.90203,42.84654],[20.90276,42.84706],[20.90314,42.84765],[20.90424,42.84818],[20.90463,42.84812],[20.90577,42.84709],[20.90622,42.84618],[20.90757,42.84691],[20.90917,42.84752],[20.90959,42.8479],[20.91,42.84796],[20.91049,42.84767],[20.91158,42.84743],[20.91345,42.84739],[20.91382,42.8475],[20.91468,42.84832],[20.9151,42.84848],[20.91617,42.8485],[20.91707,42.84824],[20.91722,42.84799],[20.91703,42.84762],[20.91554,42.84717],[20.91497,42.84581],[20.91393,42.84466],[20.91361,42.84389],[20.91358,42.84342],[20.91413,42.84252],[20.91496,42.84219],[20.91564,42.84231],[20.91678,42.84332],[20.91803,42.8441],[20.91923,42.84424],[20.91984,42.84395],[20.92044,42.84331],[20.92088,42.84315],[20.92138,42.84313],[20.92201,42.84343],[20.92267,42.84338],[20.923,42.843],[20.92336,42.84205],[20.92482,42.84126],[20.92506,42.84098],[20.92791,42.84299],[20.93123,42.84645],[20.93451,42.84902],[20.93325,42.84917],[20.93083,42.85104],[20.93091,42.85147],[20.93076,42.85214],[20.93367,42.85701],[20.93436,42.85878],[20.93473,42.86042],[20.93483,42.86492],[20.9344,42.86607],[20.93424,42.86739],[20.93373,42.86865],[20.93357,42.86976],[20.93409,42.87139],[20.93765,42.87857],[20.93727,42.87876],[20.93522,42.87891],[20.93442,42.87935],[20.9343,42.87984],[20.93428,42.88056],[20.93458,42.88106],[20.93406,42.88205],[20.93483,42.88264],[20.93484,42.88281],[20.93576,42.88371],[20.93614,42.88438],[20.93607,42.88465],[20.9364,42.88492],[20.93603,42.88533],[20.93632,42.8857],[20.93632,42.88612],[20.93581,42.88649],[20.9361,42.88679],[20.93613,42.88734],[20.93562,42.88766],[20.9357,42.8883],[20.93544,42.88859],[20.93559,42.88892],[20.93497,42.88921],[20.93492,42.88981],[20.93537,42.88991],[20.93568,42.89077],[20.9363,42.89113],[20.93685,42.89182],[20.93863,42.88935],[20.93945,42.88861],[20.94026,42.88865],[20.94151,42.88913],[20.94333,42.88908],[20.94524,42.89024],[20.94504,42.8909],[20.94528,42.89152],[20.94457,42.89254],[20.94437,42.893],[20.94445,42.89336],[20.94391,42.89407],[20.94393,42.89449],[20.94344,42.89547],[20.94385,42.89575],[20.94404,42.89612],[20.944,42.89639],[20.94372,42.89666],[20.94358,42.89742],[20.94383,42.89888],[20.94459,42.89976],[20.94547,42.90047],[20.94624,42.90038],[20.94658,42.90013],[20.94705,42.90035],[20.94752,42.90127],[20.95043,42.90122],[20.95158,42.90088],[20.95233,42.90208],[20.95311,42.90282],[20.95431,42.9034],[20.95483,42.90334],[20.95459,42.90302],[20.95441,42.9022],[20.95461,42.90196],[20.95454,42.90168],[20.95485,42.90123],[20.9549,42.90077],[20.95663,42.89875],[20.95669,42.89834],[20.95701,42.89788],[20.95685,42.89746],[20.9569,42.89695],[20.95776,42.89596],[20.9577,42.89503],[20.95789,42.89423],[20.96039,42.89366],[20.9617,42.89358],[20.96171,42.89343],[20.96376,42.8936],[20.96582,42.89305],[20.96674,42.89313],[20.97158,42.89499],[20.97328,42.89542],[20.97361,42.89572],[20.97377,42.89628],[20.97281,42.89714],[20.97226,42.898],[20.97529,42.89891],[20.97625,42.89947],[20.97781,42.90204],[20.97817,42.90221],[20.97935,42.90091],[20.97994,42.90062],[20.98024,42.90056],[20.98072,42.90094],[20.98137,42.90081],[20.98144,42.90091],[20.98115,42.90116],[20.98115,42.90157],[20.98076,42.90181],[20.98046,42.9029],[20.98027,42.90304],[20.9804,42.90341],[20.98038,42.9044],[20.9807,42.90457],[20.98062,42.90479],[20.98108,42.90515],[20.9805,42.90629],[20.98054,42.90794],[20.9803,42.90862],[20.9808,42.90918],[20.98073,42.90931],[20.98172,42.91002],[20.98182,42.91027],[20.98167,42.91165],[20.98215,42.91268],[20.98164,42.91494],[20.98182,42.91594],[20.9816,42.91713],[20.98242,42.91834],[20.98236,42.91886],[20.98299,42.91934],[20.98316,42.91923],[20.98363,42.91991],[20.9837,42.92027],[20.98444,42.92108],[20.98448,42.92177],[20.98409,42.92207],[20.98336,42.92221],[20.98249,42.92263],[20.98246,42.92321],[20.9822,42.92375],[20.98171,42.92401],[20.98166,42.92467],[20.98086,42.92564],[20.98064,42.92647],[20.98022,42.92705],[20.98013,42.92875],[20.98045,42.92952],[20.97954,42.93088],[20.97884,42.93149],[20.97798,42.93191],[20.97629,42.93235],[20.97558,42.93299],[20.97556,42.93336],[20.97457,42.93381],[20.97422,42.93432],[20.974,42.93527],[20.97358,42.93574],[20.97342,42.93623],[20.97345,42.93718],[20.97679,42.93684],[20.98242,42.93706],[20.98476,42.93788],[20.98518,42.93809],[20.98487,42.93877],[20.98506,42.94037],[20.98565,42.94017],[20.9859,42.94064],[20.9864,42.94086],[20.98635,42.94144],[20.98659,42.94197],[20.98735,42.94278],[20.98746,42.94326],[20.98826,42.94349],[20.98931,42.94342],[20.98969,42.94372],[20.99014,42.94382],[20.99177,42.94256],[20.99263,42.94225],[20.99419,42.942],[20.99411,42.94133],[20.99505,42.94083],[20.9953,42.93993],[20.99757,42.93972],[20.99891,42.93919],[21.00057,42.9371],[21.00124,42.93676],[21.00197,42.93596],[21.00247,42.93566],[21.00366,42.93541],[21.00432,42.93554],[21.00479,42.93616],[21.00528,42.93612],[21.00567,42.93596],[21.00597,42.93558],[21.00579,42.93521],[21.00632,42.93404],[21.00671,42.93365],[21.00956,42.93363],[21.01181,42.93339],[21.013,42.9327],[21.01252,42.93217],[21.01277,42.93158],[21.01267,42.93097],[21.01299,42.93029],[21.01393,42.92966],[21.01412,42.92871],[21.01757,42.9264],[21.02093,42.9305],[21.02191,42.93093],[21.02342,42.93087],[21.02428,42.93161],[21.02502,42.93165],[21.02609,42.93225],[21.02701,42.93293],[21.02759,42.93362],[21.02823,42.93399],[21.03103,42.93486],[21.03252,42.93556],[21.0334,42.93613],[21.03382,42.93661],[21.03571,42.93622],[21.03651,42.93574],[21.03848,42.93586],[21.03996,42.93624],[21.04122,42.93625],[21.04187,42.9361],[21.0439,42.93709],[21.04882,42.9368],[21.05033,42.93746],[21.05159,42.93911],[21.05285,42.93885],[21.05397,42.93797],[21.05432,42.93735],[21.05421,42.93675],[21.05687,42.93383],[21.05778,42.93195],[21.05917,42.93198],[21.06341,42.93148],[21.06489,42.93061],[21.06656,42.93157],[21.06778,42.93107],[21.06874,42.93105],[21.06924,42.93239],[21.06896,42.93313],[21.06963,42.93392],[21.06927,42.93412],[21.06914,42.93458],[21.06847,42.93501],[21.06797,42.93558],[21.06749,42.93664],[21.06679,42.93734],[21.06679,42.93821],[21.06718,42.93946],[21.06695,42.94017],[21.06641,42.94075],[21.06624,42.94125],[21.0663,42.94192],[21.06662,42.94244],[21.06618,42.94302],[21.06694,42.94294],[21.06933,42.94358],[21.07081,42.94339],[21.07204,42.94236],[21.07289,42.94135],[21.07355,42.94179],[21.07344,42.9423],[21.07415,42.94303],[21.07595,42.94372],[21.07629,42.94431],[21.07721,42.94445],[21.07785,42.94485],[21.0808,42.94555],[21.08094,42.94699],[21.08199,42.94793],[21.08301,42.94944],[21.08313,42.95076],[21.08358,42.95143],[21.08358,42.95349],[21.08413,42.95526],[21.08453,42.95587],[21.08508,42.95782],[21.0843,42.95931],[21.08238,42.96146],[21.08226,42.96192],[21.08252,42.96252],[21.08304,42.96288],[21.08331,42.96335],[21.08314,42.96405],[21.08323,42.96459],[21.08472,42.96524],[21.08613,42.96541],[21.08668,42.96639],[21.08694,42.9676],[21.08652,42.97036],[21.08638,42.97083],[21.0858,42.97073],[21.08529,42.97084],[21.08178,42.97281],[21.08055,42.97391],[21.08048,42.97449],[21.08023,42.97477],[21.07944,42.97513],[21.07971,42.97634],[21.0796,42.97677],[21.08028,42.97757],[21.08045,42.97821],[21.07899,42.97945],[21.07806,42.97975],[21.07855,42.98101],[21.07793,42.98186],[21.07794,42.98292],[21.07665,42.98418],[21.07551,42.98489],[21.07493,42.98622],[21.07362,42.98751],[21.07327,42.98834],[21.07331,42.98907],[21.07367,42.9902],[21.07331,42.9905],[21.07314,42.99169],[21.07256,42.99316],[21.07151,42.99339],[21.07023,42.99511],[21.06987,42.99578],[21.07004,42.99621],[21.06975,42.99631],[21.06918,42.99754],[21.06805,42.9989],[21.06642,43.00227],[21.06576,43.00333],[21.06496,43.00544],[21.064,43.00718],[21.06339,43.00792],[21.06206,43.0106],[21.06143,43.0116],[21.06,43.01294],[21.05962,43.01408],[21.059,43.01511],[21.05864,43.0169],[21.05824,43.01733],[21.05759,43.01753],[21.05706,43.01808],[21.05689,43.01897],[21.05621,43.0195],[21.05509,43.02106],[21.05428,43.02169],[21.05398,43.0216],[21.05222,43.02251],[21.05186,43.02295],[21.04991,43.02328],[21.04948,43.02345],[21.04876,43.02416],[21.04833,43.02398],[21.04796,43.02445],[21.04742,43.02405],[21.04668,43.02378],[21.0458,43.02375],[21.04525,43.02393],[21.04348,43.02559],[21.04301,43.02668],[21.04297,43.02714],[21.04242,43.02751],[21.04171,43.02857],[21.03833,43.02934],[21.03777,43.02939],[21.03705,43.02909],[21.03581,43.02947],[21.03515,43.02987],[21.03477,43.03059],[21.03377,43.03141],[21.03257,43.03139],[21.0308,43.03176],[21.03056,43.03172],[21.03013,43.0312],[21.02912,43.03097],[21.02951,43.03124],[21.02972,43.03164],[21.02969,43.03238],[21.02992,43.0327],[21.0313,43.03375],[21.03181,43.03459],[21.03262,43.03618],[21.03285,43.03712],[21.03179,43.0386],[21.03146,43.0396],[21.03083,43.0401],[21.03094,43.04097],[21.03049,43.04233],[21.03087,43.04307],[21.03112,43.04322],[21.0313,43.04381],[21.03099,43.04588],[21.02891,43.04898],[21.02835,43.04949],[21.02739,43.05091],[21.02512,43.05266],[21.02356,43.05349],[21.02288,43.05362],[21.02231,43.05431],[21.02051,43.05735],[21.0198,43.05747],[21.01887,43.05734],[21.01722,43.05744],[21.0167,43.05752],[21.01639,43.05781],[21.01617,43.05774],[21.01487,43.05804],[21.01453,43.0585],[21.01474,43.05942],[21.0139,43.05963],[21.01351,43.0601],[21.01295,43.06133],[21.01243,43.06159],[21.01221,43.06218],[21.01226,43.06286],[21.01268,43.06354],[21.01278,43.06414],[21.01264,43.06537],[21.01343,43.06696],[21.01279,43.06787],[21.00916,43.06805],[21.00749,43.06867],[21.00624,43.06972],[21.00276,43.07104],[21.00239,43.07164],[20.99995,43.07208],[20.99869,43.07194],[20.99646,43.07249],[20.99453,43.07038],[20.99379,43.06801],[20.99388,43.06783],[20.99367,43.06736],[20.99366,43.06634],[20.99328,43.06477],[20.99338,43.06384],[20.99316,43.06339],[20.99233,43.06335],[20.9911,43.06301],[20.98868,43.06195],[20.98791,43.06135],[20.98795,43.06054],[20.9857,43.05891],[20.98362,43.05815],[20.98365,43.05724],[20.98317,43.05622],[20.98223,43.05573],[20.97879,43.05463],[20.97938,43.0523],[20.97938,43.04997],[20.97908,43.04937],[20.97849,43.04617],[20.97815,43.04547],[20.97708,43.04426],[20.97559,43.04137],[20.9747,43.04053],[20.97305,43.04005],[20.972,43.04025],[20.97137,43.04058],[20.96897,43.04079],[20.96879,43.04106],[20.96774,43.04101],[20.96611,43.04136],[20.96526,43.04067],[20.96323,43.04035],[20.96195,43.04079],[20.96127,43.04067],[20.96067,43.04079],[20.95933,43.0402],[20.95808,43.04003],[20.95746,43.03965],[20.956,43.03947],[20.95396,43.03882],[20.95362,43.03814],[20.95372,43.03733],[20.95336,43.03715],[20.95247,43.03746],[20.95186,43.03733],[20.95149,43.03656],[20.95097,43.0361],[20.95025,43.03613],[20.94891,43.03725],[20.94819,43.03717],[20.94763,43.03649],[20.94627,43.03607],[20.94464,43.03494],[20.94184,43.03513],[20.94131,43.03476],[20.94081,43.03402],[20.94024,43.03373],[20.93995,43.03318],[20.93945,43.03293],[20.9392,43.03251],[20.93948,43.03191],[20.93866,43.03141],[20.93813,43.03131],[20.93799,43.03111],[20.93804,43.03074],[20.93859,43.02987],[20.93863,43.0294],[20.93815,43.02899],[20.93747,43.02889],[20.93669,43.02847],[20.93646,43.02814],[20.93625,43.02718],[20.93645,43.02678],[20.9361,43.02608],[20.93627,43.02498],[20.93605,43.02481],[20.93456,43.02479],[20.93464,43.02422],[20.93574,43.02226],[20.9355,43.02195],[20.93466,43.02155],[20.93484,43.02131],[20.93476,43.02099],[20.93426,43.02072],[20.93341,43.02059],[20.93317,43.02037],[20.93347,43.01958],[20.93323,43.01929],[20.9331,43.01841],[20.9329,43.0183],[20.93181,43.01804],[20.93065,43.01805],[20.9301,43.0176],[20.9291,43.01803],[20.92889,43.01852],[20.92804,43.01776],[20.92694,43.01789],[20.92669,43.01758],[20.92668,43.01728],[20.92786,43.01697],[20.92796,43.01687],[20.92786,43.01638],[20.92682,43.01639],[20.92565,43.01533],[20.92462,43.01554],[20.92437,43.01533],[20.92333,43.01512],[20.92278,43.01447],[20.92289,43.01375],[20.9227,43.01363],[20.92197,43.01376],[20.9215,43.01344],[20.92191,43.01307],[20.92171,43.01293],[20.91998,43.01333],[20.91959,43.01287],[20.91942,43.01222],[20.91922,43.01209],[20.91885,43.01211],[20.91854,43.0126],[20.9182,43.01268],[20.91781,43.01246],[20.9174,43.01248],[20.9166,43.01202],[20.91619,43.01201],[20.91577,43.01247],[20.91533,43.01246],[20.91408,43.01321],[20.91303,43.01503],[20.91278,43.01651],[20.91213,43.01708],[20.9109,43.01749],[20.91024,43.01836],[20.9081,43.01823],[20.90748,43.01865],[20.90705,43.01961],[20.90538,43.02033],[20.90479,43.02035],[20.90349,43.01998],[20.90289,43.02014],[20.90242,43.02113],[20.90246,43.02172],[20.90287,43.02265],[20.90281,43.02304],[20.90197,43.02346],[20.9011,43.02356],[20.90009,43.02488],[20.89946,43.02536],[20.89765,43.02565],[20.89748,43.02667],[20.89664,43.02687],[20.8963,43.02722],[20.89639,43.02754],[20.8972,43.02805],[20.89726,43.02822],[20.8968,43.02863],[20.8962,43.0288],[20.89444,43.02891],[20.89271,43.02873],[20.8925,43.02966],[20.89165,43.02984],[20.89077,43.02972],[20.88969,43.02883],[20.88927,43.02694],[20.88786,43.02644],[20.88684,43.02648],[20.88605,43.02601],[20.88649,43.02527],[20.88756,43.02434],[20.88805,43.02324],[20.88891,43.02235],[20.88842,43.02195],[20.88719,43.02173],[20.88707,43.02148],[20.88656,43.02124],[20.88633,43.02067],[20.88673,43.01971],[20.88762,43.01893],[20.88946,43.01815],[20.89036,43.0172],[20.8926,43.01615],[20.89374,43.01371],[20.89266,43.01289],[20.89151,43.00952],[20.88916,43.00623],[20.8781,43.00384],[20.87497,43.00369],[20.87466,43.00329],[20.87408,43.0031],[20.87255,43.00196],[20.87081,43.00196],[20.87031,43.00224],[20.86994,43.00197],[20.86795,43.00133],[20.86572,43.00147],[20.86454,43.00176],[20.86411,43.00114],[20.86321,43.0009],[20.86061,43.00221],[20.85846,43.00268],[20.85786,43.00262],[20.85749,43.00244],[20.85739,43.00192],[20.85642,43.00099],[20.85496,43.00142],[20.85437,43.00132],[20.85299,43.00006],[20.85179,42.9996],[20.85112,42.99903],[20.84942,42.99827],[20.84979,42.99774],[20.84876,42.99683],[20.84728,42.99628],[20.84603,42.99548],[20.84546,42.99523],[20.84472,42.99521],[20.84389,42.99591],[20.84332,42.99586],[20.84295,42.9955],[20.84325,42.995],[20.84327,42.99472],[20.8431,42.99451],[20.84171,42.994],[20.8403,42.99394],[20.84031,42.99285],[20.84005,42.99262],[20.83975,42.99251],[20.8391,42.99259],[20.83856,42.99296],[20.83704,42.99329],[20.83622,42.99311],[20.83601,42.99281],[20.83609,42.99241],[20.83652,42.99167],[20.83667,42.99104],[20.8377,42.99084],[20.83806,42.99034],[20.83786,42.98984],[20.83741,42.98952],[20.83639,42.98925],[20.83434,42.98939],[20.8335,42.98924],[20.83349,42.98908],[20.83456,42.98836],[20.83668,42.98772],[20.83681,42.98707],[20.83671,42.9865],[20.83649,42.98623],[20.83478,42.98625],[20.83434,42.98608],[20.83362,42.98449],[20.83339,42.9843],[20.83228,42.98402],[20.82944,42.98388],[20.82759,42.98422],[20.82722,42.98456],[20.8274,42.98508],[20.82904,42.98624],[20.82895,42.98688],[20.82868,42.98739],[20.82808,42.98758],[20.82771,42.98753],[20.82555,42.98671],[20.82526,42.98539],[20.82479,42.9849],[20.8239,42.9843],[20.82313,42.98429],[20.82261,42.98366],[20.83591,42.97887],[20.85945,42.96737],[20.8991,42.95081],[20.891,42.92701],[20.8805,42.91472],[20.87002,42.90753],[20.85373,42.90592],[20.85315,42.90557],[20.85581,42.90318],[20.85629,42.90379],[20.85825,42.90241],[20.8597,42.90192],[20.86181,42.90196],[20.8654,42.90234],[20.86739,42.90289],[20.869,42.90305],[20.86987,42.90267],[20.87162,42.90249],[20.87201,42.90226],[20.87234,42.90151],[20.87292,42.90096],[20.87181,42.89918],[20.87226,42.89819],[20.87173,42.89702],[20.872,42.89361],[20.87189,42.89319],[20.87137,42.89276],[20.87067,42.89248],[20.86944,42.8923],[20.86854,42.89183],[20.86171,42.89032],[20.85815,42.88874],[20.8562,42.88673],[20.85257,42.88533],[20.85111,42.88457],[20.85036,42.88591],[20.85132,42.88612],[20.85191,42.88651],[20.85271,42.88739],[20.85376,42.88767],[20.85515,42.88834],[20.85474,42.88861],[20.85494,42.88886],[20.85499,42.88953],[20.8547,42.88996],[20.85416,42.89013],[20.85371,42.88996],[20.85309,42.8894],[20.85275,42.88948],[20.85298,42.88869],[20.85287,42.88856],[20.8515,42.88905],[20.85139,42.88846],[20.85085,42.88848],[20.85065,42.88918],[20.85008,42.88924],[20.84837,42.88898],[20.84833,42.88866],[20.84753,42.88871],[20.84693,42.88918],[20.84584,42.88843],[20.84495,42.88937],[20.84422,42.88908],[20.8438,42.88968],[20.84352,42.88959],[20.84325,42.88983],[20.84167,42.88849],[20.84072,42.8879],[20.84054,42.88701],[20.84101,42.88675],[20.84184,42.8866],[20.84179,42.88639],[20.84127,42.8864],[20.84054,42.886],[20.84012,42.88617],[20.83929,42.88592],[20.83818,42.88593],[20.83752,42.88539],[20.83703,42.88442],[20.83662,42.8843],[20.83612,42.88445],[20.83583,42.88477],[20.83482,42.8849],[20.83488,42.88514],[20.83328,42.8861],[20.83265,42.88619],[20.83124,42.88556],[20.83033,42.88649],[20.82982,42.88673],[20.82889,42.88628],[20.82754,42.88609],[20.82645,42.88657],[20.82562,42.88723],[20.82472,42.88846],[20.82416,42.88988],[20.82387,42.89219],[20.82208,42.89569],[20.82114,42.8962],[20.81963,42.89765],[20.81934,42.89766],[20.8192,42.89857],[20.81825,42.89886],[20.8182,42.89931]]]}},{"type":"Feature","properties":{"name":"Mitrovicë e Veriut","slug":"mitrovice-e-veriut","sourceName":"Mitrovicë e Veriut"},"geometry":{"type":"Polygon","coordinates":[[[20.8182,42.89931],[20.81825,42.89886],[20.8192,42.89857],[20.81934,42.89766],[20.81963,42.89765],[20.82114,42.8962],[20.82208,42.89569],[20.82387,42.89219],[20.82416,42.88988],[20.82472,42.88846],[20.82562,42.88723],[20.82645,42.88657],[20.82754,42.88609],[20.82889,42.88628],[20.82982,42.88673],[20.83033,42.88649],[20.83124,42.88556],[20.83265,42.88619],[20.83328,42.8861],[20.83488,42.88514],[20.83482,42.8849],[20.83583,42.88477],[20.83612,42.88445],[20.83662,42.8843],[20.83703,42.88442],[20.83752,42.88539],[20.83818,42.88593],[20.83929,42.88592],[20.84012,42.88617],[20.84054,42.886],[20.84127,42.8864],[20.84179,42.88639],[20.84184,42.8866],[20.84101,42.88675],[20.84054,42.88701],[20.84072,42.8879],[20.84167,42.88849],[20.84325,42.88983],[20.84352,42.88959],[20.8438,42.88968],[20.84422,42.88908],[20.84495,42.88937],[20.84584,42.88843],[20.84693,42.88918],[20.84753,42.88871],[20.84833,42.88866],[20.84837,42.88898],[20.85008,42.88924],[20.85065,42.88918],[20.85085,42.88848],[20.85139,42.88846],[20.8515,42.88905],[20.85287,42.88856],[20.85298,42.88869],[20.85275,42.88948],[20.85309,42.8894],[20.85371,42.88996],[20.85416,42.89013],[20.8547,42.88996],[20.85499,42.88953],[20.85494,42.88886],[20.85474,42.88861],[20.85515,42.88834],[20.85376,42.88767],[20.85271,42.88739],[20.85191,42.88651],[20.85132,42.88612],[20.85036,42.88591],[20.85111,42.88457],[20.85257,42.88533],[20.8562,42.88673],[20.85815,42.88874],[20.86171,42.89032],[20.86854,42.89183],[20.86944,42.8923],[20.87067,42.89248],[20.87137,42.89276],[20.87189,42.89319],[20.872,42.89361],[20.87173,42.89702],[20.87226,42.89819],[20.87181,42.89918],[20.87292,42.90096],[20.87234,42.90151],[20.87201,42.90226],[20.87162,42.90249],[20.86987,42.90267],[20.869,42.90305],[20.86739,42.90289],[20.8654,42.90234],[20.86181,42.90196],[20.8597,42.90192],[20.85825,42.90241],[20.85629,42.90379],[20.85581,42.90318],[20.85315,42.90557],[20.85192,42.90709],[20.85137,42.90756],[20.84997,42.90832],[20.84583,42.90958],[20.84388,42.90981],[20.8437,42.90955],[20.84514,42.90912],[20.84524,42.90856],[20.84457,42.90752],[20.84488,42.90704],[20.84544,42.90682],[20.84591,42.90634],[20.84788,42.90586],[20.84951,42.90482],[20.84977,42.90422],[20.84946,42.90343],[20.84989,42.90322],[20.85107,42.90314],[20.85176,42.90284],[20.85217,42.90138],[20.85174,42.90044],[20.85242,42.89981],[20.85253,42.89877],[20.85221,42.89493],[20.85299,42.89331],[20.85206,42.89341],[20.8506,42.89262],[20.84972,42.89296],[20.84768,42.89502],[20.84738,42.89567],[20.84695,42.89613],[20.84588,42.89641],[20.84342,42.89661],[20.84227,42.89774],[20.83933,42.89835],[20.8378,42.89818],[20.83578,42.89772],[20.83454,42.89771],[20.83265,42.89828],[20.83137,42.89816],[20.83097,42.89858],[20.8314,42.89876],[20.8312,42.8992],[20.83162,42.89948],[20.83117,42.89975],[20.83028,42.89987],[20.82903,42.90035],[20.82789,42.90053],[20.82742,42.90156],[20.82669,42.90152],[20.82594,42.90106],[20.82552,42.90046],[20.82433,42.90089],[20.82325,42.90101],[20.82194,42.90082],[20.82017,42.89992],[20.8182,42.89931]]]}},{"type":"Feature","properties":{"name":"Novobërdë","slug":"novoberde","sourceName":"Novobërdë"},"geometry":{"type":"Polygon","coordinates":[[[21.46167,42.62452],[21.46081,42.62385],[21.46004,42.62348],[21.45884,42.6232],[21.45718,42.62318],[21.45619,42.62283],[21.45466,42.62294],[21.45386,42.62234],[21.45357,42.62185],[21.45287,42.62121],[21.44935,42.62054],[21.44762,42.6205],[21.44661,42.62085],[21.44605,42.6208],[21.44458,42.62003],[21.44452,42.61944],[21.44496,42.61816],[21.4449,42.61758],[21.4427,42.61727],[21.44219,42.61591],[21.43659,42.61516],[21.4357,42.6165],[21.43546,42.61748],[21.43525,42.61767],[21.43555,42.6179],[21.43522,42.61826],[21.4354,42.61947],[21.43495,42.62317],[21.43343,42.62255],[21.43275,42.62376],[21.43187,42.62486],[21.43084,42.62466],[21.42977,42.62997],[21.42867,42.62997],[21.42623,42.62945],[21.42537,42.62963],[21.42428,42.62897],[21.42373,42.62901],[21.42326,42.62936],[21.42315,42.62963],[21.42325,42.63018],[21.42309,42.63029],[21.42154,42.63017],[21.4203,42.62905],[21.41868,42.62981],[21.4181,42.62959],[21.41795,42.62933],[21.41819,42.62925],[21.41772,42.62847],[21.41796,42.628],[21.41793,42.62672],[21.41777,42.62622],[21.41746,42.62593],[21.41728,42.62462],[21.41688,42.62411],[21.41706,42.62242],[21.41687,42.62208],[21.41682,42.62025],[21.4166,42.61991],[21.41484,42.61876],[21.41377,42.6202],[21.41298,42.62067],[21.41291,42.6213],[21.41314,42.62226],[21.4127,42.62246],[21.41196,42.62455],[21.41135,42.62503],[21.41105,42.6262],[21.41046,42.62693],[21.41029,42.62707],[21.40942,42.62496],[21.40727,42.62316],[21.40729,42.62345],[21.40772,42.62393],[21.40804,42.62505],[21.40804,42.62596],[21.40734,42.62733],[21.40621,42.62837],[21.40586,42.62901],[21.40594,42.6301],[21.40521,42.6301],[21.405,42.63058],[21.40373,42.63132],[21.40288,42.63244],[21.40232,42.63276],[21.40002,42.63254],[21.3995,42.63296],[21.39837,42.63326],[21.39772,42.63237],[21.39724,42.63226],[21.39703,42.63239],[21.39491,42.63115],[21.39432,42.63118],[21.39283,42.63045],[21.39242,42.62992],[21.39228,42.62938],[21.39243,42.62885],[21.39299,42.62823],[21.39255,42.62756],[21.39309,42.62802],[21.39318,42.62739],[21.39222,42.62699],[21.39146,42.62725],[21.39093,42.62724],[21.39037,42.62687],[21.38887,42.62644],[21.38871,42.62627],[21.388,42.62481],[21.38772,42.6245],[21.38708,42.6242],[21.38651,42.62353],[21.38609,42.62262],[21.38584,42.62203],[21.3862,42.6213],[21.38611,42.62043],[21.38547,42.62042],[21.38404,42.62104],[21.38343,42.62074],[21.38283,42.62088],[21.38182,42.6207],[21.38009,42.62176],[21.37971,42.62182],[21.37887,42.62161],[21.37748,42.62154],[21.37712,42.62103],[21.37657,42.62095],[21.37642,42.62069],[21.37585,42.62081],[21.37542,42.62049],[21.37522,42.62008],[21.3748,42.62012],[21.37476,42.6203],[21.3749,42.62036],[21.37476,42.62071],[21.37411,42.62071],[21.37396,42.62044],[21.37362,42.6204],[21.37306,42.62003],[21.37194,42.61974],[21.37109,42.61863],[21.3699,42.61856],[21.36937,42.61824],[21.36917,42.61785],[21.36804,42.61817],[21.36747,42.61769],[21.36642,42.61717],[21.36585,42.61591],[21.36414,42.61523],[21.36362,42.61423],[21.36292,42.61362],[21.36221,42.61337],[21.36178,42.61269],[21.36215,42.61172],[21.36178,42.61127],[21.36178,42.61049],[21.36203,42.61017],[21.36175,42.61],[21.36186,42.60962],[21.3616,42.60938],[21.36172,42.60915],[21.36157,42.60892],[21.36174,42.60752],[21.36148,42.60682],[21.36034,42.60536],[21.36067,42.60489],[21.36048,42.60463],[21.36061,42.6037],[21.36049,42.60277],[21.36078,42.59959],[21.35814,42.59677],[21.35712,42.59222],[21.35444,42.59092],[21.35241,42.58645],[21.34563,42.58125],[21.3447,42.58139],[21.34428,42.58179],[21.34369,42.58283],[21.34356,42.58335],[21.34389,42.58434],[21.34322,42.58521],[21.34231,42.58578],[21.341,42.58523],[21.34008,42.58557],[21.33941,42.58645],[21.33785,42.58553],[21.33787,42.5851],[21.33753,42.58467],[21.33726,42.58274],[21.33685,42.58221],[21.33631,42.58195],[21.33636,42.58108],[21.33697,42.58047],[21.33723,42.57983],[21.33823,42.57941],[21.33812,42.57926],[21.33738,42.57935],[21.33631,42.57794],[21.33619,42.57714],[21.3359,42.57673],[21.33402,42.57615],[21.33386,42.57557],[21.3331,42.57464],[21.33327,42.57289],[21.33241,42.57203],[21.3307,42.57096],[21.32846,42.57049],[21.32825,42.57002],[21.32653,42.56978],[21.32563,42.5694],[21.32439,42.5695],[21.32403,42.56892],[21.324,42.56753],[21.32491,42.56578],[21.32482,42.56553],[21.32417,42.56511],[21.32228,42.56297],[21.32395,42.56245],[21.3246,42.56192],[21.32556,42.56157],[21.32635,42.56097],[21.32779,42.56086],[21.32896,42.56058],[21.32905,42.55834],[21.32955,42.55789],[21.33123,42.55823],[21.33226,42.55935],[21.33261,42.56028],[21.33347,42.56013],[21.33464,42.56031],[21.33633,42.56025],[21.33682,42.55978],[21.33782,42.55944],[21.33977,42.55938],[21.3416,42.55863],[21.34622,42.55979],[21.34719,42.55935],[21.34815,42.55915],[21.34949,42.55928],[21.35001,42.55898],[21.35133,42.55893],[21.35236,42.55939],[21.35346,42.56019],[21.35387,42.56076],[21.35381,42.5613],[21.35416,42.56129],[21.35445,42.56153],[21.35607,42.56169],[21.35765,42.56218],[21.35945,42.56216],[21.36025,42.56254],[21.36125,42.56485],[21.36182,42.56527],[21.36212,42.56599],[21.3626,42.56652],[21.36552,42.56575],[21.36908,42.56655],[21.37105,42.56721],[21.37231,42.56789],[21.37346,42.56784],[21.37451,42.56736],[21.37571,42.56714],[21.37726,42.56615],[21.378,42.56547],[21.37902,42.5631],[21.3795,42.56036],[21.3802,42.55902],[21.38111,42.55864],[21.38364,42.55821],[21.38535,42.55705],[21.3906,42.55496],[21.39157,42.55431],[21.39218,42.55366],[21.39249,42.55309],[21.39233,42.55192],[21.39165,42.55134],[21.3915,42.55105],[21.39161,42.5508],[21.39205,42.55047],[21.39283,42.55021],[21.39343,42.54972],[21.39481,42.54911],[21.39531,42.54867],[21.39546,42.54819],[21.39536,42.54749],[21.39546,42.5468],[21.39606,42.5447],[21.39749,42.54342],[21.39798,42.54324],[21.3987,42.54328],[21.40008,42.54208],[21.40035,42.5417],[21.40068,42.54032],[21.40113,42.53967],[21.39975,42.53847],[21.39921,42.53753],[21.39934,42.53724],[21.39827,42.53657],[21.40148,42.53713],[21.40376,42.53718],[21.40573,42.53667],[21.40661,42.53698],[21.40722,42.53698],[21.40899,42.53654],[21.41063,42.53677],[21.41132,42.53631],[21.41217,42.53645],[21.41443,42.53623],[21.41529,42.53645],[21.41666,42.53811],[21.41761,42.5386],[21.41919,42.53907],[21.42172,42.54067],[21.42341,42.54087],[21.42846,42.54243],[21.42935,42.54216],[21.43108,42.5427],[21.43249,42.54468],[21.43354,42.54561],[21.43401,42.54667],[21.43434,42.54746],[21.43421,42.54788],[21.43335,42.5492],[21.43261,42.5495],[21.43258,42.55014],[21.43187,42.55134],[21.43074,42.55225],[21.43048,42.553],[21.4292,42.55446],[21.42886,42.55547],[21.42815,42.55609],[21.4279,42.55697],[21.42714,42.55838],[21.42672,42.55958],[21.42668,42.5605],[21.42704,42.56164],[21.4275,42.56209],[21.42757,42.5624],[21.42801,42.56276],[21.42813,42.56362],[21.4283,42.56364],[21.42879,42.56445],[21.42916,42.56563],[21.42882,42.56679],[21.42892,42.5679],[21.42854,42.5689],[21.42846,42.56997],[21.4276,42.5711],[21.42766,42.57168],[21.42669,42.57282],[21.42653,42.57334],[21.4269,42.57394],[21.42791,42.57472],[21.42811,42.57509],[21.42939,42.57592],[21.43086,42.57605],[21.43137,42.57697],[21.43183,42.57735],[21.43276,42.57736],[21.434,42.57765],[21.43567,42.57688],[21.43873,42.57684],[21.44075,42.57738],[21.44507,42.57666],[21.44524,42.57695],[21.44675,42.57643],[21.44691,42.576],[21.44793,42.57558],[21.44944,42.57561],[21.45013,42.57509],[21.45282,42.57469],[21.45325,42.57529],[21.45515,42.5764],[21.45685,42.57511],[21.45849,42.57322],[21.45877,42.573],[21.45916,42.57304],[21.45955,42.57269],[21.45963,42.57178],[21.45948,42.57119],[21.4599,42.57076],[21.45972,42.57023],[21.45994,42.56934],[21.46057,42.56907],[21.46149,42.56908],[21.46164,42.5689],[21.46195,42.56887],[21.46215,42.56844],[21.46261,42.56834],[21.46293,42.56785],[21.46368,42.56763],[21.46389,42.56771],[21.46415,42.56755],[21.46409,42.56734],[21.4643,42.567],[21.46539,42.56644],[21.46612,42.56634],[21.4662,42.56615],[21.46681,42.56638],[21.46762,42.56696],[21.46847,42.56799],[21.46952,42.56857],[21.4709,42.57068],[21.47157,42.57095],[21.47282,42.57115],[21.47237,42.57245],[21.47266,42.57263],[21.47593,42.57418],[21.4776,42.57469],[21.47862,42.57559],[21.4802,42.57513],[21.48216,42.57508],[21.48303,42.57442],[21.48335,42.57332],[21.48388,42.57324],[21.48431,42.57265],[21.48567,42.57174],[21.48637,42.5714],[21.488,42.57148],[21.48863,42.57124],[21.48896,42.57066],[21.48977,42.57064],[21.4918,42.56943],[21.49164,42.56892],[21.49186,42.5686],[21.49257,42.56838],[21.49428,42.56597],[21.49443,42.56581],[21.49477,42.56583],[21.49426,42.56652],[21.49426,42.56756],[21.49476,42.56827],[21.49478,42.56878],[21.49507,42.5692],[21.49573,42.5693],[21.49582,42.56983],[21.49566,42.57061],[21.49643,42.57246],[21.49685,42.57263],[21.49718,42.57298],[21.49834,42.57323],[21.5,42.57497],[21.50329,42.57482],[21.50401,42.57521],[21.50489,42.57544],[21.50565,42.57607],[21.50678,42.57616],[21.50681,42.57694],[21.50724,42.57746],[21.50557,42.58361],[21.50504,42.58335],[21.50481,42.5835],[21.50333,42.58542],[21.5037,42.5856],[21.50381,42.58584],[21.5039,42.58689],[21.50453,42.58775],[21.5049,42.58893],[21.50509,42.58918],[21.50615,42.5897],[21.50581,42.58991],[21.50568,42.59029],[21.50617,42.59079],[21.50579,42.59118],[21.50178,42.59231],[21.50137,42.59438],[21.49725,42.5942],[21.49651,42.59515],[21.49369,42.59602],[21.49278,42.59547],[21.4923,42.59488],[21.49081,42.59368],[21.48966,42.59398],[21.48911,42.59431],[21.48907,42.59491],[21.48859,42.59529],[21.48819,42.59608],[21.48903,42.59736],[21.48978,42.59797],[21.48751,42.59995],[21.48693,42.60101],[21.48762,42.60155],[21.48604,42.60348],[21.48593,42.60393],[21.48557,42.60382],[21.48533,42.60408],[21.48394,42.60735],[21.48411,42.60779],[21.48508,42.60846],[21.48572,42.60855],[21.48644,42.60826],[21.487,42.6091],[21.48678,42.60999],[21.48725,42.61071],[21.48675,42.61246],[21.4869,42.61274],[21.48692,42.61338],[21.48663,42.61499],[21.48611,42.61549],[21.48654,42.6157],[21.48661,42.61589],[21.48522,42.61628],[21.48507,42.61586],[21.48484,42.61578],[21.485,42.61513],[21.48368,42.61515],[21.48332,42.61526],[21.4833,42.61557],[21.48285,42.61588],[21.48289,42.61646],[21.47515,42.6176],[21.4716,42.6186],[21.47095,42.61912],[21.47033,42.62088],[21.46967,42.62149],[21.46824,42.62202],[21.46783,42.62271],[21.46763,42.62411],[21.46563,42.62497],[21.46522,42.62484],[21.46436,42.62517],[21.46345,42.6253],[21.46167,42.62452]]]}},{"type":"Feature","properties":{"name":"Obiliq","slug":"obiliq","sourceName":"Obiliq"},"geometry":{"type":"Polygon","coordinates":[[[21.11662,42.66063],[21.11679,42.66591],[21.1183,42.66626],[21.11751,42.66831],[21.11767,42.66831],[21.11791,42.67134],[21.12134,42.67001],[21.12145,42.67019],[21.12176,42.67017],[21.12201,42.67047],[21.12337,42.67118],[21.12627,42.67409],[21.1289,42.67721],[21.131,42.68296],[21.13089,42.68307],[21.1334,42.68513],[21.13366,42.68553],[21.13335,42.6871],[21.1329,42.68798],[21.13256,42.68834],[21.13163,42.6887],[21.13081,42.68896],[21.122,42.68995],[21.11555,42.69648],[21.11686,42.69735],[21.11566,42.69932],[21.11676,42.69971],[21.1156,42.7019],[21.11724,42.70208],[21.11796,42.70185],[21.11956,42.70177],[21.12108,42.69998],[21.12337,42.69896],[21.12443,42.698],[21.1252,42.69757],[21.1269,42.69772],[21.12911,42.69861],[21.13086,42.69858],[21.1295,42.69937],[21.12699,42.70135],[21.12626,42.7036],[21.12556,42.70475],[21.12533,42.70543],[21.12439,42.70687],[21.12272,42.70832],[21.11905,42.70645],[21.1181,42.7071],[21.11712,42.70654],[21.11632,42.70548],[21.1162,42.7049],[21.11721,42.70487],[21.11702,42.70405],[21.11663,42.70409],[21.11677,42.70252],[21.11609,42.70239],[21.11585,42.70251],[21.11538,42.7033],[21.11479,42.70385],[21.11487,42.70403],[21.11463,42.70406],[21.11469,42.70415],[21.11427,42.70446],[21.11448,42.70473],[21.11264,42.70574],[21.11227,42.7058],[21.11216,42.70651],[21.11195,42.70665],[21.11247,42.70709],[21.11105,42.70774],[21.11072,42.7075],[21.10855,42.70874],[21.10941,42.71015],[21.11286,42.71358],[21.11251,42.71385],[21.11513,42.71628],[21.11579,42.71639],[21.11573,42.71669],[21.11534,42.71687],[21.1163,42.71795],[21.11754,42.71902],[21.11747,42.72294],[21.1176,42.72332],[21.11467,42.72425],[21.1145,42.72411],[21.11097,42.72518],[21.11085,42.72524],[21.11123,42.7255],[21.10976,42.72623],[21.10874,42.727],[21.11122,42.72785],[21.11225,42.72889],[21.11158,42.72931],[21.10897,42.72748],[21.10737,42.72819],[21.10443,42.73013],[21.10426,42.72986],[21.10414,42.73024],[21.10347,42.72973],[21.10272,42.72994],[21.10176,42.72965],[21.10156,42.73032],[21.10174,42.73072],[21.10151,42.73101],[21.10099,42.73094],[21.10052,42.7315],[21.09847,42.73261],[21.09858,42.73352],[21.09755,42.73602],[21.09789,42.73624],[21.09557,42.74004],[21.0951,42.74126],[21.09493,42.74309],[21.09403,42.74502],[21.09397,42.74589],[21.0935,42.74647],[21.09352,42.74691],[21.09245,42.74929],[21.09422,42.75165],[21.09449,42.75181],[21.09506,42.7512],[21.09571,42.75172],[21.09682,42.75474],[21.09881,42.75791],[21.09914,42.75905],[21.10077,42.75987],[21.09795,42.76063],[21.09855,42.76199],[21.09888,42.7622],[21.09923,42.7619],[21.09989,42.76249],[21.10077,42.76278],[21.10074,42.76298],[21.10191,42.76321],[21.10225,42.76347],[21.10454,42.76272],[21.10527,42.76271],[21.10693,42.76442],[21.10848,42.76503],[21.10936,42.76561],[21.10998,42.76646],[21.11026,42.76778],[21.11023,42.76872],[21.11066,42.76979],[21.11072,42.77052],[21.11165,42.77282],[21.11431,42.77596],[21.11564,42.7781],[21.1163,42.77884],[21.11739,42.7796],[21.118,42.78024],[21.11981,42.7814],[21.12179,42.78293],[21.12249,42.78418],[21.12253,42.78481],[21.1233,42.78535],[21.12632,42.78661],[21.126,42.78763],[21.12584,42.78914],[21.12481,42.79139],[21.12328,42.79258],[21.12307,42.793],[21.12281,42.79368],[21.12264,42.79504],[21.12271,42.79599],[21.12225,42.79729],[21.12147,42.79831],[21.11985,42.79855],[21.11982,42.79884],[21.11906,42.79999],[21.11879,42.80106],[21.11888,42.80143],[21.12159,42.80375],[21.12144,42.80436],[21.12102,42.80507],[21.12033,42.80569],[21.11944,42.8053],[21.11945,42.80456],[21.11903,42.80417],[21.11683,42.80427],[21.11564,42.80467],[21.11439,42.80484],[21.11196,42.80449],[21.10983,42.80363],[21.10809,42.80346],[21.10546,42.80074],[21.10498,42.79998],[21.10449,42.7987],[21.10281,42.79762],[21.10065,42.79693],[21.10021,42.7964],[21.09935,42.79585],[21.0982,42.79564],[21.09677,42.7958],[21.09302,42.79559],[21.09061,42.79522],[21.08593,42.79544],[21.08421,42.79422],[21.08323,42.79317],[21.08075,42.78803],[21.07758,42.78578],[21.07411,42.78407],[21.07309,42.78366],[21.07079,42.78343],[21.06862,42.78031],[21.06736,42.77781],[21.06663,42.77393],[21.06613,42.77233],[21.06628,42.77159],[21.06621,42.77012],[21.068,42.77048],[21.06786,42.77084],[21.06829,42.77086],[21.0688,42.77059],[21.06949,42.77063],[21.07135,42.77145],[21.07221,42.77031],[21.07264,42.77046],[21.07299,42.76985],[21.07254,42.76938],[21.07257,42.76922],[21.07321,42.76871],[21.07236,42.76877],[21.07227,42.76761],[21.07334,42.76551],[21.07608,42.76133],[21.07793,42.75894],[21.07943,42.75963],[21.07836,42.75806],[21.07668,42.75656],[21.07839,42.75543],[21.07784,42.75484],[21.07754,42.75484],[21.07632,42.75417],[21.07427,42.75227],[21.07162,42.75107],[21.07155,42.75084],[21.07063,42.75012],[21.07206,42.74892],[21.0737,42.7461],[21.06669,42.7425],[21.06327,42.7402],[21.0623,42.73964],[21.06193,42.73959],[21.06116,42.73895],[21.06012,42.73746],[21.05916,42.73674],[21.0613,42.73629],[21.06211,42.7358],[21.06244,42.73522],[21.06323,42.73498],[21.06436,42.73387],[21.06403,42.73367],[21.06412,42.73265],[21.064,42.7323],[21.06462,42.73123],[21.06319,42.73126],[21.06294,42.73102],[21.06292,42.73077],[21.06305,42.73053],[21.06342,42.73043],[21.06549,42.73023],[21.06644,42.73039],[21.06728,42.72878],[21.06743,42.72755],[21.05887,42.72832],[21.05733,42.72885],[21.05591,42.72891],[21.05531,42.72908],[21.05252,42.72925],[21.0517,42.72914],[21.05116,42.72874],[21.05088,42.72778],[21.05008,42.72758],[21.05083,42.72446],[21.05145,42.72303],[21.05213,42.72211],[21.05167,42.72109],[21.05133,42.71955],[21.05088,42.71877],[21.05071,42.7178],[21.04924,42.71705],[21.04764,42.71837],[21.04457,42.71714],[21.04158,42.71631],[21.03828,42.71514],[21.03768,42.71578],[21.03731,42.7156],[21.03673,42.71638],[21.03516,42.71587],[21.0351,42.71564],[21.03376,42.71535],[21.03377,42.71477],[21.03418,42.71437],[21.03424,42.71384],[21.03155,42.71299],[21.02983,42.71216],[21.02854,42.71194],[21.02818,42.71226],[21.02799,42.71273],[21.02729,42.7128],[21.02656,42.71237],[21.0264,42.71192],[21.02701,42.71144],[21.02839,42.711],[21.02892,42.71028],[21.02915,42.70947],[21.029,42.70923],[21.02827,42.70923],[21.02784,42.70905],[21.02789,42.70877],[21.02881,42.70765],[21.02546,42.70634],[21.02445,42.7077],[21.02298,42.70757],[21.02219,42.70724],[21.02146,42.70768],[21.0211,42.70766],[21.01895,42.70528],[21.01872,42.70453],[21.01765,42.7035],[21.01703,42.70402],[21.01657,42.70402],[21.01166,42.70332],[21.01222,42.70211],[21.01175,42.70156],[21.01208,42.69962],[21.01189,42.69901],[21.0114,42.6988],[21.01002,42.69768],[21.00741,42.69633],[21.00067,42.69409],[20.9997,42.69353],[20.99783,42.69279],[20.99677,42.69166],[20.99552,42.6896],[20.9951,42.68933],[20.99399,42.6899],[20.99313,42.68975],[20.99038,42.68887],[20.98991,42.68842],[20.9893,42.68872],[20.98865,42.68965],[20.98805,42.69002],[20.98656,42.69043],[20.98553,42.69031],[20.98485,42.69052],[20.98306,42.69046],[20.98134,42.68984],[20.97853,42.68923],[20.9774,42.68803],[20.97692,42.68707],[20.97597,42.68617],[20.97552,42.68589],[20.97446,42.68565],[20.97318,42.68991],[20.97336,42.69074],[20.97359,42.69106],[20.97269,42.69237],[20.97132,42.69383],[20.96718,42.69106],[20.96402,42.68935],[20.96191,42.68889],[20.96178,42.68871],[20.96181,42.68806],[20.9614,42.68708],[20.96103,42.68668],[20.96102,42.68623],[20.96089,42.68625],[20.961,42.68513],[20.96152,42.68461],[20.96164,42.68408],[20.96214,42.68334],[20.96031,42.68013],[20.96149,42.67501],[20.96178,42.6745],[20.96275,42.66947],[20.96668,42.66213],[20.96728,42.66176],[20.96733,42.66133],[20.96792,42.66062],[20.96808,42.66012],[20.96826,42.65858],[20.96926,42.65595],[20.96938,42.6549],[20.96935,42.6543],[20.9691,42.65374],[20.96913,42.6532],[20.96889,42.65274],[20.96863,42.65263],[20.96857,42.65232],[20.96862,42.65117],[20.96905,42.65052],[20.96912,42.64903],[20.96928,42.64886],[20.97074,42.64863],[20.97156,42.64822],[20.973,42.64861],[20.97471,42.6494],[20.97523,42.64937],[20.97628,42.65008],[20.9777,42.64977],[20.97805,42.64933],[20.97877,42.64905],[20.98299,42.64973],[20.98476,42.65118],[20.99045,42.65077],[20.99168,42.65097],[20.99239,42.65159],[20.99347,42.65122],[20.99371,42.65131],[20.99353,42.65182],[20.99522,42.65229],[20.99568,42.65295],[20.99575,42.6534],[20.99637,42.65389],[20.99732,42.65391],[20.99809,42.65357],[20.99894,42.6529],[20.99893,42.65239],[21.00022,42.65159],[21.00072,42.65151],[21.00188,42.65174],[21.00133,42.65241],[21.00028,42.65322],[21.00046,42.65332],[20.99967,42.65386],[20.99959,42.6541],[20.99982,42.65424],[20.99776,42.6564],[20.99766,42.65706],[20.9989,42.65804],[21.00074,42.65839],[21.00052,42.65882],[21.00369,42.65953],[21.00481,42.66035],[21.00465,42.66047],[21.00582,42.66165],[21.00577,42.66207],[21.00635,42.66322],[21.00644,42.66457],[21.00628,42.66613],[21.00917,42.66675],[21.01037,42.66679],[21.01066,42.66612],[21.01107,42.66347],[21.01098,42.66119],[21.01121,42.66086],[21.01257,42.66025],[21.01309,42.65985],[21.01377,42.66006],[21.01528,42.66021],[21.01676,42.66016],[21.01834,42.66044],[21.01956,42.66024],[21.01989,42.65888],[21.01971,42.65821],[21.02028,42.65702],[21.01927,42.65618],[21.02053,42.65553],[21.02264,42.65111],[21.02498,42.65176],[21.02557,42.65061],[21.02655,42.65083],[21.02701,42.64995],[21.02832,42.6512],[21.02811,42.6516],[21.02894,42.6526],[21.02966,42.6516],[21.03035,42.65184],[21.03191,42.65032],[21.03379,42.64927],[21.0356,42.65126],[21.03652,42.65139],[21.03658,42.6491],[21.03846,42.64953],[21.03996,42.64952],[21.04185,42.64917],[21.0426,42.64888],[21.04612,42.65018],[21.04937,42.64945],[21.04814,42.64854],[21.0475,42.64753],[21.04914,42.64693],[21.05094,42.64785],[21.05421,42.64785],[21.05533,42.6506],[21.05639,42.65062],[21.05669,42.65247],[21.05779,42.65248],[21.05785,42.65395],[21.05759,42.65514],[21.06014,42.65532],[21.05997,42.65577],[21.06348,42.65641],[21.06565,42.6566],[21.06546,42.65753],[21.06596,42.65821],[21.06856,42.6577],[21.0696,42.65708],[21.07139,42.65779],[21.07273,42.65741],[21.07211,42.65694],[21.07152,42.65687],[21.07121,42.6563],[21.07154,42.65562],[21.07187,42.65544],[21.07174,42.6551],[21.07217,42.65403],[21.07261,42.65221],[21.07235,42.65165],[21.07156,42.65097],[21.07208,42.65007],[21.07222,42.65009],[21.0725,42.64851],[21.07286,42.64854],[21.07297,42.64748],[21.07342,42.64781],[21.07575,42.64842],[21.07459,42.65104],[21.07743,42.6519],[21.07696,42.65222],[21.07667,42.65324],[21.07707,42.65453],[21.07679,42.65464],[21.07664,42.65519],[21.07723,42.65531],[21.07808,42.65489],[21.07949,42.65463],[21.07962,42.65444],[21.08206,42.65477],[21.08204,42.6533],[21.08457,42.65385],[21.08465,42.6535],[21.08526,42.65358],[21.08565,42.65307],[21.08611,42.6534],[21.08636,42.65329],[21.08645,42.65287],[21.08718,42.6529],[21.08719,42.65257],[21.08752,42.65243],[21.0879,42.65579],[21.09119,42.65615],[21.09033,42.65969],[21.09835,42.66087],[21.10174,42.66114],[21.10187,42.66132],[21.10337,42.66114],[21.10861,42.66104],[21.11662,42.66063]]]}},{"type":"Feature","properties":{"name":"Partesh","slug":"partesh","sourceName":"Partesh"},"geometry":{"type":"Polygon","coordinates":[[[21.41287,42.40503],[21.41186,42.4026],[21.41274,42.3975],[21.41303,42.39183],[21.41371,42.39058],[21.41633,42.38761],[21.4182,42.3858],[21.41907,42.38458],[21.42103,42.3832],[21.42085,42.38242],[21.42191,42.3822],[21.4223,42.38219],[21.42231,42.3824],[21.42254,42.38241],[21.42457,42.38228],[21.42463,42.38216],[21.42636,42.3822],[21.42625,42.38245],[21.4266,42.3826],[21.4274,42.38233],[21.4279,42.38233],[21.4285,42.38248],[21.42931,42.38298],[21.43015,42.38313],[21.43007,42.38284],[21.43064,42.38284],[21.43085,42.38255],[21.43151,42.38094],[21.4324,42.37967],[21.43763,42.38053],[21.4377,42.38073],[21.43907,42.3802],[21.4399,42.38114],[21.44113,42.38128],[21.44207,42.38195],[21.44268,42.38203],[21.44371,42.38259],[21.44393,42.38292],[21.44338,42.38437],[21.44381,42.38516],[21.44418,42.38565],[21.4468,42.38666],[21.44692,42.38695],[21.44662,42.38743],[21.446,42.38783],[21.44559,42.3886],[21.4455,42.38913],[21.44562,42.3895],[21.4461,42.38967],[21.44665,42.3896],[21.44694,42.38989],[21.44668,42.39062],[21.44745,42.39181],[21.44863,42.39239],[21.44956,42.39225],[21.44881,42.39265],[21.44872,42.3928],[21.44899,42.39305],[21.45014,42.39301],[21.45086,42.39335],[21.4513,42.39319],[21.45136,42.39283],[21.45171,42.39285],[21.45171,42.39315],[21.45122,42.39346],[21.45116,42.39373],[21.4519,42.39386],[21.45276,42.39445],[21.45332,42.39439],[21.45372,42.39411],[21.45405,42.39347],[21.45559,42.39252],[21.45653,42.39263],[21.45716,42.39253],[21.45849,42.39173],[21.45989,42.39156],[21.46076,42.39188],[21.4608,42.39265],[21.4625,42.39312],[21.46271,42.39398],[21.46407,42.39453],[21.46426,42.39479],[21.46419,42.39507],[21.46489,42.39628],[21.46485,42.39683],[21.46581,42.39798],[21.46647,42.39837],[21.4672,42.39916],[21.46719,42.39999],[21.46743,42.40021],[21.4679,42.40023],[21.46795,42.39999],[21.46918,42.39999],[21.46945,42.3997],[21.47146,42.39992],[21.4724,42.39859],[21.47275,42.39842],[21.47287,42.39792],[21.47318,42.39791],[21.4731,42.39776],[21.47326,42.3976],[21.47362,42.39773],[21.47394,42.39754],[21.47616,42.39867],[21.4742,42.40002],[21.47567,42.40194],[21.4741,42.40269],[21.47421,42.40298],[21.47406,42.40303],[21.4741,42.40331],[21.47435,42.40365],[21.47582,42.40317],[21.47564,42.4028],[21.47945,42.40092],[21.47961,42.40109],[21.48235,42.39973],[21.48205,42.39946],[21.48395,42.39803],[21.48478,42.39864],[21.48653,42.39728],[21.4868,42.39684],[21.48832,42.397],[21.4887,42.39666],[21.48954,42.39683],[21.49089,42.39594],[21.49151,42.39636],[21.49201,42.39604],[21.49311,42.39687],[21.49434,42.39585],[21.49502,42.39638],[21.49689,42.39466],[21.49716,42.39482],[21.49848,42.39394],[21.49867,42.39412],[21.49961,42.3934],[21.50009,42.39349],[21.50295,42.39331],[21.5044,42.39265],[21.5044,42.39243],[21.50523,42.39199],[21.50522,42.39177],[21.50554,42.39171],[21.5059,42.39245],[21.50862,42.39199],[21.50899,42.39274],[21.51038,42.39309],[21.51106,42.39308],[21.51181,42.39249],[21.51279,42.39223],[21.51339,42.39179],[21.51407,42.39174],[21.51475,42.39202],[21.51699,42.39232],[21.51787,42.39259],[21.5182,42.39245],[21.51875,42.39157],[21.51984,42.3913],[21.52111,42.39022],[21.52241,42.38878],[21.52241,42.38833],[21.52442,42.38726],[21.52502,42.38672],[21.52605,42.38626],[21.52794,42.38505],[21.53106,42.38485],[21.53247,42.38453],[21.53289,42.38459],[21.53356,42.38422],[21.53416,42.38496],[21.53469,42.38482],[21.53609,42.38588],[21.53655,42.3856],[21.53729,42.38625],[21.53873,42.38647],[21.5391,42.38675],[21.53952,42.38778],[21.53793,42.3879],[21.53668,42.38847],[21.53647,42.38842],[21.53505,42.38917],[21.53355,42.39058],[21.53314,42.39204],[21.53583,42.39294],[21.53576,42.39379],[21.53592,42.39499],[21.5354,42.39558],[21.53494,42.39574],[21.53422,42.39563],[21.53444,42.39626],[21.53551,42.39643],[21.53705,42.39625],[21.53807,42.39631],[21.53923,42.39678],[21.5387,42.39842],[21.53781,42.39786],[21.53574,42.39753],[21.53514,42.39764],[21.53495,42.39821],[21.53512,42.39941],[21.53489,42.40048],[21.53432,42.40179],[21.53499,42.40341],[21.53327,42.40386],[21.5331,42.40361],[21.53243,42.40399],[21.53153,42.40551],[21.53246,42.40597],[21.53311,42.40602],[21.53367,42.40602],[21.53484,42.40555],[21.53462,42.40595],[21.53466,42.40628],[21.53524,42.40732],[21.5372,42.40737],[21.53746,42.4076],[21.53799,42.40954],[21.53825,42.4097],[21.53849,42.41031],[21.53841,42.41135],[21.53924,42.41209],[21.53766,42.41289],[21.53585,42.41351],[21.53376,42.41332],[21.53216,42.41288],[21.52978,42.41118],[21.52856,42.4108],[21.52636,42.41033],[21.52506,42.41068],[21.52444,42.41117],[21.52376,42.41211],[21.52265,42.41274],[21.5223,42.41395],[21.5223,42.4149],[21.52247,42.41554],[21.5206,42.41599],[21.51817,42.4162],[21.51579,42.41733],[21.51546,42.41789],[21.51556,42.41935],[21.51401,42.41981],[21.51282,42.42109],[21.51256,42.4233],[21.51091,42.4259],[21.5101,42.42656],[21.50926,42.42686],[21.5086,42.4265],[21.50806,42.42583],[21.50702,42.42556],[21.50574,42.42579],[21.50467,42.42561],[21.50396,42.42607],[21.50381,42.42596],[21.50406,42.42544],[21.50358,42.42493],[21.50321,42.42489],[21.50199,42.42539],[21.5015,42.42539],[21.50141,42.42511],[21.50157,42.42481],[21.50145,42.4247],[21.49961,42.42455],[21.49905,42.424],[21.49925,42.42309],[21.49881,42.42262],[21.49763,42.42237],[21.49552,42.42267],[21.49429,42.42257],[21.49393,42.42235],[21.49387,42.42209],[21.49356,42.42204],[21.4931,42.42211],[21.49262,42.42242],[21.49199,42.42242],[21.48971,42.42094],[21.48874,42.42165],[21.48752,42.42173],[21.48717,42.4215],[21.48688,42.42039],[21.48643,42.42024],[21.48581,42.4203],[21.48512,42.42002],[21.4846,42.41885],[21.48401,42.41879],[21.48382,42.41844],[21.4839,42.41808],[21.48505,42.41757],[21.48518,42.41732],[21.48445,42.41637],[21.48416,42.41523],[21.48287,42.41492],[21.4824,42.41454],[21.48092,42.4156],[21.48065,42.41595],[21.47825,42.41743],[21.4767,42.41852],[21.4763,42.41899],[21.47489,42.4199],[21.46925,42.42297],[21.46671,42.42107],[21.46711,42.42079],[21.46504,42.41919],[21.46456,42.41899],[21.46448,42.41923],[21.46074,42.41783],[21.46097,42.41754],[21.45916,42.41673],[21.45736,42.41773],[21.45638,42.41853],[21.45507,42.41808],[21.45461,42.41904],[21.45392,42.41977],[21.45302,42.42113],[21.4525,42.42419],[21.45214,42.4236],[21.4513,42.42381],[21.44869,42.42486],[21.44849,42.42501],[21.4489,42.42558],[21.44579,42.42616],[21.44241,42.42712],[21.44044,42.42647],[21.43801,42.4261],[21.43553,42.42621],[21.43744,42.42512],[21.43927,42.42368],[21.44057,42.42292],[21.4409,42.42224],[21.44259,42.421],[21.44619,42.41948],[21.44585,42.41911],[21.44757,42.4182],[21.4456,42.41579],[21.44964,42.41484],[21.44963,42.41344],[21.44904,42.4099],[21.4491,42.40951],[21.44809,42.40937],[21.44718,42.40879],[21.44721,42.40861],[21.44798,42.40812],[21.44672,42.40785],[21.44487,42.40718],[21.44401,42.40773],[21.44336,42.40794],[21.44166,42.40776],[21.44037,42.40844],[21.43791,42.40929],[21.43705,42.40919],[21.43659,42.40875],[21.4363,42.40887],[21.43615,42.40876],[21.43578,42.40911],[21.43539,42.40919],[21.4348,42.40827],[21.43379,42.40883],[21.43302,42.40894],[21.43272,42.40787],[21.43219,42.40745],[21.43045,42.40672],[21.42967,42.40842],[21.42925,42.40823],[21.42892,42.4089],[21.42806,42.4088],[21.42862,42.40767],[21.42659,42.40726],[21.42696,42.40642],[21.42403,42.40572],[21.42495,42.40427],[21.42179,42.40333],[21.41957,42.40316],[21.41744,42.40232],[21.41509,42.40202],[21.41387,42.40284],[21.4139,42.40405],[21.41287,42.40503]]]}},{"type":"Feature","properties":{"name":"Pejë","slug":"peje","sourceName":"Pejë"},"geometry":{"type":"Polygon","coordinates":[[[20.32004,42.82605],[20.3196,42.82779],[20.31691,42.82863],[20.31648,42.82913],[20.31615,42.83217],[20.31619,42.83397],[20.31549,42.83582],[20.31086,42.83584],[20.31044,42.83553],[20.30924,42.83532],[20.30872,42.83571],[20.30584,42.8354],[20.30523,42.83546],[20.30339,42.83605],[20.29792,42.836],[20.29785,42.83487],[20.29733,42.83418],[20.29666,42.83246],[20.29549,42.83127],[20.29383,42.82804],[20.29365,42.82713],[20.29379,42.82532],[20.29243,42.82518],[20.28913,42.82547],[20.28708,42.82595],[20.28531,42.82593],[20.28511,42.82688],[20.28445,42.82732],[20.2835,42.82831],[20.28282,42.82948],[20.28133,42.8303],[20.28075,42.83041],[20.27996,42.82962],[20.27882,42.82915],[20.27507,42.82536],[20.27565,42.82431],[20.27506,42.82347],[20.27602,42.82208],[20.27574,42.82161],[20.27492,42.82105],[20.27406,42.82],[20.27356,42.81972],[20.27276,42.81958],[20.27194,42.81908],[20.26975,42.81821],[20.26709,42.8177],[20.26615,42.81722],[20.26534,42.81601],[20.26246,42.81526],[20.26148,42.81474],[20.25944,42.81455],[20.2583,42.81514],[20.25766,42.81512],[20.25477,42.81429],[20.25457,42.81359],[20.2531,42.81129],[20.25231,42.81071],[20.25358,42.80987],[20.25493,42.80766],[20.25583,42.80667],[20.25859,42.80455],[20.26273,42.80399],[20.26224,42.79854],[20.26344,42.78859],[20.26552,42.78201],[20.26622,42.77927],[20.26616,42.7789],[20.2658,42.77792],[20.26411,42.77616],[20.26336,42.77574],[20.26133,42.77519],[20.26059,42.77468],[20.25984,42.77349],[20.25852,42.77199],[20.25816,42.77118],[20.25668,42.77098],[20.25577,42.7707],[20.25531,42.77033],[20.25514,42.77008],[20.25576,42.76939],[20.2551,42.76905],[20.25423,42.76666],[20.25044,42.75897],[20.24085,42.75729],[20.23665,42.75722],[20.23622,42.75696],[20.23603,42.75607],[20.235,42.75413],[20.23428,42.75327],[20.23367,42.75314],[20.23268,42.75311],[20.22896,42.75361],[20.22413,42.75389],[20.22285,42.75338],[20.22147,42.75323],[20.21942,42.7524],[20.21713,42.75101],[20.21348,42.75054],[20.2087,42.75066],[20.20542,42.75122],[20.20177,42.75139],[20.20043,42.75132],[20.19907,42.74804],[20.19702,42.75136],[20.19612,42.75152],[20.1959,42.7507],[20.19268,42.74712],[20.19009,42.74963],[20.18669,42.751],[20.18291,42.75455],[20.18054,42.75443],[20.1799,42.75524],[20.17393,42.7564],[20.17284,42.75756],[20.17286,42.7587],[20.1696,42.76098],[20.16804,42.76235],[20.15889,42.76622],[20.15509,42.76884],[20.14906,42.7638],[20.14691,42.7553],[20.14494,42.75555],[20.14193,42.75633],[20.14121,42.7572],[20.14089,42.75733],[20.13984,42.75715],[20.13886,42.75782],[20.13469,42.75974],[20.13007,42.76096],[20.12884,42.76143],[20.12756,42.76135],[20.12602,42.76261],[20.12274,42.76274],[20.12085,42.76266],[20.11977,42.76234],[20.11912,42.76194],[20.11805,42.7624],[20.11683,42.76269],[20.11547,42.76276],[20.11409,42.76328],[20.11396,42.76351],[20.1128,42.76422],[20.11144,42.76467],[20.10566,42.76784],[20.10511,42.76831],[20.10484,42.76909],[20.10409,42.76909],[20.10341,42.76947],[20.1041,42.77132],[20.1048,42.77215],[20.10465,42.77242],[20.10301,42.77319],[20.10217,42.77385],[20.09847,42.77583],[20.09671,42.77631],[20.09398,42.77618],[20.09156,42.77578],[20.09091,42.77586],[20.08917,42.77564],[20.08855,42.77526],[20.08841,42.77499],[20.08676,42.77422],[20.08604,42.77426],[20.08463,42.77397],[20.08267,42.77417],[20.08001,42.77469],[20.0729,42.77471],[20.06982,42.77446],[20.06808,42.77508],[20.06771,42.77543],[20.06689,42.77551],[20.0642,42.77769],[20.06259,42.77801],[20.06043,42.77892],[20.05903,42.77874],[20.05495,42.77764],[20.05431,42.77769],[20.05302,42.7768],[20.05149,42.77661],[20.05067,42.77599],[20.0502,42.77578],[20.04965,42.77577],[20.04943,42.77525],[20.04857,42.77485],[20.04812,42.77416],[20.04692,42.7735],[20.04561,42.77362],[20.04515,42.77387],[20.04501,42.77421],[20.04411,42.77449],[20.04268,42.7744],[20.04215,42.77385],[20.0406,42.77305],[20.0399,42.77295],[20.0388,42.77225],[20.03766,42.77131],[20.03727,42.77047],[20.03413,42.76924],[20.03292,42.76856],[20.03265,42.76573],[20.0323,42.76526],[20.03226,42.76491],[20.03155,42.76491],[20.02998,42.76551],[20.02964,42.76583],[20.02649,42.76522],[20.02622,42.76496],[20.02423,42.76483],[20.02385,42.76435],[20.02343,42.76301],[20.02347,42.76261],[20.02394,42.762],[20.02386,42.76171],[20.0226,42.7605],[20.02257,42.75962],[20.02192,42.75858],[20.02186,42.75801],[20.02139,42.757],[20.02141,42.75676],[20.02185,42.75634],[20.02233,42.75424],[20.02261,42.75378],[20.02275,42.75253],[20.02247,42.75189],[20.02161,42.75077],[20.02071,42.75005],[20.01937,42.74913],[20.01826,42.7488],[20.01786,42.74845],[20.01736,42.74734],[20.01673,42.74659],[20.01698,42.7456],[20.0166,42.74435],[20.01687,42.74371],[20.01681,42.74319],[20.01664,42.74309],[20.01589,42.74321],[20.01524,42.7429],[20.01365,42.74309],[20.0132,42.74257],[20.0127,42.74157],[20.01205,42.73978],[20.01239,42.73941],[20.01244,42.73874],[20.01282,42.73789],[20.01335,42.73562],[20.01363,42.73542],[20.01401,42.73462],[20.01407,42.73358],[20.01421,42.73342],[20.01415,42.733],[20.01375,42.73248],[20.0139,42.73179],[20.01372,42.73034],[20.01332,42.72975],[20.0129,42.72847],[20.01459,42.72619],[20.01597,42.72527],[20.0168,42.72398],[20.01756,42.724],[20.01843,42.72371],[20.02043,42.72225],[20.02123,42.72196],[20.02152,42.7217],[20.02224,42.72184],[20.02415,42.72179],[20.0255,42.72075],[20.02836,42.7197],[20.02916,42.71961],[20.02951,42.71993],[20.03019,42.71973],[20.02987,42.71875],[20.02928,42.7182],[20.02726,42.71732],[20.02644,42.7172],[20.02616,42.71697],[20.02589,42.71573],[20.02539,42.7151],[20.02313,42.71439],[20.02139,42.71314],[20.02049,42.71274],[20.01675,42.71329],[20.01608,42.71299],[20.01567,42.71251],[20.01527,42.71116],[20.01518,42.70993],[20.0161,42.70963],[20.01758,42.70976],[20.02091,42.70936],[20.02199,42.70937],[20.02313,42.70974],[20.02402,42.70952],[20.02454,42.70972],[20.02648,42.70953],[20.02757,42.71016],[20.02934,42.71044],[20.03029,42.71109],[20.03192,42.71078],[20.03136,42.70937],[20.03131,42.7089],[20.03038,42.70697],[20.03025,42.70628],[20.03067,42.70225],[20.03197,42.69839],[20.03221,42.69811],[20.03213,42.69767],[20.03304,42.69713],[20.03408,42.697],[20.03483,42.69662],[20.03616,42.69637],[20.03874,42.69642],[20.03955,42.69594],[20.03993,42.6959],[20.0418,42.69605],[20.04368,42.6954],[20.04443,42.69481],[20.04525,42.69317],[20.04767,42.69182],[20.04795,42.69135],[20.04802,42.69037],[20.05092,42.68885],[20.05191,42.68798],[20.05184,42.68693],[20.05244,42.68559],[20.05358,42.68476],[20.05697,42.6844],[20.05774,42.6839],[20.05913,42.68385],[20.06031,42.6842],[20.06134,42.68409],[20.06273,42.6847],[20.06435,42.68284],[20.06616,42.68138],[20.06715,42.68015],[20.07145,42.68009],[20.07293,42.67992],[20.07989,42.67997],[20.08236,42.67964],[20.08604,42.67335],[20.08844,42.66885],[20.09011,42.66791],[20.09175,42.66739],[20.09363,42.66655],[20.09477,42.66626],[20.09555,42.66561],[20.09867,42.66389],[20.09918,42.66374],[20.10003,42.663],[20.10105,42.66264],[20.10481,42.66042],[20.10833,42.65864],[20.11198,42.65633],[20.11196,42.65539],[20.11289,42.65589],[20.11617,42.66148],[20.11895,42.66309],[20.12075,42.66241],[20.1313,42.65641],[20.13216,42.65616],[20.13475,42.65484],[20.13622,42.65495],[20.13709,42.65463],[20.13992,42.65451],[20.14133,42.65379],[20.14205,42.65359],[20.14333,42.65355],[20.14381,42.6534],[20.14408,42.65309],[20.14507,42.6528],[20.1476,42.65279],[20.14933,42.65236],[20.14993,42.65252],[20.15101,42.65203],[20.15263,42.65212],[20.15311,42.65192],[20.15468,42.65168],[20.15542,42.65185],[20.15603,42.65264],[20.15645,42.6529],[20.15738,42.65287],[20.15792,42.6526],[20.15836,42.6534],[20.15862,42.65335],[20.15885,42.65352],[20.15954,42.65338],[20.15974,42.6535],[20.16054,42.65285],[20.16244,42.65241],[20.16394,42.65279],[20.16443,42.65323],[20.16544,42.65248],[20.16748,42.65165],[20.17117,42.64934],[20.17299,42.64892],[20.17368,42.6483],[20.17388,42.64835],[20.17416,42.64877],[20.17459,42.6489],[20.17615,42.6489],[20.17643,42.6491],[20.18003,42.64951],[20.18078,42.64995],[20.1828,42.6503],[20.18328,42.65025],[20.18338,42.6505],[20.18377,42.65058],[20.18618,42.65193],[20.18745,42.65171],[20.1901,42.65084],[20.19212,42.65066],[20.19534,42.65082],[20.19579,42.65114],[20.19705,42.65137],[20.19854,42.65202],[20.19713,42.65023],[20.19564,42.6491],[20.19316,42.64567],[20.19276,42.64518],[20.19113,42.64392],[20.19043,42.64282],[20.18994,42.64155],[20.19013,42.64104],[20.18978,42.6397],[20.18992,42.63877],[20.18965,42.63821],[20.18938,42.63651],[20.18989,42.63365],[20.18967,42.63291],[20.1898,42.63235],[20.18886,42.63193],[20.18807,42.62927],[20.18721,42.62843],[20.18866,42.62831],[20.19023,42.62772],[20.19037,42.62749],[20.19,42.62716],[20.18991,42.62685],[20.19228,42.62647],[20.19275,42.6261],[20.19345,42.62619],[20.19583,42.62554],[20.19664,42.62561],[20.1983,42.62612],[20.19913,42.62615],[20.19919,42.62556],[20.19981,42.62507],[20.20146,42.62476],[20.20191,42.62486],[20.20348,42.62374],[20.20449,42.62281],[20.20464,42.62243],[20.20461,42.62154],[20.20488,42.62105],[20.20634,42.62016],[20.20654,42.61956],[20.2066,42.6184],[20.20735,42.6162],[20.20669,42.61525],[20.20608,42.6147],[20.20538,42.61464],[20.20467,42.61402],[20.20479,42.61373],[20.20506,42.61331],[20.20622,42.61242],[20.20659,42.61193],[20.20658,42.61145],[20.20697,42.61038],[20.20686,42.61021],[20.20807,42.60947],[20.20881,42.6087],[20.21096,42.60799],[20.21179,42.60794],[20.21263,42.60822],[20.2131,42.60796],[20.21345,42.60797],[20.21478,42.60822],[20.21504,42.60797],[20.21552,42.60818],[20.21629,42.6072],[20.21955,42.60734],[20.22302,42.60685],[20.22521,42.60601],[20.22551,42.60574],[20.22616,42.60586],[20.22737,42.60569],[20.22882,42.60582],[20.23215,42.60565],[20.23292,42.60541],[20.23391,42.60536],[20.23423,42.60548],[20.23545,42.60533],[20.23802,42.60546],[20.2387,42.60535],[20.23897,42.60506],[20.23946,42.60511],[20.23969,42.60482],[20.24089,42.60448],[20.24134,42.60446],[20.24235,42.605],[20.24376,42.60539],[20.24498,42.60601],[20.2532,42.60476],[20.25374,42.60494],[20.25422,42.60467],[20.2536,42.60444],[20.25338,42.60376],[20.25389,42.6032],[20.25401,42.6031],[20.25509,42.60328],[20.2557,42.60256],[20.25682,42.60225],[20.25685,42.60198],[20.25759,42.60168],[20.25755,42.60137],[20.25942,42.60206],[20.25993,42.60244],[20.26088,42.60268],[20.26154,42.60242],[20.26221,42.6018],[20.2629,42.60197],[20.26358,42.60179],[20.26393,42.60156],[20.26405,42.60113],[20.26488,42.60122],[20.26593,42.60057],[20.26656,42.60065],[20.2669,42.59962],[20.26802,42.59906],[20.26814,42.59869],[20.26977,42.59896],[20.26974,42.59858],[20.27051,42.59819],[20.2716,42.59709],[20.27276,42.59709],[20.27383,42.59655],[20.2749,42.59629],[20.27586,42.59562],[20.27727,42.59574],[20.2773,42.59551],[20.27759,42.59529],[20.27879,42.59473],[20.27918,42.59394],[20.27995,42.59343],[20.2805,42.59361],[20.28131,42.59339],[20.28404,42.5921],[20.28514,42.59187],[20.28638,42.59286],[20.28798,42.59361],[20.28731,42.59434],[20.28672,42.59429],[20.28638,42.59447],[20.28702,42.59501],[20.28726,42.59548],[20.28825,42.59569],[20.28851,42.59555],[20.29122,42.59618],[20.2917,42.59772],[20.29254,42.59766],[20.2928,42.59976],[20.29505,42.5993],[20.29645,42.59861],[20.297,42.59866],[20.29739,42.59882],[20.2978,42.59928],[20.29818,42.60095],[20.29862,42.60091],[20.29957,42.60039],[20.30081,42.6012],[20.30004,42.60158],[20.30084,42.60292],[20.3014,42.60302],[20.30509,42.60264],[20.30563,42.60357],[20.306,42.60388],[20.30711,42.60425],[20.30761,42.60408],[20.30817,42.60466],[20.30836,42.6052],[20.30773,42.6058],[20.30807,42.60683],[20.30697,42.60708],[20.30724,42.6065],[20.30611,42.60456],[20.3057,42.60459],[20.30519,42.60487],[20.30542,42.60664],[20.3057,42.60675],[20.30571,42.60711],[20.30594,42.60733],[20.30584,42.60763],[20.30602,42.60795],[20.3059,42.60814],[20.30613,42.60833],[20.30607,42.60859],[20.30725,42.6097],[20.30635,42.60971],[20.30641,42.61021],[20.30715,42.61075],[20.30718,42.6111],[20.3077,42.61117],[20.30786,42.61142],[20.30831,42.61155],[20.30829,42.61192],[20.30848,42.61207],[20.30835,42.61227],[20.3086,42.61249],[20.30884,42.61254],[20.31032,42.61146],[20.31147,42.6121],[20.3122,42.61216],[20.31391,42.61045],[20.31411,42.61003],[20.31419,42.60902],[20.31451,42.60841],[20.31501,42.60798],[20.31601,42.60748],[20.31717,42.60646],[20.31761,42.60576],[20.31751,42.60561],[20.31934,42.60397],[20.32065,42.60241],[20.32132,42.6011],[20.32157,42.60154],[20.32226,42.60165],[20.32288,42.60199],[20.32298,42.60233],[20.32429,42.60338],[20.32599,42.6029],[20.32737,42.60217],[20.32775,42.60284],[20.32787,42.60283],[20.32865,42.60226],[20.32897,42.60139],[20.32988,42.6011],[20.3327,42.59948],[20.33407,42.59789],[20.33539,42.59693],[20.33627,42.59584],[20.33692,42.59548],[20.33772,42.59415],[20.33831,42.59357],[20.34022,42.59286],[20.34274,42.59139],[20.34439,42.59082],[20.34421,42.59038],[20.34354,42.59],[20.34193,42.58956],[20.34125,42.58906],[20.33768,42.588],[20.33702,42.58696],[20.33708,42.58671],[20.33761,42.58621],[20.33768,42.58529],[20.33813,42.58477],[20.33817,42.58442],[20.33769,42.58389],[20.33761,42.58325],[20.33739,42.58288],[20.337,42.58259],[20.33643,42.58165],[20.33661,42.58144],[20.3373,42.58161],[20.3378,42.58112],[20.3389,42.58157],[20.33955,42.5821],[20.34092,42.58084],[20.34019,42.58032],[20.34012,42.57944],[20.3388,42.5792],[20.33871,42.57882],[20.3382,42.57852],[20.33863,42.57761],[20.33911,42.57571],[20.33935,42.57541],[20.33971,42.57557],[20.34048,42.57545],[20.3417,42.57196],[20.34199,42.5709],[20.34187,42.57084],[20.34483,42.57129],[20.34546,42.57156],[20.34678,42.57177],[20.35268,42.57197],[20.35461,42.57235],[20.35629,42.57242],[20.35707,42.5718],[20.35746,42.5706],[20.35844,42.56873],[20.35873,42.56857],[20.35982,42.56851],[20.36,42.5678],[20.36086,42.56746],[20.356,42.56524],[20.35486,42.56453],[20.3528,42.56381],[20.35233,42.56339],[20.35216,42.56368],[20.35179,42.5634],[20.35024,42.56302],[20.35064,42.56251],[20.35112,42.56128],[20.35139,42.56135],[20.35154,42.56092],[20.3516,42.55907],[20.35178,42.55882],[20.35203,42.55881],[20.35173,42.55865],[20.3518,42.55854],[20.35166,42.55842],[20.35182,42.557],[20.35211,42.55594],[20.35335,42.55582],[20.35459,42.55624],[20.3552,42.55614],[20.35565,42.5556],[20.35747,42.55506],[20.3582,42.55467],[20.35894,42.55405],[20.35941,42.55335],[20.3626,42.55285],[20.36378,42.55209],[20.3652,42.55188],[20.36891,42.55211],[20.37066,42.55182],[20.37146,42.55127],[20.37157,42.55165],[20.37238,42.55159],[20.37284,42.55206],[20.37342,42.55216],[20.37471,42.55288],[20.37508,42.55296],[20.37592,42.55272],[20.37634,42.55296],[20.37861,42.55334],[20.37997,42.55374],[20.38023,42.55406],[20.38168,42.55501],[20.38337,42.55568],[20.38375,42.55603],[20.38451,42.55601],[20.38514,42.55634],[20.38547,42.55699],[20.3863,42.55754],[20.38758,42.55805],[20.39,42.55832],[20.392,42.5589],[20.3927,42.55937],[20.39435,42.55963],[20.39523,42.56002],[20.39669,42.56114],[20.39882,42.56187],[20.39994,42.56203],[20.40049,42.56179],[20.40293,42.56134],[20.40371,42.56172],[20.40416,42.56173],[20.40415,42.562],[20.40482,42.56198],[20.40591,42.56166],[20.40647,42.56198],[20.40826,42.56199],[20.40944,42.56309],[20.40974,42.56306],[20.41008,42.56338],[20.41067,42.5636],[20.41118,42.56362],[20.4127,42.56311],[20.41396,42.56312],[20.41565,42.56253],[20.41559,42.56236],[20.4158,42.56207],[20.41664,42.56158],[20.41813,42.56134],[20.41823,42.56115],[20.4193,42.56069],[20.42154,42.56015],[20.42306,42.56015],[20.4237,42.56059],[20.42635,42.56051],[20.42684,42.56067],[20.42762,42.56151],[20.42824,42.56182],[20.42984,42.56177],[20.43276,42.56042],[20.43387,42.56079],[20.43464,42.56075],[20.43682,42.55993],[20.43939,42.56003],[20.44266,42.55923],[20.44503,42.55789],[20.4453,42.5579],[20.44827,42.55928],[20.45138,42.56026],[20.457,42.56065],[20.45854,42.56111],[20.46047,42.56135],[20.46264,42.56224],[20.46373,42.56228],[20.4648,42.56177],[20.46567,42.56165],[20.46832,42.563],[20.47032,42.56302],[20.47121,42.5628],[20.47199,42.56186],[20.47293,42.56163],[20.47578,42.56048],[20.4779,42.56083],[20.47849,42.56149],[20.47896,42.56159],[20.47943,42.56159],[20.47975,42.56129],[20.47977,42.56071],[20.48006,42.56048],[20.48317,42.5606],[20.48501,42.55998],[20.48603,42.56069],[20.48675,42.56098],[20.48729,42.56095],[20.48763,42.5607],[20.4873,42.55958],[20.48747,42.55933],[20.48939,42.55905],[20.48964,42.55871],[20.48965,42.5583],[20.48865,42.55753],[20.48784,42.55715],[20.48802,42.55667],[20.48862,42.55635],[20.49128,42.55677],[20.49233,42.5565],[20.4927,42.55509],[20.49255,42.5545],[20.49297,42.55331],[20.49366,42.5527],[20.49434,42.55243],[20.4957,42.5513],[20.49611,42.55125],[20.49684,42.55084],[20.49732,42.55095],[20.49776,42.55142],[20.50049,42.55146],[20.5009,42.55184],[20.50079,42.55226],[20.50121,42.55281],[20.5016,42.55297],[20.50406,42.55212],[20.50574,42.55216],[20.50747,42.55153],[20.50775,42.55107],[20.50749,42.54986],[20.50571,42.54901],[20.50635,42.5479],[20.50696,42.54745],[20.50805,42.54746],[20.50964,42.54782],[20.51014,42.54769],[20.51232,42.54605],[20.51256,42.54571],[20.51247,42.54507],[20.51261,42.54472],[20.51307,42.54462],[20.51495,42.54626],[20.51535,42.54642],[20.5158,42.54636],[20.51625,42.5458],[20.51659,42.54598],[20.51718,42.54771],[20.51832,42.54814],[20.51852,42.54844],[20.5204,42.54971],[20.52145,42.55093],[20.52217,42.55149],[20.52339,42.5533],[20.52234,42.55464],[20.52126,42.55515],[20.52025,42.55607],[20.51857,42.55982],[20.51734,42.56102],[20.51591,42.5615],[20.51555,42.56179],[20.51544,42.56319],[20.51572,42.56426],[20.51595,42.56623],[20.51586,42.56652],[20.5153,42.56693],[20.51434,42.56727],[20.5137,42.56786],[20.51264,42.56823],[20.51055,42.56836],[20.50878,42.56915],[20.50823,42.56982],[20.50799,42.57042],[20.50833,42.5722],[20.50815,42.57321],[20.50719,42.57428],[20.50618,42.5746],[20.50303,42.57605],[20.5007,42.57659],[20.5002,42.57699],[20.49993,42.57756],[20.50002,42.57795],[20.49863,42.57859],[20.49711,42.57892],[20.49606,42.57892],[20.49633,42.57922],[20.49643,42.57949],[20.49632,42.57958],[20.49495,42.57965],[20.49414,42.57991],[20.49317,42.58116],[20.49264,42.5815],[20.49127,42.58172],[20.49057,42.58214],[20.49061,42.58252],[20.49009,42.58401],[20.48947,42.5846],[20.48964,42.58526],[20.48962,42.5868],[20.4893,42.58765],[20.49023,42.5883],[20.4904,42.58972],[20.49031,42.59166],[20.49001,42.59213],[20.48938,42.59246],[20.48857,42.5932],[20.48765,42.59364],[20.48673,42.59376],[20.48476,42.59347],[20.48289,42.59343],[20.48141,42.59423],[20.47879,42.59371],[20.47749,42.59382],[20.4762,42.59434],[20.47184,42.594],[20.47206,42.59545],[20.47274,42.59733],[20.47274,42.59773],[20.47643,42.60034],[20.47641,42.6013],[20.4762,42.60209],[20.47468,42.60535],[20.47503,42.60601],[20.47495,42.60658],[20.47366,42.60785],[20.47457,42.60946],[20.47421,42.60958],[20.47483,42.61095],[20.47487,42.61164],[20.47472,42.61212],[20.47334,42.61291],[20.473,42.61335],[20.47374,42.61354],[20.4743,42.61388],[20.47459,42.61444],[20.47451,42.61466],[20.47262,42.61519],[20.47213,42.61586],[20.47282,42.61666],[20.47315,42.61672],[20.47305,42.61708],[20.47064,42.61767],[20.47107,42.61829],[20.47218,42.61908],[20.47166,42.61953],[20.47165,42.61986],[20.47213,42.62086],[20.472,42.62118],[20.47315,42.62114],[20.47441,42.62082],[20.47501,42.62186],[20.47519,42.6219],[20.47532,42.62168],[20.47588,42.62159],[20.47623,42.62134],[20.47626,42.62098],[20.47675,42.6211],[20.47698,42.62182],[20.47784,42.62327],[20.47843,42.62317],[20.48111,42.62515],[20.48131,42.6256],[20.48179,42.62602],[20.48234,42.6271],[20.48394,42.62808],[20.48417,42.62838],[20.48424,42.62879],[20.48469,42.62938],[20.48613,42.63235],[20.48715,42.63585],[20.4878,42.63704],[20.48858,42.63756],[20.49061,42.6385],[20.49195,42.6395],[20.49262,42.6404],[20.4929,42.6414],[20.49427,42.64348],[20.49464,42.64351],[20.49631,42.64482],[20.49592,42.64476],[20.4958,42.64525],[20.49435,42.64595],[20.49297,42.64621],[20.49133,42.64624],[20.48754,42.64472],[20.48726,42.64508],[20.48724,42.64581],[20.48382,42.64961],[20.48371,42.65042],[20.48438,42.65071],[20.48428,42.65083],[20.48325,42.65055],[20.48126,42.65215],[20.481,42.65257],[20.48083,42.65351],[20.48006,42.65437],[20.48035,42.65498],[20.48023,42.65577],[20.47993,42.65589],[20.47968,42.65665],[20.47906,42.65725],[20.47847,42.65828],[20.47812,42.65842],[20.47682,42.65844],[20.47486,42.65966],[20.4725,42.65932],[20.47147,42.65892],[20.47015,42.66015],[20.46976,42.66172],[20.46884,42.66236],[20.46845,42.6633],[20.46784,42.6658],[20.46792,42.6694],[20.46867,42.6709],[20.46925,42.67274],[20.46861,42.67364],[20.46953,42.67392],[20.46883,42.67397],[20.46868,42.67412],[20.46802,42.67399],[20.46757,42.67429],[20.46795,42.67449],[20.468,42.67486],[20.46788,42.67496],[20.46802,42.675],[20.46822,42.67557],[20.46876,42.6756],[20.46908,42.67582],[20.46947,42.67569],[20.46971,42.67581],[20.47036,42.67681],[20.46969,42.67737],[20.46794,42.6779],[20.46791,42.67761],[20.46733,42.67767],[20.46686,42.67739],[20.4668,42.67768],[20.46655,42.67782],[20.46618,42.67772],[20.46488,42.67798],[20.46416,42.67787],[20.46485,42.68048],[20.46488,42.68123],[20.46473,42.68138],[20.46583,42.6814],[20.46614,42.68164],[20.46686,42.68164],[20.46655,42.68186],[20.46676,42.68233],[20.46613,42.68244],[20.46626,42.68278],[20.46612,42.68293],[20.46567,42.68305],[20.46507,42.68226],[20.46463,42.68229],[20.46386,42.68277],[20.4644,42.68329],[20.46436,42.68356],[20.46337,42.68369],[20.46245,42.68346],[20.46178,42.68311],[20.46145,42.68274],[20.46038,42.68331],[20.46124,42.68434],[20.46044,42.68437],[20.46026,42.68452],[20.46015,42.68493],[20.45912,42.68596],[20.45933,42.6864],[20.45804,42.68713],[20.45769,42.68706],[20.45689,42.68758],[20.4557,42.68785],[20.45432,42.68735],[20.45339,42.68676],[20.45361,42.68621],[20.45344,42.68532],[20.45159,42.68492],[20.45117,42.68436],[20.44975,42.68427],[20.44917,42.6844],[20.44815,42.68418],[20.4482,42.68491],[20.44759,42.68574],[20.44807,42.68687],[20.44809,42.68756],[20.44629,42.68745],[20.44609,42.68751],[20.44629,42.68758],[20.44614,42.68764],[20.44622,42.68781],[20.44588,42.68799],[20.44491,42.68802],[20.44463,42.68852],[20.44417,42.68873],[20.4445,42.68991],[20.44369,42.68983],[20.44252,42.68998],[20.44154,42.68967],[20.44134,42.68942],[20.44111,42.68956],[20.44086,42.68936],[20.43986,42.68963],[20.43937,42.68939],[20.43916,42.68977],[20.4381,42.68945],[20.43814,42.68923],[20.43763,42.68905],[20.43765,42.68889],[20.43718,42.68861],[20.43787,42.68864],[20.43886,42.68841],[20.43969,42.68781],[20.44092,42.6878],[20.44033,42.68716],[20.43658,42.68749],[20.43694,42.68702],[20.43685,42.68673],[20.43596,42.68656],[20.43546,42.68667],[20.43272,42.68805],[20.43226,42.68794],[20.4319,42.68651],[20.43107,42.68664],[20.42984,42.68634],[20.42832,42.68668],[20.42781,42.68639],[20.42709,42.68628],[20.42655,42.68668],[20.42577,42.68682],[20.42364,42.6868],[20.42263,42.68647],[20.422,42.68705],[20.42079,42.68699],[20.42053,42.68664],[20.42014,42.6872],[20.41984,42.68737],[20.41941,42.6874],[20.41891,42.68768],[20.41824,42.68761],[20.41782,42.68775],[20.41721,42.68847],[20.41563,42.68794],[20.41539,42.68799],[20.4153,42.68824],[20.41543,42.68853],[20.4148,42.68883],[20.41434,42.68856],[20.41329,42.68854],[20.41234,42.68826],[20.41126,42.68856],[20.41093,42.68842],[20.41058,42.6879],[20.41014,42.68777],[20.40945,42.68838],[20.40826,42.68844],[20.40774,42.68821],[20.40734,42.68858],[20.40691,42.68869],[20.40432,42.68832],[20.40376,42.68877],[20.40265,42.6892],[20.40255,42.68943],[20.4016,42.68988],[20.39921,42.69009],[20.39762,42.68981],[20.39653,42.69029],[20.39571,42.69028],[20.39534,42.69047],[20.39493,42.69136],[20.39434,42.6919],[20.39428,42.69238],[20.39453,42.69273],[20.39444,42.69286],[20.39285,42.69318],[20.39272,42.69339],[20.39279,42.69385],[20.39247,42.69439],[20.39215,42.69551],[20.39288,42.69655],[20.39272,42.697],[20.39209,42.69754],[20.39213,42.69793],[20.3926,42.69882],[20.39192,42.69973],[20.39105,42.7002],[20.38995,42.70018],[20.38875,42.70091],[20.38845,42.70167],[20.38781,42.70204],[20.38755,42.70271],[20.3869,42.70351],[20.38594,42.7042],[20.38531,42.70433],[20.38466,42.705],[20.38408,42.70486],[20.3841,42.70539],[20.38444,42.70597],[20.38439,42.70622],[20.38255,42.70684],[20.38242,42.70741],[20.38163,42.70807],[20.38104,42.70886],[20.38053,42.70917],[20.37965,42.70935],[20.37884,42.71041],[20.37761,42.71097],[20.37737,42.71122],[20.37727,42.7119],[20.3771,42.71204],[20.37625,42.71211],[20.37562,42.71169],[20.37517,42.71182],[20.37433,42.71248],[20.37287,42.71297],[20.37217,42.71383],[20.37151,42.71431],[20.36949,42.71404],[20.36883,42.71407],[20.36777,42.71445],[20.36725,42.71494],[20.36741,42.71547],[20.36732,42.71575],[20.36593,42.71595],[20.36523,42.71657],[20.36433,42.71664],[20.36341,42.71744],[20.36236,42.71779],[20.36228,42.71885],[20.36179,42.71914],[20.35901,42.71874],[20.35842,42.71888],[20.35836,42.71932],[20.35889,42.71984],[20.35892,42.72031],[20.35865,42.72098],[20.35786,42.72191],[20.35712,42.72234],[20.35657,42.72243],[20.35545,42.72217],[20.35447,42.72281],[20.35345,42.72299],[20.35296,42.72339],[20.35251,42.72347],[20.35125,42.72316],[20.3507,42.72266],[20.34976,42.72267],[20.34788,42.72363],[20.34764,42.72495],[20.34739,42.72552],[20.34608,42.72579],[20.34577,42.72602],[20.34537,42.72689],[20.34439,42.72741],[20.34429,42.72832],[20.34264,42.72859],[20.34164,42.72909],[20.34149,42.72974],[20.34207,42.7306],[20.34198,42.73101],[20.34139,42.7316],[20.34163,42.73176],[20.34172,42.7321],[20.34252,42.73273],[20.34335,42.73297],[20.34565,42.7326],[20.3464,42.73313],[20.34649,42.73349],[20.34634,42.734],[20.34594,42.73431],[20.34574,42.73493],[20.34594,42.7353],[20.34726,42.73637],[20.3474,42.73678],[20.34557,42.73892],[20.34496,42.7395],[20.34438,42.73979],[20.34746,42.74287],[20.34761,42.74386],[20.34751,42.74465],[20.34735,42.74549],[20.34701,42.74591],[20.34561,42.74575],[20.34556,42.74596],[20.3454,42.74597],[20.34486,42.74577],[20.34446,42.74633],[20.34439,42.74688],[20.34408,42.74686],[20.34388,42.74736],[20.34351,42.74757],[20.34354,42.74773],[20.34276,42.74873],[20.34282,42.74924],[20.34255,42.7494],[20.3412,42.7512],[20.34054,42.7523],[20.34042,42.75308],[20.33936,42.7549],[20.33859,42.75674],[20.33853,42.7577],[20.33737,42.76093],[20.33732,42.76191],[20.33824,42.76284],[20.33809,42.76351],[20.33839,42.76391],[20.3385,42.76452],[20.33813,42.76502],[20.33725,42.76532],[20.33699,42.76593],[20.33602,42.7664],[20.33567,42.76715],[20.33464,42.76839],[20.33464,42.76877],[20.33436,42.76928],[20.33477,42.7711],[20.3351,42.77141],[20.33492,42.77284],[20.33438,42.77384],[20.33536,42.77673],[20.33535,42.77716],[20.33485,42.77786],[20.33592,42.77785],[20.33587,42.7783],[20.33629,42.77844],[20.33636,42.77881],[20.33605,42.77887],[20.33548,42.7796],[20.33597,42.77941],[20.33585,42.7805],[20.33492,42.78141],[20.33464,42.78138],[20.335,42.78186],[20.33501,42.78242],[20.33435,42.7832],[20.33469,42.78345],[20.33459,42.78364],[20.33535,42.79336],[20.33556,42.79463],[20.3361,42.79535],[20.33621,42.79587],[20.3366,42.79624],[20.33649,42.79841],[20.3382,42.80129],[20.33927,42.80389],[20.34048,42.8057],[20.34095,42.81237],[20.33747,42.81506],[20.33497,42.82022],[20.33297,42.82364],[20.33066,42.82425],[20.3259,42.82495],[20.32463,42.82544],[20.32004,42.82605]]]}},{"type":"Feature","properties":{"name":"Podujevë","slug":"podujeve","sourceName":"Podujevë"},"geometry":{"type":"Polygon","coordinates":[[[21.44995,42.74976],[21.44756,42.74973],[21.44437,42.74791],[21.44249,42.74714],[21.44096,42.74876],[21.43785,42.74819],[21.43584,42.74811],[21.43456,42.7475],[21.43169,42.74818],[21.42691,42.74588],[21.42125,42.74635],[21.42039,42.74619],[21.41778,42.74421],[21.415,42.7462],[21.41023,42.74387],[21.40908,42.74374],[21.4083,42.74343],[21.40571,42.74377],[21.40489,42.74416],[21.40461,42.744],[21.40453,42.74363],[21.40373,42.74338],[21.40149,42.74449],[21.39837,42.7446],[21.39729,42.74706],[21.39493,42.74946],[21.39436,42.75185],[21.39422,42.75415],[21.39436,42.75764],[21.39558,42.75771],[21.39654,42.75908],[21.39626,42.7612],[21.3974,42.76265],[21.39858,42.76383],[21.40042,42.76464],[21.40291,42.76695],[21.40409,42.76659],[21.4073,42.76663],[21.40795,42.7675],[21.40808,42.76905],[21.40866,42.77122],[21.4084,42.77179],[21.40928,42.77263],[21.4111,42.77605],[21.41048,42.77822],[21.41002,42.77878],[21.40903,42.77951],[21.40834,42.77975],[21.40779,42.78178],[21.40836,42.78268],[21.4095,42.78348],[21.4096,42.78384],[21.40919,42.78507],[21.40916,42.78587],[21.40819,42.78758],[21.4097,42.78897],[21.4107,42.78896],[21.41287,42.79021],[21.41204,42.79241],[21.41117,42.79287],[21.4098,42.79313],[21.40868,42.79309],[21.40835,42.79278],[21.40719,42.79289],[21.40634,42.7941],[21.40651,42.79681],[21.40714,42.79731],[21.40773,42.79745],[21.4077,42.79804],[21.40847,42.79993],[21.40899,42.80041],[21.40952,42.8021],[21.40952,42.80457],[21.41005,42.80531],[21.41098,42.80595],[21.41203,42.80643],[21.4138,42.8068],[21.41577,42.8062],[21.41797,42.80585],[21.4197,42.80573],[21.42252,42.8058],[21.4227,42.81056],[21.42461,42.81055],[21.42343,42.81154],[21.42199,42.81245],[21.42073,42.81439],[21.4195,42.81541],[21.41813,42.81695],[21.41781,42.81752],[21.41781,42.8185],[21.41822,42.81961],[21.41874,42.82027],[21.41856,42.82184],[21.41726,42.82388],[21.4171,42.8259],[21.41746,42.82721],[21.41831,42.8286],[21.41949,42.82973],[21.42137,42.83],[21.42341,42.83163],[21.42401,42.83262],[21.42383,42.83737],[21.42325,42.83966],[21.42349,42.84266],[21.42341,42.84453],[21.42308,42.84559],[21.42311,42.84625],[21.42345,42.84722],[21.42515,42.84736],[21.42724,42.84778],[21.42838,42.8497],[21.42932,42.84998],[21.43175,42.85021],[21.43694,42.85166],[21.43593,42.85692],[21.43545,42.85859],[21.43553,42.8609],[21.4358,42.8613],[21.43566,42.86192],[21.43605,42.86382],[21.43602,42.86472],[21.43424,42.86756],[21.43423,42.87009],[21.43513,42.87205],[21.43523,42.87287],[21.43011,42.87368],[21.42802,42.87444],[21.42674,42.87468],[21.42531,42.87451],[21.42352,42.87506],[21.42279,42.87483],[21.42207,42.87426],[21.41589,42.87518],[21.4139,42.87576],[21.41207,42.87422],[21.41145,42.87421],[21.41106,42.87441],[21.4089,42.8744],[21.40743,42.8738],[21.40656,42.8738],[21.40497,42.87504],[21.40289,42.87509],[21.40193,42.87495],[21.39959,42.87414],[21.39903,42.8735],[21.39442,42.87199],[21.39431,42.87051],[21.39594,42.86897],[21.3947,42.86795],[21.39214,42.86867],[21.38748,42.86692],[21.38545,42.86654],[21.38295,42.8701],[21.38024,42.87106],[21.37994,42.87288],[21.37641,42.87364],[21.37215,42.87367],[21.36967,42.87397],[21.36623,42.87172],[21.36513,42.87137],[21.36386,42.87163],[21.36268,42.87229],[21.36068,42.87284],[21.36067,42.87421],[21.36007,42.87469],[21.35876,42.87681],[21.35882,42.87735],[21.35647,42.87924],[21.35455,42.87923],[21.35374,42.87896],[21.35228,42.87933],[21.35177,42.8801],[21.35079,42.88055],[21.34988,42.88138],[21.34993,42.88232],[21.35068,42.88566],[21.35072,42.8864],[21.3505,42.88729],[21.35122,42.8878],[21.34993,42.88888],[21.3494,42.88988],[21.34732,42.89034],[21.34655,42.8907],[21.34553,42.89068],[21.34422,42.89125],[21.34389,42.89166],[21.34374,42.89317],[21.3443,42.89351],[21.3449,42.89352],[21.34528,42.89381],[21.34528,42.8947],[21.34473,42.8965],[21.34409,42.89694],[21.34384,42.8981],[21.34339,42.8988],[21.34199,42.90001],[21.33966,42.90078],[21.33799,42.89994],[21.33609,42.89928],[21.33394,42.90101],[21.33195,42.90238],[21.33079,42.90297],[21.32669,42.90292],[21.32366,42.90213],[21.3204,42.9025],[21.31792,42.90226],[21.31468,42.90239],[21.31245,42.90373],[21.31143,42.90417],[21.309,42.90396],[21.3081,42.90414],[21.30672,42.90476],[21.30443,42.9063],[21.30288,42.90506],[21.30249,42.90406],[21.30158,42.90251],[21.29922,42.90155],[21.29642,42.90257],[21.29215,42.90353],[21.29075,42.90276],[21.28853,42.90183],[21.28765,42.9017],[21.2865,42.90115],[21.28603,42.89947],[21.28209,42.89565],[21.28116,42.89529],[21.2773,42.89484],[21.27562,42.89479],[21.27414,42.89506],[21.27059,42.89755],[21.27092,42.8982],[21.27121,42.90014],[21.2712,42.90199],[21.26953,42.90675],[21.26953,42.90775],[21.26988,42.9094],[21.26978,42.91041],[21.2654,42.91269],[21.26384,42.91541],[21.26322,42.91571],[21.26143,42.91868],[21.25979,42.91938],[21.25859,42.92078],[21.25763,42.92256],[21.25643,42.92351],[21.25449,42.92587],[21.25321,42.92618],[21.25241,42.92719],[21.25216,42.92831],[21.25219,42.92901],[21.25092,42.93157],[21.24652,42.93306],[21.24528,42.93387],[21.245,42.93467],[21.24511,42.93786],[21.24488,42.93849],[21.24315,42.94051],[21.2417,42.94168],[21.23983,42.94402],[21.23968,42.94449],[21.23981,42.94535],[21.23945,42.94703],[21.23743,42.94999],[21.23588,42.95057],[21.23522,42.95219],[21.23471,42.95513],[21.23432,42.95644],[21.23435,42.95854],[21.23456,42.95971],[21.23596,42.96144],[21.23841,42.96326],[21.23984,42.96613],[21.23991,42.9676],[21.24026,42.96858],[21.24036,42.97014],[21.24126,42.97109],[21.24093,42.97355],[21.24044,42.97396],[21.24018,42.97486],[21.24309,42.97934],[21.24451,42.98055],[21.24448,42.98131],[21.24304,42.98383],[21.24191,42.98528],[21.2418,42.98623],[21.24019,42.98888],[21.23849,42.98999],[21.23864,42.99095],[21.23939,42.99198],[21.2385,42.99568],[21.23952,42.99697],[21.23946,42.99777],[21.23896,42.99778],[21.2386,42.99851],[21.23856,43.00066],[21.23883,43.00103],[21.23821,43.00142],[21.23873,43.00223],[21.2388,43.00281],[21.23864,43.00305],[21.23873,43.00596],[21.2377,43.00641],[21.23675,43.00787],[21.23641,43.00884],[21.23632,43.00969],[21.23586,43.01035],[21.23507,43.01035],[21.23361,43.00983],[21.23291,43.00985],[21.23278,43.01045],[21.23141,43.01208],[21.22986,43.01494],[21.22826,43.01613],[21.22754,43.01632],[21.22571,43.01782],[21.22563,43.01923],[21.22589,43.02061],[21.2257,43.02097],[21.22485,43.02107],[21.22344,43.02083],[21.22301,43.02036],[21.22237,43.02015],[21.22131,43.02083],[21.21704,43.02194],[21.21567,43.02167],[21.21372,43.02189],[21.21295,43.02228],[21.21293,43.0228],[21.20772,43.02437],[21.20665,43.02504],[21.20616,43.0251],[21.20502,43.02456],[21.20358,43.02455],[21.20211,43.02355],[21.20094,43.02327],[21.19881,43.02352],[21.19814,43.02385],[21.1977,43.02382],[21.19735,43.02351],[21.19734,43.02216],[21.19691,43.02166],[21.19646,43.02058],[21.19505,43.01858],[21.19453,43.01754],[21.19258,43.01604],[21.19237,43.01558],[21.19361,43.01239],[21.19417,43.00973],[21.19294,43.00818],[21.18887,43.00697],[21.18725,43.00602],[21.18064,43.00284],[21.17946,43.00201],[21.17835,43.00194],[21.17687,43.00131],[21.17543,43.0003],[21.17463,43.00097],[21.17308,43.00078],[21.17137,43.00115],[21.1723,43.00269],[21.1722,43.00383],[21.17108,43.00432],[21.16964,43.0045],[21.16918,43.00516],[21.1695,43.00563],[21.16936,43.00731],[21.16959,43.00748],[21.16959,43.00812],[21.16678,43.00983],[21.16588,43.0111],[21.16534,43.0129],[21.16472,43.01347],[21.16344,43.0153],[21.16345,43.01588],[21.16402,43.01645],[21.16481,43.01674],[21.16534,43.01744],[21.16543,43.01791],[21.16652,43.01887],[21.16724,43.02042],[21.16729,43.02072],[21.16665,43.02125],[21.16666,43.02169],[21.16692,43.02207],[21.16685,43.02496],[21.16634,43.02527],[21.16762,43.02656],[21.16771,43.02693],[21.16675,43.02852],[21.16616,43.02904],[21.16453,43.02941],[21.16279,43.02898],[21.15969,43.02903],[21.15911,43.02887],[21.1575,43.02972],[21.15587,43.03014],[21.15574,43.03414],[21.15412,43.03691],[21.15351,43.03736],[21.15354,43.0391],[21.15295,43.04028],[21.15223,43.04081],[21.15261,43.04348],[21.15322,43.0447],[21.15398,43.04569],[21.15273,43.0477],[21.15219,43.04934],[21.15219,43.05087],[21.1528,43.05177],[21.15269,43.05442],[21.15331,43.05735],[21.1529,43.0607],[21.15155,43.0624],[21.15113,43.06422],[21.14988,43.06627],[21.14994,43.06766],[21.14852,43.06808],[21.14742,43.06901],[21.14644,43.06933],[21.14665,43.07174],[21.14588,43.07203],[21.14459,43.07346],[21.14315,43.07408],[21.14365,43.07591],[21.14353,43.07658],[21.14085,43.07917],[21.14021,43.08126],[21.13949,43.08253],[21.1416,43.08357],[21.14149,43.0847],[21.14315,43.08606],[21.14366,43.08689],[21.14421,43.08722],[21.1463,43.08722],[21.14793,43.08839],[21.14954,43.09071],[21.14972,43.09177],[21.14853,43.09256],[21.14776,43.09533],[21.14688,43.09618],[21.14607,43.09765],[21.14508,43.10069],[21.14336,43.10214],[21.14321,43.10386],[21.14267,43.10406],[21.14128,43.10557],[21.14094,43.10959],[21.13906,43.11173],[21.1377,43.11273],[21.1369,43.11355],[21.13524,43.11387],[21.13418,43.11289],[21.13086,43.11181],[21.12606,43.11115],[21.12313,43.1118],[21.12046,43.11101],[21.11757,43.11088],[21.11676,43.11122],[21.11538,43.11369],[21.11369,43.11514],[21.1104,43.11739],[21.10724,43.1169],[21.10538,43.11824],[21.10531,43.12063],[21.10211,43.12588],[21.09901,43.12832],[21.09595,43.13027],[21.09452,43.1331],[21.09267,43.13461],[21.0919,43.13558],[21.0842,43.12997],[21.08314,43.12981],[21.08216,43.1289],[21.08164,43.12733],[21.08185,43.12491],[21.08263,43.12246],[21.08253,43.11968],[21.08289,43.11762],[21.08177,43.11679],[21.08048,43.11637],[21.07988,43.11481],[21.07583,43.11495],[21.07302,43.11424],[21.06877,43.11345],[21.06819,43.11311],[21.0683,43.11211],[21.06699,43.11035],[21.06563,43.10987],[21.0644,43.10988],[21.06257,43.10933],[21.05449,43.10748],[21.05378,43.1083],[21.05298,43.10848],[21.05197,43.10998],[21.05192,43.11033],[21.05109,43.11073],[21.05076,43.11159],[21.05012,43.1124],[21.04728,43.11258],[21.04642,43.11357],[21.04607,43.1143],[21.04298,43.11718],[21.04224,43.11841],[21.0406,43.11938],[21.03933,43.11984],[21.0369,43.12028],[21.03653,43.1211],[21.03514,43.12296],[21.03433,43.12287],[21.03439,43.12346],[21.03416,43.12403],[21.03186,43.12474],[21.031,43.12569],[21.03059,43.12703],[21.02864,43.12937],[21.0271,43.13012],[21.02645,43.13028],[21.02302,43.13028],[21.0217,43.1308],[21.02049,43.13082],[21.01905,43.13136],[21.01894,43.13217],[21.01826,43.13294],[21.01798,43.13363],[21.01733,43.13424],[21.01317,43.13451],[21.01128,43.13529],[21.00585,43.1353],[21.00427,43.13594],[21.00046,43.13808],[20.99891,43.13842],[21.00081,43.10195],[21.00281,43.10026],[21.00378,43.09812],[21.00494,43.09668],[21.00563,43.09389],[21.00533,43.09311],[21.00555,43.09254],[21.00546,43.09133],[21.00525,43.09089],[21.00546,43.08974],[21.00489,43.08802],[21.005,43.08719],[21.00549,43.08619],[21.00551,43.08497],[21.00528,43.08294],[21.00553,43.0819],[21.00529,43.08102],[21.00572,43.08017],[21.00532,43.07986],[21.005,43.07925],[21.00512,43.07848],[21.00569,43.07832],[21.00597,43.07797],[21.00632,43.07608],[21.00372,43.07404],[21.00272,43.07107],[21.00624,43.06972],[21.00749,43.06867],[21.00904,43.06809],[21.01279,43.06787],[21.01343,43.06696],[21.01264,43.06537],[21.01278,43.06414],[21.01268,43.06354],[21.01226,43.06286],[21.01221,43.06218],[21.01243,43.06159],[21.01295,43.06133],[21.01351,43.0601],[21.0139,43.05963],[21.01474,43.05942],[21.01453,43.0585],[21.01487,43.05804],[21.01617,43.05774],[21.01639,43.05781],[21.0167,43.05752],[21.01722,43.05744],[21.01887,43.05734],[21.0198,43.05747],[21.02051,43.05735],[21.02231,43.05431],[21.02288,43.05362],[21.02356,43.05349],[21.02512,43.05266],[21.02739,43.05091],[21.02835,43.04949],[21.02891,43.04898],[21.03099,43.04588],[21.0313,43.04381],[21.03112,43.04322],[21.03087,43.04307],[21.03049,43.04233],[21.03094,43.04097],[21.03083,43.0401],[21.03146,43.0396],[21.03179,43.0386],[21.0323,43.03775],[21.03284,43.03729],[21.03284,43.03699],[21.03262,43.03618],[21.0313,43.03375],[21.02992,43.0327],[21.02969,43.03238],[21.02972,43.03164],[21.02951,43.03124],[21.02912,43.03097],[21.03013,43.0312],[21.03056,43.03172],[21.0308,43.03176],[21.03257,43.03139],[21.03377,43.03141],[21.03477,43.03059],[21.03515,43.02987],[21.03581,43.02947],[21.03705,43.02909],[21.03777,43.02939],[21.03833,43.02934],[21.04171,43.02857],[21.04242,43.02751],[21.04297,43.02714],[21.04301,43.02668],[21.04348,43.02559],[21.04525,43.02393],[21.0458,43.02375],[21.04668,43.02378],[21.04742,43.02405],[21.04796,43.02445],[21.04833,43.02398],[21.04876,43.02416],[21.04948,43.02345],[21.04991,43.02328],[21.05186,43.02295],[21.05222,43.02251],[21.05398,43.0216],[21.05428,43.02169],[21.05461,43.02149],[21.05509,43.02106],[21.05621,43.0195],[21.05689,43.01897],[21.05689,43.01844],[21.05742,43.01767],[21.05855,43.01705],[21.059,43.01511],[21.05962,43.01408],[21.06,43.01294],[21.06143,43.0116],[21.06206,43.0106],[21.06339,43.00792],[21.064,43.00718],[21.06496,43.00544],[21.06576,43.00333],[21.06642,43.00227],[21.06805,42.9989],[21.06918,42.99754],[21.06975,42.99631],[21.07004,42.99621],[21.06987,42.99578],[21.07006,42.99538],[21.07151,42.99339],[21.07256,42.99316],[21.07314,42.99169],[21.07331,42.9905],[21.07367,42.9902],[21.07331,42.98907],[21.07327,42.98834],[21.07362,42.98751],[21.07493,42.98622],[21.07551,42.98489],[21.07665,42.98418],[21.07794,42.98292],[21.07793,42.98186],[21.07855,42.98101],[21.07806,42.97975],[21.07899,42.97945],[21.08045,42.97821],[21.08028,42.97757],[21.0796,42.97677],[21.07971,42.97634],[21.07944,42.97513],[21.08023,42.97477],[21.08048,42.97449],[21.08055,42.97391],[21.08178,42.97281],[21.08529,42.97084],[21.0858,42.97073],[21.08638,42.97083],[21.08652,42.97036],[21.08694,42.9676],[21.08668,42.96639],[21.08613,42.96541],[21.08472,42.96524],[21.08323,42.96459],[21.08314,42.96405],[21.08331,42.96335],[21.08304,42.96288],[21.08252,42.96252],[21.08226,42.96192],[21.08238,42.96146],[21.0843,42.95931],[21.08508,42.95782],[21.08453,42.95587],[21.08413,42.95526],[21.08358,42.95349],[21.08358,42.95143],[21.08313,42.95076],[21.08301,42.94944],[21.08199,42.94793],[21.08125,42.94737],[21.08086,42.94684],[21.0805,42.94322],[21.0808,42.94247],[21.08155,42.94213],[21.08025,42.9416],[21.08054,42.94082],[21.08123,42.93977],[21.08059,42.9395],[21.08016,42.93823],[21.07954,42.93781],[21.07936,42.93735],[21.07813,42.93709],[21.07786,42.93658],[21.0775,42.93645],[21.07703,42.93503],[21.07745,42.93423],[21.07739,42.9335],[21.07777,42.93294],[21.07765,42.93249],[21.07773,42.93197],[21.07742,42.93149],[21.07546,42.93061],[21.07415,42.92964],[21.07402,42.92893],[21.07412,42.92819],[21.0729,42.92483],[21.06955,42.92287],[21.0687,42.92286],[21.06877,42.92222],[21.06932,42.92163],[21.06914,42.92124],[21.0692,42.9209],[21.06887,42.92028],[21.06934,42.91968],[21.06901,42.91903],[21.06904,42.91838],[21.06919,42.91783],[21.0702,42.91718],[21.0699,42.91651],[21.07002,42.91548],[21.06963,42.91533],[21.06852,42.91539],[21.06815,42.91492],[21.06773,42.91477],[21.06782,42.91435],[21.06764,42.91426],[21.0673,42.91428],[21.06642,42.91521],[21.06458,42.91523],[21.06224,42.91568],[21.06014,42.91579],[21.05876,42.91466],[21.05809,42.91375],[21.05856,42.91259],[21.05836,42.91141],[21.06016,42.91048],[21.06048,42.90994],[21.06154,42.90923],[21.06213,42.90917],[21.06224,42.90883],[21.06115,42.90815],[21.06079,42.9076],[21.0606,42.90689],[21.05999,42.90598],[21.05921,42.90363],[21.05923,42.90272],[21.05946,42.90225],[21.06028,42.90177],[21.06103,42.90201],[21.06266,42.90136],[21.06352,42.9005],[21.06439,42.90017],[21.06598,42.89801],[21.06753,42.89693],[21.06882,42.89631],[21.06804,42.89552],[21.0689,42.89441],[21.06918,42.89364],[21.06975,42.89336],[21.07003,42.89268],[21.07,42.89217],[21.07066,42.89178],[21.07081,42.89139],[21.0718,42.89124],[21.07198,42.89074],[21.07276,42.89051],[21.07408,42.88972],[21.07469,42.88816],[21.07492,42.88658],[21.07472,42.88612],[21.0748,42.88548],[21.07338,42.88424],[21.07303,42.88373],[21.07297,42.88335],[21.07366,42.88228],[21.07496,42.88123],[21.07533,42.88053],[21.07485,42.87926],[21.0754,42.87887],[21.07563,42.87826],[21.07535,42.87735],[21.07566,42.87693],[21.07703,42.87579],[21.07686,42.87568],[21.07754,42.87516],[21.07785,42.87411],[21.07803,42.87323],[21.07807,42.87131],[21.07727,42.86907],[21.07773,42.86635],[21.07884,42.86537],[21.08074,42.86423],[21.0818,42.86398],[21.08212,42.86356],[21.08147,42.86264],[21.0814,42.86214],[21.08074,42.86075],[21.07981,42.86015],[21.07912,42.8599],[21.07837,42.85902],[21.07832,42.85771],[21.07922,42.85658],[21.07929,42.85583],[21.07892,42.85529],[21.07938,42.8555],[21.08061,42.85505],[21.08109,42.85427],[21.08133,42.8529],[21.08164,42.85248],[21.08232,42.85188],[21.08318,42.85158],[21.08364,42.85119],[21.0846,42.85025],[21.08497,42.84931],[21.0849,42.84881],[21.08412,42.84705],[21.08425,42.8463],[21.08407,42.84589],[21.08254,42.84488],[21.08219,42.84408],[21.08314,42.84014],[21.08186,42.83756],[21.08293,42.83731],[21.08436,42.83872],[21.08494,42.83959],[21.08602,42.83953],[21.08643,42.83973],[21.08794,42.83981],[21.0892,42.8391],[21.09011,42.83825],[21.09206,42.83744],[21.09249,42.83701],[21.09321,42.83687],[21.09377,42.83654],[21.09499,42.83647],[21.09567,42.83626],[21.09745,42.83663],[21.09815,42.83646],[21.09877,42.83577],[21.09969,42.83354],[21.10237,42.83302],[21.10352,42.83143],[21.10454,42.83077],[21.10477,42.83012],[21.105,42.82992],[21.10668,42.82961],[21.10702,42.82942],[21.1073,42.82898],[21.10736,42.82786],[21.10842,42.82721],[21.10973,42.82692],[21.11139,42.82598],[21.1118,42.82547],[21.11239,42.82536],[21.11289,42.825],[21.11327,42.8244],[21.11327,42.82245],[21.11422,42.82015],[21.11501,42.81966],[21.11571,42.8188],[21.11616,42.81855],[21.11737,42.81705],[21.11754,42.81538],[21.11808,42.8146],[21.11926,42.81378],[21.11941,42.8134],[21.11941,42.81293],[21.11906,42.81262],[21.11886,42.812],[21.11761,42.81042],[21.11859,42.80963],[21.12001,42.80758],[21.1204,42.80635],[21.12033,42.80569],[21.12102,42.80507],[21.1216,42.80383],[21.11888,42.80143],[21.11879,42.80106],[21.11906,42.79999],[21.11982,42.79884],[21.11985,42.79855],[21.12018,42.79842],[21.12092,42.79848],[21.12159,42.79825],[21.1224,42.797],[21.12271,42.79599],[21.12264,42.79504],[21.12281,42.79368],[21.1231,42.79293],[21.12328,42.79258],[21.1242,42.79176],[21.12476,42.79148],[21.12584,42.78914],[21.12587,42.78832],[21.12636,42.78657],[21.12644,42.78526],[21.12669,42.78426],[21.12687,42.78453],[21.12718,42.78456],[21.12741,42.78324],[21.12841,42.78208],[21.12935,42.7814],[21.13049,42.78092],[21.13175,42.7809],[21.1332,42.78045],[21.1334,42.77975],[21.1327,42.77916],[21.13332,42.77873],[21.13338,42.77843],[21.13381,42.77827],[21.13385,42.77804],[21.13338,42.77684],[21.13421,42.77653],[21.13427,42.77592],[21.13476,42.77514],[21.13492,42.77501],[21.13808,42.77458],[21.14064,42.77487],[21.14079,42.7734],[21.14099,42.7734],[21.14095,42.77376],[21.14179,42.77425],[21.14208,42.77369],[21.14295,42.77389],[21.14369,42.77352],[21.14468,42.77356],[21.14517,42.77378],[21.14557,42.77429],[21.14586,42.77439],[21.14658,42.77397],[21.14723,42.7741],[21.14741,42.77444],[21.14693,42.7754],[21.14697,42.77578],[21.14621,42.77611],[21.14672,42.77709],[21.14805,42.77748],[21.14886,42.778],[21.15033,42.77779],[21.15154,42.77825],[21.15197,42.77886],[21.15181,42.77924],[21.15201,42.77961],[21.1529,42.77984],[21.15442,42.78105],[21.15477,42.78213],[21.1535,42.78323],[21.15362,42.78449],[21.15486,42.78525],[21.15711,42.78544],[21.15959,42.78661],[21.1614,42.78703],[21.16228,42.78748],[21.16258,42.78791],[21.16306,42.78823],[21.16307,42.78912],[21.16172,42.78958],[21.16175,42.79048],[21.16203,42.791],[21.16366,42.79094],[21.16449,42.79164],[21.16552,42.79153],[21.16584,42.79182],[21.16561,42.79279],[21.16505,42.79364],[21.16546,42.79495],[21.16483,42.79588],[21.16507,42.79618],[21.16595,42.79636],[21.16593,42.79656],[21.16553,42.79683],[21.16654,42.79749],[21.16619,42.7979],[21.16702,42.79834],[21.1676,42.79804],[21.1684,42.79808],[21.16859,42.797],[21.16776,42.79485],[21.16882,42.79488],[21.16914,42.79514],[21.16983,42.7951],[21.17036,42.79595],[21.17067,42.79607],[21.17175,42.79614],[21.17281,42.79567],[21.1741,42.79647],[21.17604,42.79612],[21.17663,42.79513],[21.18018,42.79594],[21.18126,42.79518],[21.1821,42.79351],[21.18264,42.7911],[21.18199,42.78922],[21.18152,42.78841],[21.18237,42.78648],[21.1822,42.78475],[21.18202,42.78466],[21.18191,42.78251],[21.18259,42.78157],[21.18267,42.78104],[21.18329,42.78012],[21.18374,42.77893],[21.18441,42.77836],[21.18501,42.77918],[21.18563,42.77849],[21.18627,42.77826],[21.1872,42.77843],[21.18842,42.77896],[21.18903,42.77943],[21.18963,42.77951],[21.19116,42.78046],[21.19276,42.78053],[21.19346,42.7808],[21.19363,42.78069],[21.19412,42.78085],[21.19519,42.78065],[21.196,42.7807],[21.19781,42.78108],[21.19786,42.78079],[21.19816,42.78058],[21.20147,42.77921],[21.20142,42.77844],[21.20333,42.77847],[21.20371,42.7761],[21.20427,42.77562],[21.20472,42.77567],[21.2053,42.77545],[21.20604,42.77554],[21.20639,42.77581],[21.20826,42.77637],[21.2098,42.77727],[21.20978,42.77705],[21.2108,42.77552],[21.21155,42.77267],[21.21367,42.773],[21.21516,42.77302],[21.21516,42.77269],[21.21573,42.77151],[21.21556,42.7686],[21.21474,42.76709],[21.21474,42.76687],[21.21502,42.76658],[21.21499,42.7659],[21.21396,42.76339],[21.21406,42.76272],[21.21427,42.76257],[21.21751,42.7638],[21.21966,42.7643],[21.21973,42.7649],[21.21926,42.76588],[21.21883,42.76734],[21.21889,42.76848],[21.21937,42.76964],[21.21948,42.77041],[21.22014,42.77109],[21.22084,42.77217],[21.22216,42.77327],[21.22238,42.77434],[21.22237,42.7755],[21.22284,42.77697],[21.22253,42.77876],[21.22225,42.77948],[21.22442,42.78078],[21.22724,42.78174],[21.22729,42.78214],[21.22748,42.78222],[21.22965,42.78222],[21.2313,42.78124],[21.23185,42.78048],[21.23334,42.77966],[21.2356,42.77927],[21.23813,42.77799],[21.23935,42.77764],[21.24022,42.77763],[21.24401,42.77693],[21.24445,42.77596],[21.2452,42.77548],[21.24641,42.77514],[21.24792,42.77418],[21.24911,42.77378],[21.24984,42.77328],[21.25099,42.77311],[21.25154,42.77372],[21.251,42.77469],[21.25101,42.775],[21.25179,42.77553],[21.25349,42.77726],[21.25237,42.77761],[21.25171,42.77804],[21.25103,42.77926],[21.25014,42.78037],[21.24914,42.78095],[21.24906,42.78123],[21.24788,42.7824],[21.24787,42.78289],[21.24884,42.78359],[21.24962,42.78528],[21.25013,42.78585],[21.25048,42.78676],[21.25087,42.78728],[21.25224,42.78808],[21.2507,42.78931],[21.24968,42.79088],[21.24984,42.79129],[21.2495,42.79247],[21.2507,42.79264],[21.25103,42.79247],[21.25245,42.79238],[21.25419,42.79252],[21.25474,42.79277],[21.25519,42.79248],[21.25593,42.79253],[21.2563,42.79217],[21.2572,42.79227],[21.25804,42.79193],[21.2588,42.79203],[21.26072,42.79184],[21.26087,42.7917],[21.26194,42.79166],[21.26209,42.7915],[21.26294,42.79192],[21.26441,42.79127],[21.26612,42.79109],[21.26629,42.79091],[21.2667,42.79094],[21.26775,42.79045],[21.26839,42.79049],[21.26904,42.79032],[21.26892,42.79107],[21.26824,42.79182],[21.26811,42.79281],[21.26769,42.79357],[21.26794,42.7943],[21.26861,42.79518],[21.26993,42.79601],[21.27098,42.79694],[21.27158,42.79788],[21.2718,42.79799],[21.2723,42.79781],[21.27467,42.7976],[21.27487,42.79798],[21.27682,42.79978],[21.27798,42.79899],[21.27907,42.79894],[21.27937,42.79959],[21.28144,42.7993],[21.28206,42.79889],[21.2822,42.79985],[21.28103,42.80089],[21.28088,42.80121],[21.28316,42.80136],[21.28519,42.80122],[21.28641,42.80141],[21.28694,42.80168],[21.28797,42.80237],[21.28786,42.80331],[21.28808,42.80442],[21.28894,42.80659],[21.28909,42.80775],[21.29065,42.80836],[21.29065,42.80884],[21.29108,42.80932],[21.29186,42.80932],[21.29365,42.80999],[21.29475,42.80986],[21.29567,42.80912],[21.29625,42.80793],[21.29711,42.807],[21.29979,42.80634],[21.30093,42.80548],[21.30254,42.80492],[21.30353,42.80497],[21.30457,42.80539],[21.30809,42.80546],[21.30815,42.80655],[21.30863,42.80723],[21.3093,42.80775],[21.3137,42.80887],[21.31494,42.80909],[21.31651,42.80906],[21.31781,42.80985],[21.31862,42.80996],[21.31996,42.81056],[21.321,42.81075],[21.32118,42.81098],[21.32114,42.81174],[21.3208,42.81247],[21.3207,42.81352],[21.32142,42.81463],[21.32279,42.81429],[21.32405,42.81458],[21.32592,42.81371],[21.3274,42.81123],[21.32804,42.81076],[21.3293,42.80822],[21.32983,42.8082],[21.33019,42.80794],[21.33044,42.80742],[21.33146,42.80616],[21.33395,42.80833],[21.33486,42.80778],[21.33596,42.8082],[21.33616,42.80743],[21.33652,42.80683],[21.33717,42.80688],[21.33839,42.80652],[21.33991,42.80642],[21.33968,42.80577],[21.33977,42.80549],[21.34093,42.80449],[21.3418,42.80434],[21.34299,42.80475],[21.34401,42.80477],[21.34429,42.80446],[21.34479,42.80358],[21.34443,42.80358],[21.34361,42.80269],[21.34379,42.80206],[21.34369,42.80106],[21.34429,42.80042],[21.34351,42.79962],[21.34433,42.79946],[21.34492,42.79899],[21.34531,42.79804],[21.34534,42.7974],[21.34476,42.79621],[21.34518,42.79516],[21.34553,42.79326],[21.34549,42.7924],[21.34538,42.79213],[21.34425,42.79117],[21.34359,42.78977],[21.34316,42.7898],[21.34286,42.78899],[21.34307,42.78873],[21.34333,42.78867],[21.34374,42.78897],[21.34548,42.78944],[21.34628,42.78898],[21.34811,42.78832],[21.35032,42.78775],[21.352,42.78787],[21.35341,42.78844],[21.35409,42.78834],[21.35437,42.78763],[21.3543,42.78693],[21.35448,42.7866],[21.35523,42.78638],[21.35649,42.78555],[21.35764,42.78517],[21.35871,42.78436],[21.35921,42.78368],[21.36027,42.78323],[21.36122,42.78311],[21.362,42.78239],[21.36336,42.78232],[21.36365,42.78207],[21.36506,42.78201],[21.36612,42.78246],[21.36652,42.78237],[21.36717,42.78264],[21.36911,42.78301],[21.36972,42.78248],[21.37103,42.78198],[21.37373,42.7817],[21.37544,42.78095],[21.37555,42.78053],[21.37605,42.77986],[21.37608,42.77935],[21.37833,42.77792],[21.38109,42.77747],[21.38215,42.77705],[21.3822,42.77646],[21.38252,42.77592],[21.38375,42.77481],[21.38545,42.7729],[21.3853,42.77055],[21.3851,42.77009],[21.3852,42.76914],[21.385,42.7689],[21.38499,42.76811],[21.38532,42.76729],[21.38496,42.76587],[21.38514,42.76535],[21.38499,42.76447],[21.3861,42.76373],[21.3863,42.76299],[21.38681,42.76265],[21.38789,42.7626],[21.38881,42.76216],[21.3897,42.76227],[21.39025,42.76175],[21.38982,42.76088],[21.39036,42.75883],[21.3882,42.7586],[21.38834,42.75794],[21.38759,42.75642],[21.38678,42.75544],[21.38766,42.75306],[21.38801,42.75131],[21.39101,42.74786],[21.3931,42.74711],[21.39483,42.74711],[21.39661,42.74496],[21.39743,42.74306],[21.39882,42.74309],[21.40056,42.74286],[21.40402,42.74157],[21.40611,42.74177],[21.40739,42.74227],[21.41265,42.74136],[21.41297,42.74156],[21.41507,42.74195],[21.41689,42.74292],[21.41845,42.74342],[21.41832,42.74361],[21.41975,42.74397],[21.42112,42.74275],[21.4215,42.74268],[21.4226,42.74197],[21.4238,42.74305],[21.42406,42.74298],[21.42437,42.74335],[21.42503,42.74332],[21.42509,42.7435],[21.42485,42.74402],[21.42595,42.74425],[21.42635,42.74406],[21.42717,42.74409],[21.43107,42.74344],[21.43529,42.74512],[21.43677,42.7459],[21.43777,42.7455],[21.43866,42.74552],[21.43871,42.74539],[21.43953,42.74528],[21.44018,42.74575],[21.4413,42.74592],[21.44244,42.74586],[21.44606,42.74667],[21.44758,42.74498],[21.44989,42.74581],[21.44995,42.74976]]]}},{"type":"Feature","properties":{"name":"Prishtinë","slug":"prishtine","sourceName":"Prishtinë"},"geometry":{"type":"MultiPolygon","coordinates":[[[[21.50637,42.73241],[21.50574,42.73235],[21.50376,42.73266],[21.50153,42.73324],[21.50136,42.73453],[21.49964,42.73571],[21.49839,42.73618],[21.49783,42.73768],[21.49518,42.73863],[21.49433,42.73959],[21.49327,42.74004],[21.49284,42.73995],[21.49191,42.74014],[21.4865,42.74171],[21.48523,42.74226],[21.48423,42.74387],[21.48339,42.74488],[21.48026,42.74637],[21.47955,42.74732],[21.47914,42.74748],[21.477,42.74747],[21.47568,42.74705],[21.47458,42.74623],[21.47299,42.74436],[21.47202,42.74216],[21.47135,42.74166],[21.4711,42.74104],[21.47068,42.74073],[21.47059,42.74016],[21.4702,42.73971],[21.46928,42.73922],[21.46882,42.73866],[21.46899,42.73755],[21.46849,42.73693],[21.46726,42.73615],[21.46518,42.73721],[21.46452,42.73804],[21.46308,42.73916],[21.46168,42.73948],[21.45737,42.74201],[21.45611,42.74214],[21.45457,42.74345],[21.45344,42.74379],[21.45176,42.74477],[21.45068,42.74724],[21.44995,42.74976],[21.44989,42.74581],[21.44758,42.74498],[21.44606,42.74667],[21.44244,42.74586],[21.4413,42.74592],[21.44018,42.74575],[21.43953,42.74528],[21.43871,42.74539],[21.43866,42.74552],[21.43777,42.7455],[21.43677,42.7459],[21.43529,42.74512],[21.43107,42.74344],[21.42717,42.74409],[21.42635,42.74406],[21.42595,42.74425],[21.42485,42.74402],[21.42509,42.7435],[21.42503,42.74332],[21.42437,42.74335],[21.42406,42.74298],[21.4238,42.74305],[21.4226,42.74197],[21.4215,42.74268],[21.42112,42.74275],[21.41975,42.74397],[21.41832,42.74361],[21.41845,42.74342],[21.41689,42.74292],[21.41507,42.74195],[21.41297,42.74156],[21.41265,42.74136],[21.40739,42.74227],[21.40611,42.74177],[21.40402,42.74157],[21.40056,42.74286],[21.39882,42.74309],[21.39743,42.74306],[21.39661,42.74496],[21.39483,42.74711],[21.3931,42.74711],[21.39101,42.74786],[21.38801,42.75131],[21.38766,42.75306],[21.38678,42.75544],[21.38759,42.75642],[21.38834,42.75794],[21.3882,42.7586],[21.39036,42.75883],[21.38982,42.76088],[21.39025,42.76175],[21.3897,42.76227],[21.38881,42.76216],[21.38789,42.7626],[21.38681,42.76265],[21.3863,42.76299],[21.3861,42.76373],[21.38499,42.76447],[21.38514,42.76535],[21.38496,42.76587],[21.38532,42.76729],[21.38499,42.76811],[21.385,42.7689],[21.3852,42.76914],[21.3851,42.77009],[21.3853,42.77055],[21.38545,42.7729],[21.38375,42.77481],[21.38252,42.77592],[21.3822,42.77646],[21.38215,42.77705],[21.38109,42.77747],[21.37833,42.77792],[21.37608,42.77935],[21.37605,42.77986],[21.37555,42.78053],[21.37544,42.78095],[21.37373,42.7817],[21.37103,42.78198],[21.36972,42.78248],[21.36911,42.78301],[21.36717,42.78264],[21.36652,42.78237],[21.36612,42.78246],[21.36506,42.78201],[21.36365,42.78207],[21.36336,42.78232],[21.362,42.78239],[21.36122,42.78311],[21.36027,42.78323],[21.35921,42.78368],[21.35871,42.78436],[21.35764,42.78517],[21.35649,42.78555],[21.35523,42.78638],[21.35448,42.7866],[21.3543,42.78693],[21.35437,42.78763],[21.35409,42.78834],[21.35341,42.78844],[21.352,42.78787],[21.35032,42.78775],[21.34811,42.78832],[21.34628,42.78898],[21.34548,42.78944],[21.34374,42.78897],[21.34333,42.78867],[21.34307,42.78873],[21.34286,42.78899],[21.34316,42.7898],[21.34359,42.78977],[21.34425,42.79117],[21.34538,42.79213],[21.34549,42.7924],[21.34553,42.79326],[21.34518,42.79516],[21.34476,42.79621],[21.34534,42.7974],[21.34531,42.79804],[21.34492,42.79899],[21.34433,42.79946],[21.34351,42.79962],[21.34429,42.80042],[21.34369,42.80106],[21.34379,42.80206],[21.34361,42.80269],[21.34443,42.80358],[21.34479,42.80358],[21.34429,42.80446],[21.34401,42.80477],[21.34299,42.80475],[21.3418,42.80434],[21.34093,42.80449],[21.33977,42.80549],[21.33968,42.80577],[21.33991,42.80642],[21.33839,42.80652],[21.33717,42.80688],[21.33652,42.80683],[21.33616,42.80743],[21.33596,42.8082],[21.33486,42.80778],[21.33395,42.80833],[21.33146,42.80616],[21.33044,42.80742],[21.33019,42.80794],[21.32983,42.8082],[21.3293,42.80822],[21.32804,42.81076],[21.3274,42.81123],[21.32592,42.81371],[21.32405,42.81458],[21.32279,42.81429],[21.32142,42.81463],[21.3207,42.81352],[21.3208,42.81247],[21.32114,42.81174],[21.32118,42.81098],[21.321,42.81075],[21.31996,42.81056],[21.31862,42.80996],[21.31781,42.80985],[21.31651,42.80906],[21.31494,42.80909],[21.3137,42.80887],[21.3093,42.80775],[21.30863,42.80723],[21.30815,42.80655],[21.30809,42.80546],[21.30457,42.80539],[21.30353,42.80497],[21.30254,42.80492],[21.30093,42.80548],[21.29979,42.80634],[21.29711,42.807],[21.29625,42.80793],[21.29567,42.80912],[21.29475,42.80986],[21.29365,42.80999],[21.29186,42.80932],[21.29108,42.80932],[21.29065,42.80884],[21.29065,42.80836],[21.28909,42.80775],[21.28894,42.80659],[21.28808,42.80442],[21.28786,42.80331],[21.28797,42.80237],[21.28694,42.80168],[21.28641,42.80141],[21.28519,42.80122],[21.28316,42.80136],[21.28088,42.80121],[21.28103,42.80089],[21.2822,42.79985],[21.28206,42.79889],[21.28144,42.7993],[21.27937,42.79959],[21.27907,42.79894],[21.27798,42.79899],[21.27682,42.79978],[21.27487,42.79798],[21.27467,42.7976],[21.2723,42.79781],[21.2718,42.79799],[21.27158,42.79788],[21.27098,42.79694],[21.26993,42.79601],[21.26861,42.79518],[21.26794,42.7943],[21.26769,42.79357],[21.26811,42.79281],[21.26824,42.79182],[21.26892,42.79107],[21.26904,42.79032],[21.26839,42.79049],[21.26775,42.79045],[21.2667,42.79094],[21.26629,42.79091],[21.26612,42.79109],[21.26441,42.79127],[21.26294,42.79192],[21.26209,42.7915],[21.26194,42.79166],[21.26087,42.7917],[21.26072,42.79184],[21.2588,42.79203],[21.25804,42.79193],[21.2572,42.79227],[21.2563,42.79217],[21.25593,42.79253],[21.25519,42.79248],[21.25474,42.79277],[21.25419,42.79252],[21.25245,42.79238],[21.25103,42.79247],[21.2507,42.79264],[21.2495,42.79247],[21.24984,42.79129],[21.24968,42.79088],[21.2507,42.78931],[21.25224,42.78808],[21.25087,42.78728],[21.25048,42.78676],[21.25013,42.78585],[21.24962,42.78528],[21.24884,42.78359],[21.24787,42.78289],[21.24788,42.7824],[21.24906,42.78123],[21.24914,42.78095],[21.25014,42.78037],[21.25103,42.77926],[21.25171,42.77804],[21.25237,42.77761],[21.25349,42.77726],[21.25179,42.77553],[21.25101,42.775],[21.251,42.77469],[21.25154,42.77372],[21.25099,42.77311],[21.24984,42.77328],[21.24911,42.77378],[21.24792,42.77418],[21.24641,42.77514],[21.2452,42.77548],[21.24445,42.77596],[21.24401,42.77693],[21.24022,42.77763],[21.23935,42.77764],[21.23813,42.77799],[21.2356,42.77927],[21.23334,42.77966],[21.23185,42.78048],[21.2313,42.78124],[21.22965,42.78222],[21.22748,42.78222],[21.22729,42.78214],[21.22724,42.78174],[21.22442,42.78078],[21.22225,42.77948],[21.22253,42.77876],[21.22284,42.77697],[21.22237,42.7755],[21.22238,42.77434],[21.22216,42.77327],[21.22084,42.77217],[21.22014,42.77109],[21.21948,42.77041],[21.21937,42.76964],[21.21889,42.76848],[21.21883,42.76734],[21.21926,42.76588],[21.21973,42.7649],[21.21966,42.7643],[21.21751,42.7638],[21.21427,42.76257],[21.21406,42.76272],[21.21396,42.76339],[21.21499,42.7659],[21.21502,42.76658],[21.21474,42.76687],[21.21474,42.76709],[21.21556,42.7686],[21.21573,42.77151],[21.21516,42.77269],[21.21516,42.77302],[21.21367,42.773],[21.21155,42.77267],[21.2108,42.77552],[21.20978,42.77705],[21.2098,42.77727],[21.20826,42.77637],[21.20639,42.77581],[21.20604,42.77554],[21.2053,42.77545],[21.20472,42.77567],[21.20427,42.77562],[21.20371,42.7761],[21.20333,42.77847],[21.20142,42.77844],[21.20147,42.77921],[21.19816,42.78058],[21.19786,42.78079],[21.19781,42.78108],[21.196,42.7807],[21.19519,42.78065],[21.19412,42.78085],[21.19363,42.78069],[21.19346,42.7808],[21.19276,42.78053],[21.19116,42.78046],[21.18963,42.77951],[21.18903,42.77943],[21.18842,42.77896],[21.1872,42.77843],[21.18627,42.77826],[21.18563,42.77849],[21.18501,42.77918],[21.18441,42.77836],[21.18374,42.77893],[21.18329,42.78012],[21.18267,42.78104],[21.18259,42.78157],[21.18191,42.78251],[21.18202,42.78466],[21.1822,42.78475],[21.18237,42.78648],[21.18152,42.78841],[21.18199,42.78922],[21.18264,42.7911],[21.1821,42.79351],[21.18126,42.79518],[21.18018,42.79594],[21.17663,42.79513],[21.17604,42.79612],[21.1741,42.79647],[21.17281,42.79567],[21.17175,42.79614],[21.17067,42.79607],[21.17036,42.79595],[21.16983,42.7951],[21.16914,42.79514],[21.16882,42.79488],[21.16776,42.79485],[21.16859,42.797],[21.1684,42.79808],[21.1676,42.79804],[21.16702,42.79834],[21.16619,42.7979],[21.16654,42.79749],[21.16553,42.79683],[21.16593,42.79656],[21.16595,42.79636],[21.16507,42.79618],[21.16483,42.79588],[21.16546,42.79495],[21.16505,42.79364],[21.16561,42.79279],[21.16584,42.79182],[21.16552,42.79153],[21.16449,42.79164],[21.16366,42.79094],[21.16203,42.791],[21.16175,42.79048],[21.16172,42.78958],[21.16307,42.78912],[21.16306,42.78823],[21.16258,42.78791],[21.16228,42.78748],[21.1614,42.78703],[21.15959,42.78661],[21.15711,42.78544],[21.15486,42.78525],[21.15362,42.78449],[21.1535,42.78323],[21.15477,42.78213],[21.15442,42.78105],[21.1529,42.77984],[21.15201,42.77961],[21.15181,42.77924],[21.15197,42.77886],[21.15154,42.77825],[21.15033,42.77779],[21.14886,42.778],[21.14805,42.77748],[21.14672,42.77709],[21.14621,42.77611],[21.14697,42.77578],[21.14693,42.7754],[21.14741,42.77444],[21.14723,42.7741],[21.14658,42.77397],[21.14586,42.77439],[21.14557,42.77429],[21.14517,42.77378],[21.14468,42.77356],[21.14369,42.77352],[21.14295,42.77389],[21.14208,42.77369],[21.14179,42.77425],[21.14095,42.77376],[21.14099,42.7734],[21.14079,42.7734],[21.14064,42.77487],[21.13808,42.77458],[21.13492,42.77501],[21.13427,42.77592],[21.13421,42.77653],[21.13338,42.77684],[21.13385,42.77804],[21.13381,42.77827],[21.13338,42.77843],[21.13332,42.77873],[21.1327,42.77916],[21.1334,42.77975],[21.1332,42.78045],[21.13175,42.7809],[21.13049,42.78092],[21.12935,42.7814],[21.12841,42.78208],[21.12741,42.78324],[21.12718,42.78456],[21.12687,42.78453],[21.12669,42.78426],[21.12632,42.78661],[21.12324,42.78531],[21.12253,42.78481],[21.12249,42.78418],[21.12157,42.78272],[21.118,42.78024],[21.11739,42.7796],[21.1163,42.77884],[21.11564,42.7781],[21.11431,42.77596],[21.11165,42.77282],[21.11072,42.77052],[21.11066,42.76979],[21.11023,42.76872],[21.11026,42.76778],[21.10998,42.76646],[21.10936,42.76561],[21.10848,42.76503],[21.10693,42.76442],[21.10527,42.76271],[21.10454,42.76272],[21.10225,42.76347],[21.10191,42.76321],[21.10074,42.76298],[21.10077,42.76278],[21.09989,42.76249],[21.09923,42.7619],[21.09888,42.7622],[21.09855,42.76199],[21.09795,42.76063],[21.10077,42.75987],[21.09914,42.75905],[21.09881,42.75791],[21.09682,42.75474],[21.09571,42.75172],[21.09506,42.7512],[21.09449,42.75181],[21.09422,42.75165],[21.09245,42.74929],[21.09352,42.74691],[21.0935,42.74647],[21.09397,42.74589],[21.09403,42.74502],[21.09493,42.74309],[21.0951,42.74126],[21.09557,42.74004],[21.09789,42.73624],[21.09755,42.73602],[21.09858,42.73352],[21.09847,42.73261],[21.10052,42.7315],[21.10099,42.73094],[21.10151,42.73101],[21.10174,42.73072],[21.10156,42.73032],[21.10176,42.72965],[21.10272,42.72994],[21.10347,42.72973],[21.10414,42.73024],[21.10426,42.72986],[21.10443,42.73013],[21.10737,42.72819],[21.10897,42.72748],[21.11158,42.72931],[21.11225,42.72889],[21.11122,42.72785],[21.10874,42.727],[21.10976,42.72623],[21.11123,42.7255],[21.11085,42.72524],[21.11097,42.72518],[21.1145,42.72411],[21.11467,42.72425],[21.1176,42.72332],[21.11747,42.72294],[21.11754,42.71902],[21.1163,42.71795],[21.11534,42.71687],[21.11573,42.71669],[21.11579,42.71639],[21.11513,42.71628],[21.11251,42.71385],[21.11286,42.71358],[21.10941,42.71015],[21.10855,42.70874],[21.11072,42.7075],[21.11105,42.70774],[21.11247,42.70709],[21.11195,42.70665],[21.11216,42.70651],[21.11227,42.7058],[21.11264,42.70574],[21.11448,42.70473],[21.11427,42.70446],[21.11469,42.70415],[21.11463,42.70406],[21.11487,42.70403],[21.11479,42.70385],[21.11538,42.7033],[21.11585,42.70251],[21.11609,42.70239],[21.11677,42.70252],[21.11663,42.70409],[21.11702,42.70405],[21.11721,42.70487],[21.1162,42.7049],[21.11632,42.70548],[21.11712,42.70654],[21.1181,42.7071],[21.11905,42.70645],[21.12272,42.70832],[21.12439,42.70687],[21.12533,42.70543],[21.12556,42.70475],[21.12626,42.7036],[21.12699,42.70135],[21.1295,42.69937],[21.13086,42.69858],[21.12911,42.69861],[21.1269,42.69772],[21.1252,42.69757],[21.12443,42.698],[21.12337,42.69896],[21.12108,42.69998],[21.11956,42.70177],[21.11796,42.70185],[21.11724,42.70208],[21.1156,42.7019],[21.11676,42.69971],[21.11566,42.69932],[21.11686,42.69735],[21.11555,42.69648],[21.122,42.68995],[21.13081,42.68896],[21.13256,42.68834],[21.13335,42.6871],[21.13365,42.68543],[21.13089,42.68307],[21.131,42.68296],[21.1289,42.67721],[21.12627,42.67409],[21.12337,42.67118],[21.12201,42.67047],[21.12176,42.67017],[21.12145,42.67019],[21.12134,42.67001],[21.11791,42.67134],[21.11767,42.66831],[21.11751,42.66831],[21.1183,42.66626],[21.11679,42.66591],[21.11659,42.66068],[21.1209,42.66043],[21.1233,42.65373],[21.12344,42.65236],[21.12283,42.65223],[21.11528,42.64825],[21.10886,42.64683],[21.10967,42.64401],[21.11186,42.6442],[21.11196,42.64282],[21.11177,42.64276],[21.11213,42.64211],[21.11185,42.64202],[21.11378,42.63863],[21.11455,42.63891],[21.11488,42.63945],[21.11553,42.63982],[21.11887,42.64073],[21.12259,42.64067],[21.12396,42.64054],[21.12557,42.64017],[21.12629,42.64022],[21.12892,42.64065],[21.12909,42.64091],[21.12986,42.64118],[21.13179,42.6415],[21.13189,42.64165],[21.13455,42.64233],[21.135,42.64229],[21.13584,42.64187],[21.13605,42.64148],[21.13366,42.6397],[21.13532,42.63826],[21.13318,42.6379],[21.13062,42.63723],[21.12858,42.63597],[21.12467,42.63402],[21.12255,42.63352],[21.12346,42.63115],[21.12334,42.63095],[21.12372,42.6305],[21.12587,42.63009],[21.12626,42.62971],[21.12578,42.6295],[21.12652,42.6286],[21.12798,42.62775],[21.12828,42.62821],[21.12869,42.62808],[21.12845,42.62746],[21.12966,42.62699],[21.12925,42.62638],[21.12662,42.61708],[21.12729,42.6168],[21.12805,42.61674],[21.12722,42.61497],[21.12748,42.614],[21.12677,42.61384],[21.12786,42.61297],[21.1297,42.61381],[21.13067,42.61177],[21.13046,42.61167],[21.13091,42.611],[21.13337,42.61166],[21.13298,42.60944],[21.13778,42.6087],[21.13912,42.61043],[21.14323,42.61672],[21.14527,42.62006],[21.14716,42.6236],[21.14928,42.62533],[21.15041,42.62381],[21.15227,42.62458],[21.15259,42.62364],[21.15574,42.62384],[21.15578,42.62316],[21.15681,42.62325],[21.15689,42.623],[21.15859,42.62305],[21.15873,42.62163],[21.15862,42.61756],[21.15973,42.61789],[21.16057,42.61782],[21.16096,42.61743],[21.16152,42.61644],[21.16343,42.61494],[21.16504,42.61625],[21.16596,42.61676],[21.16657,42.61751],[21.1677,42.61808],[21.16702,42.61602],[21.167,42.61319],[21.16739,42.61112],[21.16751,42.6057],[21.16711,42.60457],[21.16681,42.60152],[21.16858,42.60179],[21.17172,42.60265],[21.17248,42.60273],[21.17265,42.60334],[21.17332,42.60347],[21.17355,42.60393],[21.17359,42.60491],[21.18073,42.60531],[21.18303,42.60529],[21.18567,42.60868],[21.18641,42.60874],[21.18907,42.60845],[21.19381,42.61107],[21.19721,42.61337],[21.19956,42.61531],[21.20084,42.61446],[21.20281,42.61611],[21.20465,42.61655],[21.20562,42.61724],[21.20762,42.61776],[21.21114,42.61907],[21.21676,42.62289],[21.22094,42.62394],[21.22365,42.62286],[21.2248,42.62291],[21.22507,42.62411],[21.22546,42.62418],[21.22558,42.62382],[21.22732,42.62248],[21.22893,42.62355],[21.22935,42.6234],[21.22932,42.62304],[21.23095,42.62167],[21.23477,42.61691],[21.23462,42.61658],[21.23559,42.61599],[21.23617,42.61519],[21.23848,42.61367],[21.23951,42.61339],[21.24027,42.61332],[21.24157,42.61379],[21.24349,42.61374],[21.24394,42.61366],[21.24478,42.61299],[21.24674,42.61357],[21.24702,42.61405],[21.24694,42.61456],[21.24766,42.6155],[21.2493,42.6158],[21.25016,42.6164],[21.25046,42.61689],[21.25107,42.61712],[21.2521,42.61682],[21.25272,42.61635],[21.25331,42.61512],[21.25416,42.61479],[21.25416,42.61571],[21.25457,42.61647],[21.25521,42.61691],[21.25526,42.6172],[21.2561,42.61844],[21.2569,42.61872],[21.26005,42.61879],[21.26192,42.61978],[21.2654,42.62047],[21.27074,42.62215],[21.27323,42.62241],[21.2769,42.62312],[21.28392,42.62295],[21.2838,42.62263],[21.2833,42.62215],[21.28354,42.62201],[21.2853,42.62294],[21.2861,42.62268],[21.28636,42.62282],[21.28772,42.62118],[21.2889,42.62005],[21.28912,42.61963],[21.28961,42.61926],[21.29076,42.61757],[21.29308,42.61533],[21.29405,42.61485],[21.29506,42.61471],[21.29713,42.61338],[21.29839,42.6131],[21.29969,42.61248],[21.30058,42.61234],[21.30164,42.6125],[21.30232,42.61239],[21.30291,42.61163],[21.3034,42.61149],[21.30422,42.61066],[21.30506,42.61065],[21.30615,42.61033],[21.30746,42.61078],[21.30798,42.61064],[21.30895,42.61001],[21.31149,42.60959],[21.3112,42.60897],[21.31107,42.60814],[21.31034,42.60686],[21.31086,42.60625],[21.31111,42.60566],[21.31115,42.60419],[21.31411,42.60441],[21.31509,42.60355],[21.3159,42.6031],[21.31629,42.60219],[21.31632,42.60166],[21.31679,42.6013],[21.31724,42.60064],[21.3169,42.5992],[21.31718,42.59879],[21.31681,42.59846],[21.31679,42.59815],[21.31724,42.59656],[21.31826,42.59671],[21.31876,42.59661],[21.31926,42.59602],[21.32059,42.5956],[21.32102,42.59503],[21.32104,42.59445],[21.32008,42.5934],[21.31988,42.59185],[21.32052,42.58989],[21.32159,42.58848],[21.32182,42.58794],[21.32271,42.58783],[21.32343,42.5872],[21.32382,42.5877],[21.325,42.58844],[21.32622,42.58955],[21.32662,42.59026],[21.32694,42.59168],[21.32675,42.59214],[21.32565,42.59189],[21.32611,42.59247],[21.32732,42.59328],[21.32767,42.59395],[21.32831,42.59442],[21.32881,42.59617],[21.33105,42.59707],[21.3321,42.59694],[21.33341,42.5965],[21.3337,42.59676],[21.3348,42.59586],[21.33557,42.59421],[21.336,42.59371],[21.33843,42.59174],[21.33837,42.59107],[21.33908,42.58978],[21.34031,42.58883],[21.34058,42.58833],[21.34072,42.58758],[21.34114,42.58725],[21.34177,42.58629],[21.34322,42.58521],[21.34383,42.58445],[21.34389,42.58425],[21.34356,42.58335],[21.34369,42.58283],[21.34428,42.58179],[21.3447,42.58139],[21.34545,42.58125],[21.34592,42.58138],[21.35241,42.58645],[21.35444,42.59092],[21.35712,42.59222],[21.35814,42.59677],[21.36078,42.59959],[21.36049,42.60277],[21.36061,42.6037],[21.36048,42.60463],[21.36067,42.60489],[21.36034,42.60536],[21.36148,42.60682],[21.36174,42.60752],[21.36157,42.60892],[21.36172,42.60915],[21.3616,42.60938],[21.36186,42.60962],[21.36175,42.61],[21.36203,42.61017],[21.36178,42.61049],[21.36178,42.61127],[21.36215,42.61172],[21.36178,42.61269],[21.36221,42.61337],[21.36292,42.61362],[21.36351,42.61412],[21.36414,42.61523],[21.36585,42.61591],[21.36593,42.61631],[21.36653,42.61725],[21.36747,42.61769],[21.36814,42.61821],[21.36816,42.61809],[21.36917,42.61785],[21.36937,42.61824],[21.3699,42.61856],[21.37109,42.61863],[21.37194,42.61974],[21.37306,42.62003],[21.37362,42.6204],[21.37396,42.62044],[21.37411,42.62071],[21.37476,42.62071],[21.3749,42.62036],[21.37476,42.6203],[21.3748,42.62012],[21.37522,42.62008],[21.37542,42.62049],[21.37585,42.62081],[21.37642,42.62069],[21.37657,42.62095],[21.37712,42.62103],[21.37748,42.62154],[21.37887,42.62161],[21.37971,42.62182],[21.38009,42.62176],[21.38182,42.6207],[21.38283,42.62088],[21.38343,42.62074],[21.38404,42.62104],[21.38547,42.62042],[21.38611,42.62043],[21.3862,42.6213],[21.38584,42.62203],[21.38609,42.62262],[21.38651,42.62353],[21.38708,42.6242],[21.38772,42.6245],[21.388,42.62481],[21.38871,42.62627],[21.38887,42.62644],[21.39037,42.62687],[21.39093,42.62724],[21.39146,42.62725],[21.39222,42.62699],[21.39318,42.62739],[21.39309,42.62802],[21.39255,42.62756],[21.39299,42.62823],[21.39243,42.62885],[21.39228,42.62938],[21.39242,42.62992],[21.39283,42.63045],[21.39432,42.63118],[21.39491,42.63115],[21.39703,42.63239],[21.39724,42.63226],[21.39772,42.63237],[21.39837,42.63326],[21.3995,42.63296],[21.40002,42.63254],[21.40232,42.63276],[21.40288,42.63244],[21.40373,42.63132],[21.405,42.63058],[21.40521,42.6301],[21.40594,42.6301],[21.40586,42.62901],[21.40621,42.62837],[21.40734,42.62733],[21.40804,42.62596],[21.40804,42.62505],[21.40772,42.62393],[21.40729,42.62345],[21.40727,42.62316],[21.40942,42.62496],[21.41029,42.62707],[21.41046,42.62693],[21.41105,42.6262],[21.41135,42.62503],[21.41196,42.62455],[21.4127,42.62246],[21.41314,42.62226],[21.41291,42.6213],[21.41298,42.62067],[21.41377,42.6202],[21.41484,42.61876],[21.4166,42.61991],[21.41682,42.62025],[21.41687,42.62208],[21.41706,42.62242],[21.41688,42.62411],[21.41728,42.62462],[21.41746,42.62593],[21.41777,42.62622],[21.41793,42.62672],[21.41796,42.628],[21.41772,42.62847],[21.41819,42.62925],[21.41795,42.62933],[21.4181,42.62959],[21.41868,42.62981],[21.4203,42.62905],[21.42154,42.63017],[21.42309,42.63029],[21.42325,42.63018],[21.42315,42.62963],[21.42326,42.62936],[21.42373,42.62901],[21.42428,42.62897],[21.42537,42.62963],[21.42623,42.62945],[21.42867,42.62997],[21.42977,42.62997],[21.43084,42.62466],[21.43187,42.62486],[21.43275,42.62376],[21.43343,42.62255],[21.43495,42.62317],[21.4354,42.61947],[21.43522,42.61826],[21.43555,42.6179],[21.43525,42.61767],[21.43546,42.61748],[21.4357,42.6165],[21.43659,42.61516],[21.44219,42.61591],[21.4427,42.61727],[21.4449,42.61758],[21.44496,42.61816],[21.44452,42.61944],[21.44458,42.62003],[21.44605,42.6208],[21.44661,42.62085],[21.44762,42.6205],[21.44935,42.62054],[21.45287,42.62121],[21.45357,42.62185],[21.45386,42.62234],[21.45466,42.62294],[21.45619,42.62283],[21.45718,42.62318],[21.45884,42.6232],[21.46004,42.62348],[21.46081,42.62385],[21.46167,42.62452],[21.46156,42.62552],[21.45985,42.628],[21.4598,42.62871],[21.46168,42.63077],[21.46181,42.63076],[21.46077,42.63261],[21.46084,42.63476],[21.46288,42.63784],[21.4621,42.63841],[21.46139,42.6385],[21.46075,42.63834],[21.45974,42.63837],[21.45997,42.63951],[21.46055,42.63969],[21.46084,42.64005],[21.46116,42.6399],[21.46141,42.64001],[21.46152,42.6404],[21.4619,42.6406],[21.46196,42.64093],[21.4616,42.64178],[21.46167,42.64193],[21.46299,42.64169],[21.46349,42.64187],[21.46435,42.64182],[21.46487,42.64212],[21.46594,42.642],[21.46675,42.64242],[21.46727,42.64305],[21.47048,42.64379],[21.471,42.64364],[21.47058,42.64432],[21.47047,42.6448],[21.4706,42.64528],[21.47035,42.64705],[21.4704,42.64843],[21.47019,42.64905],[21.46942,42.64995],[21.46838,42.65203],[21.46732,42.65696],[21.46825,42.65678],[21.46884,42.65727],[21.46983,42.65729],[21.47079,42.65674],[21.47153,42.65659],[21.47247,42.65645],[21.47471,42.65649],[21.47384,42.65829],[21.47327,42.65891],[21.47289,42.65983],[21.47219,42.66022],[21.47198,42.66097],[21.47162,42.66144],[21.46997,42.66245],[21.46975,42.66319],[21.46914,42.66384],[21.46875,42.6639],[21.46743,42.66361],[21.46665,42.66409],[21.46615,42.66362],[21.46542,42.66486],[21.46469,42.66544],[21.46367,42.66568],[21.46242,42.66531],[21.46176,42.66569],[21.46092,42.6658],[21.4601,42.66713],[21.4596,42.66763],[21.45823,42.66822],[21.45772,42.66825],[21.45627,42.66923],[21.45531,42.66965],[21.45397,42.67081],[21.45284,42.67127],[21.45217,42.6721],[21.45195,42.67305],[21.45085,42.67417],[21.4494,42.67468],[21.44793,42.6746],[21.44629,42.67526],[21.44512,42.67594],[21.44451,42.6759],[21.44289,42.67528],[21.43998,42.67615],[21.43815,42.67639],[21.43712,42.67696],[21.43571,42.67679],[21.4349,42.67716],[21.43313,42.67753],[21.43082,42.68632],[21.43341,42.6892],[21.43332,42.68979],[21.42953,42.69213],[21.4287,42.69222],[21.42726,42.69195],[21.42543,42.69208],[21.42467,42.69233],[21.42419,42.6927],[21.4231,42.69295],[21.42161,42.69355],[21.4201,42.69355],[21.41926,42.69383],[21.41884,42.69446],[21.41876,42.69535],[21.41761,42.69756],[21.41738,42.69847],[21.41661,42.6997],[21.41597,42.70004],[21.4156,42.70051],[21.41628,42.70188],[21.417,42.70271],[21.41732,42.70254],[21.41765,42.70283],[21.41793,42.70283],[21.41809,42.70278],[21.41815,42.70225],[21.4189,42.70233],[21.41914,42.70323],[21.41961,42.70336],[21.4216,42.70326],[21.4229,42.7045],[21.42343,42.70466],[21.42421,42.70417],[21.42498,42.70394],[21.43209,42.70321],[21.43198,42.70346],[21.43217,42.70394],[21.43192,42.70481],[21.43283,42.70584],[21.43296,42.70648],[21.43338,42.70683],[21.43363,42.70738],[21.43472,42.70793],[21.43629,42.70841],[21.43669,42.70839],[21.43751,42.708],[21.43864,42.70555],[21.44033,42.70534],[21.44123,42.70503],[21.44264,42.70503],[21.44318,42.7046],[21.44421,42.70297],[21.44425,42.70204],[21.44484,42.70113],[21.44498,42.70045],[21.44533,42.69982],[21.44792,42.69816],[21.44893,42.69807],[21.45003,42.69827],[21.45169,42.69888],[21.45282,42.6989],[21.45422,42.6985],[21.4549,42.69788],[21.45702,42.69799],[21.45738,42.69791],[21.4575,42.6977],[21.45934,42.69798],[21.45967,42.69706],[21.46006,42.69724],[21.46014,42.69755],[21.46163,42.69783],[21.46186,42.69721],[21.46287,42.69735],[21.463,42.69719],[21.46304,42.697],[21.46223,42.69695],[21.46242,42.69656],[21.46454,42.69696],[21.46482,42.69644],[21.46631,42.69638],[21.46664,42.69624],[21.46679,42.69597],[21.46759,42.69608],[21.47093,42.69554],[21.47173,42.69512],[21.47364,42.69518],[21.47439,42.69505],[21.47538,42.69521],[21.47772,42.69499],[21.47821,42.69511],[21.48023,42.69591],[21.48092,42.69638],[21.48104,42.6972],[21.48052,42.69851],[21.48059,42.69934],[21.48101,42.70072],[21.48044,42.70215],[21.48155,42.70313],[21.48336,42.70345],[21.48459,42.70394],[21.48428,42.70447],[21.48399,42.70468],[21.48466,42.70503],[21.48426,42.70534],[21.48458,42.7059],[21.485,42.70753],[21.48465,42.70764],[21.4842,42.70749],[21.48459,42.70819],[21.4847,42.70833],[21.48522,42.70833],[21.48622,42.70802],[21.48727,42.70806],[21.48869,42.70857],[21.48652,42.7113],[21.48494,42.71279],[21.48467,42.71342],[21.48544,42.71413],[21.48645,42.71451],[21.48672,42.71524],[21.48737,42.71623],[21.488,42.71565],[21.48921,42.71608],[21.48977,42.71588],[21.48976,42.71561],[21.48996,42.71544],[21.49103,42.71616],[21.49201,42.71641],[21.49283,42.71699],[21.49472,42.71793],[21.49414,42.7192],[21.49431,42.71964],[21.4951,42.72007],[21.4954,42.72052],[21.49518,42.72095],[21.49578,42.72142],[21.49684,42.72105],[21.49709,42.7211],[21.49712,42.72196],[21.49729,42.72239],[21.49803,42.72264],[21.49931,42.72265],[21.49982,42.72288],[21.49935,42.72339],[21.4991,42.7243],[21.49838,42.72539],[21.50027,42.72679],[21.50088,42.72676],[21.50129,42.72717],[21.50217,42.72757],[21.50228,42.72867],[21.5027,42.72944],[21.50389,42.73055],[21.50561,42.73094],[21.50572,42.73145],[21.50637,42.73241]]],[[[21.23372,42.5975],[21.22989,42.59641],[21.22926,42.59568],[21.22934,42.59399],[21.22972,42.5916],[21.22786,42.5911],[21.226,42.58959],[21.22603,42.58902],[21.22694,42.58779],[21.22708,42.58718],[21.22619,42.58497],[21.22655,42.58249],[21.22642,42.58052],[21.22562,42.57983],[21.22652,42.57935],[21.22586,42.57864],[21.22534,42.57857],[21.22572,42.57673],[21.22522,42.57612],[21.22492,42.57538],[21.22499,42.57478],[21.22522,42.57426],[21.22552,42.57417],[21.22728,42.57456],[21.22715,42.57419],[21.22752,42.57368],[21.22842,42.57326],[21.22847,42.57303],[21.23031,42.57256],[21.23103,42.57266],[21.23205,42.5732],[21.23317,42.57501],[21.23323,42.57532],[21.23376,42.57551],[21.23411,42.57539],[21.23465,42.57624],[21.23537,42.57657],[21.23621,42.57636],[21.23717,42.57681],[21.23865,42.5772],[21.23893,42.57781],[21.24044,42.57781],[21.24078,42.57757],[21.24117,42.57599],[21.24281,42.57625],[21.24303,42.5764],[21.24443,42.57648],[21.24405,42.5773],[21.24445,42.57751],[21.24495,42.57724],[21.2453,42.57734],[21.24545,42.57762],[21.24509,42.58044],[21.24464,42.58096],[21.24517,42.58189],[21.24517,42.58251],[21.24333,42.58268],[21.24244,42.58309],[21.24103,42.58314],[21.2397,42.58488],[21.23968,42.58547],[21.24011,42.58646],[21.23945,42.58752],[21.23922,42.58844],[21.23934,42.5888],[21.2397,42.589],[21.24045,42.59041],[21.24096,42.59062],[21.24077,42.59183],[21.24035,42.59265],[21.24004,42.59472],[21.23983,42.59499],[21.23762,42.59528],[21.23675,42.59612],[21.23497,42.59661],[21.23457,42.5968],[21.23431,42.59725],[21.23372,42.5975]]]]}},{"type":"Feature","properties":{"name":"Prizren","slug":"prizren","sourceName":"Prizren"},"geometry":{"type":"Polygon","coordinates":[[[20.7898,42.08126],[20.79615,42.08317],[20.81366,42.08393],[20.81795,42.08444],[20.82585,42.08508],[20.83419,42.08617],[20.83647,42.08807],[20.83941,42.09361],[20.8423,42.09759],[20.84357,42.09833],[20.84633,42.09867],[20.84861,42.09927],[20.85173,42.0982],[20.86069,42.09982],[20.86296,42.09779],[20.86961,42.09795],[20.87374,42.09634],[20.8783,42.0962],[20.88146,42.09629],[20.88417,42.09611],[20.90925,42.09751],[20.9023,42.10482],[20.90596,42.10808],[20.91305,42.1159],[20.91769,42.12329],[20.91889,42.12685],[20.92781,42.128],[20.93917,42.13583],[20.94824,42.13882],[20.96129,42.13691],[20.96726,42.13665],[20.97588,42.13907],[20.98152,42.13928],[20.98024,42.14201],[20.98069,42.14627],[20.98108,42.14765],[20.98084,42.15025],[20.98148,42.15189],[20.98127,42.15317],[20.9826,42.15562],[20.98246,42.15919],[20.98255,42.16046],[20.98004,42.16279],[20.97915,42.16399],[20.97615,42.16912],[20.97447,42.17123],[20.97325,42.17538],[20.96981,42.18068],[20.96847,42.1823],[20.96272,42.18402],[20.96072,42.18494],[20.9593,42.18729],[20.95426,42.18906],[20.95195,42.18965],[20.94815,42.19023],[20.9421,42.19209],[20.93909,42.19285],[20.93446,42.19358],[20.93252,42.19258],[20.92495,42.19442],[20.92267,42.19452],[20.92025,42.1949],[20.91597,42.19595],[20.91465,42.19612],[20.9119,42.19563],[20.91037,42.19652],[20.90913,42.19671],[20.90718,42.19759],[20.90504,42.19794],[20.90328,42.19786],[20.90248,42.19754],[20.90143,42.19737],[20.89823,42.19752],[20.89613,42.19728],[20.89312,42.19799],[20.89029,42.1984],[20.88887,42.19889],[20.88768,42.19901],[20.88685,42.19927],[20.8757,42.20008],[20.87301,42.20058],[20.86976,42.20169],[20.86917,42.20175],[20.8642,42.20421],[20.86454,42.20797],[20.86321,42.21128],[20.8604,42.21428],[20.86097,42.21724],[20.86185,42.21801],[20.86475,42.21873],[20.86977,42.21957],[20.87192,42.22011],[20.8719,42.22362],[20.87082,42.22596],[20.86946,42.23084],[20.86953,42.2338],[20.87135,42.23716],[20.87277,42.23815],[20.87439,42.23981],[20.87701,42.24162],[20.87882,42.24506],[20.87813,42.24661],[20.87807,42.24844],[20.87618,42.25177],[20.87452,42.25188],[20.87362,42.25226],[20.87255,42.25248],[20.87207,42.25333],[20.87201,42.25387],[20.87249,42.25525],[20.87401,42.25646],[20.87363,42.25695],[20.87078,42.2568],[20.86946,42.25714],[20.86842,42.25717],[20.86415,42.26464],[20.85876,42.26874],[20.85031,42.26917],[20.84508,42.2682],[20.84092,42.27038],[20.83688,42.27179],[20.83148,42.27087],[20.83017,42.27142],[20.82951,42.2712],[20.82801,42.27132],[20.82787,42.27168],[20.82693,42.27209],[20.82595,42.27216],[20.82567,42.2725],[20.8249,42.27242],[20.82341,42.27272],[20.82294,42.27269],[20.82204,42.27144],[20.82122,42.27098],[20.81862,42.27137],[20.81791,42.27159],[20.81676,42.27238],[20.81609,42.27251],[20.81564,42.27293],[20.81345,42.27353],[20.81274,42.2734],[20.81165,42.27347],[20.81129,42.27395],[20.81107,42.27517],[20.81051,42.27605],[20.8105,42.27657],[20.80954,42.27947],[20.80905,42.28026],[20.80833,42.28066],[20.80707,42.28084],[20.8026,42.28346],[20.79571,42.28638],[20.7946,42.28724],[20.79458,42.28742],[20.79421,42.28739],[20.79393,42.28764],[20.7941,42.28778],[20.79383,42.28794],[20.79393,42.28812],[20.79362,42.28819],[20.79361,42.28842],[20.79297,42.28888],[20.79385,42.29205],[20.79134,42.2925],[20.79014,42.29256],[20.78994,42.29246],[20.79044,42.29205],[20.79002,42.29154],[20.79028,42.29125],[20.7899,42.29122],[20.78987,42.29134],[20.78917,42.29126],[20.78895,42.2911],[20.78628,42.29106],[20.78648,42.28997],[20.78547,42.28974],[20.78519,42.28943],[20.78496,42.28939],[20.78433,42.28943],[20.78406,42.29106],[20.7834,42.29098],[20.78269,42.29217],[20.78229,42.29207],[20.78235,42.29183],[20.78116,42.29164],[20.7817,42.2904],[20.77947,42.2897],[20.77929,42.29009],[20.77867,42.28981],[20.77609,42.28968],[20.7758,42.29028],[20.77627,42.29056],[20.77648,42.2909],[20.77617,42.29151],[20.77619,42.29188],[20.77584,42.29193],[20.7754,42.29243],[20.77459,42.2928],[20.77471,42.29343],[20.77431,42.29395],[20.77344,42.29391],[20.77301,42.2955],[20.7721,42.29657],[20.77182,42.29631],[20.77067,42.29729],[20.77059,42.29719],[20.76975,42.29777],[20.76837,42.29833],[20.76725,42.29858],[20.76776,42.29885],[20.7676,42.30051],[20.76602,42.30044],[20.76622,42.30156],[20.76602,42.30199],[20.76617,42.30231],[20.7669,42.30286],[20.76717,42.30349],[20.76717,42.30418],[20.76978,42.30615],[20.76981,42.30661],[20.76965,42.3072],[20.76591,42.31159],[20.76641,42.31157],[20.76668,42.31188],[20.76799,42.31262],[20.77101,42.31344],[20.77155,42.3144],[20.77199,42.31563],[20.77107,42.31552],[20.77069,42.31512],[20.76919,42.31451],[20.76795,42.31445],[20.7675,42.31421],[20.76494,42.31414],[20.76377,42.31386],[20.76331,42.31409],[20.76248,42.31374],[20.76093,42.31403],[20.76068,42.31374],[20.76033,42.31375],[20.76016,42.31394],[20.7596,42.31323],[20.75904,42.31299],[20.75894,42.31273],[20.75854,42.31257],[20.75831,42.31226],[20.75699,42.31225],[20.7566,42.31216],[20.75626,42.31187],[20.75588,42.31189],[20.75514,42.31281],[20.7537,42.31583],[20.75146,42.31992],[20.75017,42.32082],[20.74699,42.32259],[20.74507,42.32276],[20.74008,42.32405],[20.73958,42.32393],[20.73825,42.32162],[20.73767,42.32093],[20.73778,42.32086],[20.73667,42.31977],[20.73378,42.31851],[20.73171,42.31677],[20.73183,42.31654],[20.73174,42.31612],[20.73334,42.31524],[20.73464,42.31429],[20.73468,42.31326],[20.73502,42.31252],[20.73537,42.31198],[20.73634,42.31123],[20.73594,42.31102],[20.73497,42.31006],[20.73541,42.30989],[20.7352,42.30926],[20.73473,42.30915],[20.73327,42.30961],[20.73166,42.31069],[20.73133,42.31058],[20.73167,42.31032],[20.73148,42.30976],[20.73174,42.30978],[20.73164,42.30946],[20.73191,42.30919],[20.73183,42.30897],[20.73202,42.30867],[20.73187,42.30858],[20.7319,42.30836],[20.73256,42.30681],[20.72914,42.3065],[20.72912,42.30732],[20.72826,42.30728],[20.72772,42.30748],[20.72745,42.3066],[20.72716,42.30625],[20.72723,42.30612],[20.72463,42.3064],[20.72313,42.30625],[20.72438,42.3074],[20.7257,42.30741],[20.72609,42.30786],[20.72497,42.30807],[20.72498,42.30828],[20.72412,42.30847],[20.72491,42.30891],[20.72476,42.30907],[20.72494,42.30993],[20.7248,42.31049],[20.72333,42.31076],[20.72348,42.31103],[20.72091,42.3115],[20.72026,42.31046],[20.71884,42.31076],[20.7192,42.31128],[20.71771,42.31152],[20.71698,42.31047],[20.7166,42.31058],[20.71552,42.31148],[20.71645,42.31197],[20.71703,42.31265],[20.71676,42.31278],[20.71655,42.31259],[20.71574,42.31321],[20.71571,42.31343],[20.716,42.31349],[20.71418,42.31481],[20.7133,42.314],[20.71245,42.31455],[20.71096,42.31374],[20.71032,42.31423],[20.70997,42.31401],[20.70903,42.31467],[20.7099,42.31588],[20.70875,42.31672],[20.709,42.31686],[20.70753,42.3175],[20.70768,42.31762],[20.70527,42.32073],[20.70252,42.31853],[20.69974,42.31944],[20.69868,42.31804],[20.69758,42.31557],[20.69726,42.31528],[20.69654,42.31512],[20.6955,42.31335],[20.69472,42.31398],[20.69505,42.31421],[20.69528,42.31497],[20.69511,42.31516],[20.69513,42.31576],[20.69483,42.31644],[20.69444,42.31641],[20.69357,42.3167],[20.69327,42.31721],[20.69252,42.31774],[20.69202,42.31758],[20.68793,42.31977],[20.68711,42.31963],[20.68708,42.32024],[20.68215,42.32289],[20.68656,42.32728],[20.68432,42.32852],[20.68444,42.32855],[20.68388,42.32902],[20.68527,42.32963],[20.68581,42.33004],[20.68652,42.33127],[20.68688,42.33138],[20.68681,42.33179],[20.68697,42.33227],[20.68679,42.33234],[20.68711,42.33276],[20.68699,42.33293],[20.68738,42.33363],[20.68686,42.33414],[20.68676,42.33536],[20.68618,42.33592],[20.68554,42.33591],[20.68456,42.33615],[20.68466,42.33642],[20.68444,42.33649],[20.6843,42.33632],[20.68389,42.33644],[20.6844,42.33708],[20.68394,42.33726],[20.68382,42.33864],[20.68196,42.33973],[20.68164,42.34008],[20.68157,42.34041],[20.67978,42.3408],[20.67895,42.34073],[20.67901,42.3409],[20.67919,42.34091],[20.679,42.34108],[20.67927,42.34146],[20.6785,42.34133],[20.67643,42.34143],[20.67496,42.34085],[20.67409,42.34152],[20.67247,42.34114],[20.67233,42.34217],[20.67152,42.34427],[20.66912,42.34313],[20.66747,42.34146],[20.66526,42.34081],[20.66024,42.33746],[20.65695,42.33613],[20.65769,42.33508],[20.65747,42.33504],[20.65745,42.33477],[20.65787,42.33455],[20.65754,42.33419],[20.65779,42.33402],[20.65837,42.33401],[20.65789,42.33351],[20.65881,42.33282],[20.65891,42.3325],[20.6593,42.33251],[20.6597,42.33188],[20.65867,42.33127],[20.65833,42.33136],[20.65799,42.33113],[20.65578,42.33079],[20.65617,42.33023],[20.65517,42.32956],[20.65399,42.32832],[20.6543,42.32799],[20.65211,42.32787],[20.65267,42.32665],[20.65215,42.3262],[20.65152,42.32644],[20.65104,42.32588],[20.65041,42.326],[20.64923,42.32559],[20.64875,42.32527],[20.64891,42.32511],[20.64831,42.32485],[20.64785,42.32432],[20.64764,42.32426],[20.64728,42.32457],[20.6469,42.32413],[20.64653,42.32322],[20.64643,42.32237],[20.64604,42.32221],[20.64593,42.32187],[20.64611,42.32113],[20.64589,42.32077],[20.64558,42.3206],[20.64515,42.32064],[20.64494,42.3209],[20.64379,42.32132],[20.64387,42.32104],[20.64339,42.32035],[20.64322,42.3203],[20.6431,42.31983],[20.6423,42.31927],[20.64096,42.31896],[20.64044,42.31855],[20.63978,42.31795],[20.63997,42.31708],[20.64018,42.31704],[20.63928,42.31589],[20.63961,42.31557],[20.63884,42.31504],[20.63922,42.31469],[20.63775,42.31384],[20.63786,42.31364],[20.6374,42.31331],[20.63751,42.31321],[20.63718,42.31304],[20.63501,42.31441],[20.63466,42.31412],[20.63255,42.31589],[20.63105,42.31497],[20.62993,42.31367],[20.62935,42.31376],[20.62848,42.31306],[20.62735,42.31138],[20.62737,42.31063],[20.62616,42.30924],[20.62589,42.30845],[20.62542,42.30787],[20.62447,42.30554],[20.62462,42.30456],[20.62505,42.30359],[20.62546,42.30073],[20.62534,42.29973],[20.62346,42.30114],[20.62154,42.30212],[20.61666,42.30293],[20.6136,42.30277],[20.61298,42.30257],[20.61066,42.30376],[20.60971,42.30473],[20.60937,42.30582],[20.60901,42.30616],[20.60826,42.30651],[20.60547,42.30669],[20.604,42.30748],[20.6026,42.30933],[20.60233,42.31014],[20.60263,42.31097],[20.60332,42.31173],[20.6037,42.31269],[20.60323,42.31388],[20.59993,42.31675],[20.59932,42.31779],[20.59807,42.31915],[20.59654,42.31977],[20.59409,42.31986],[20.59276,42.31956],[20.59246,42.31945],[20.59245,42.31827],[20.58916,42.31711],[20.58739,42.31712],[20.58661,42.31685],[20.58581,42.31621],[20.58477,42.31605],[20.58424,42.31566],[20.58373,42.31577],[20.58211,42.31291],[20.58263,42.31254],[20.58307,42.31185],[20.58222,42.31163],[20.58274,42.3111],[20.58245,42.31084],[20.5812,42.31037],[20.58129,42.31007],[20.57855,42.30944],[20.57688,42.30926],[20.57577,42.30938],[20.57459,42.30915],[20.56859,42.30753],[20.56712,42.30581],[20.56647,42.30574],[20.56567,42.30488],[20.5654,42.30443],[20.56537,42.30404],[20.56509,42.30379],[20.56462,42.30393],[20.56499,42.30467],[20.56457,42.30519],[20.56417,42.30746],[20.56174,42.30886],[20.55938,42.31046],[20.55905,42.31103],[20.55889,42.31176],[20.55897,42.31224],[20.55845,42.31334],[20.55722,42.31495],[20.55711,42.3153],[20.55695,42.31524],[20.55569,42.31655],[20.55472,42.31617],[20.55387,42.31655],[20.55237,42.31691],[20.55151,42.31655],[20.55072,42.31613],[20.55314,42.31584],[20.55424,42.31536],[20.55538,42.31447],[20.55615,42.31329],[20.55598,42.31298],[20.55607,42.31249],[20.55659,42.31158],[20.5567,42.31108],[20.5574,42.31046],[20.55832,42.31],[20.55777,42.30968],[20.55686,42.30854],[20.55621,42.30825],[20.55533,42.30825],[20.55503,42.30802],[20.55458,42.30745],[20.55455,42.30705],[20.5543,42.30706],[20.5537,42.3049],[20.55372,42.3046],[20.55393,42.30441],[20.55387,42.3042],[20.55424,42.30403],[20.55463,42.30351],[20.55446,42.30309],[20.55454,42.30318],[20.55674,42.30222],[20.55786,42.30156],[20.55912,42.30012],[20.55983,42.29866],[20.55941,42.29806],[20.55927,42.29654],[20.55895,42.29652],[20.55877,42.2963],[20.55889,42.29561],[20.55842,42.29541],[20.55839,42.29563],[20.55742,42.2952],[20.55567,42.295],[20.55451,42.29467],[20.55285,42.2938],[20.5512,42.29268],[20.55023,42.29243],[20.54853,42.29329],[20.54446,42.29484],[20.5438,42.29359],[20.54329,42.29354],[20.54322,42.29323],[20.54241,42.29271],[20.541,42.29214],[20.54034,42.29139],[20.53827,42.29],[20.5379,42.28927],[20.53785,42.28744],[20.53737,42.28693],[20.5362,42.28624],[20.53527,42.28527],[20.53482,42.28542],[20.53311,42.28544],[20.53215,42.28491],[20.5313,42.2848],[20.53096,42.28464],[20.53052,42.28386],[20.52891,42.28355],[20.5286,42.28321],[20.52782,42.28284],[20.52741,42.28234],[20.52604,42.28243],[20.52454,42.28222],[20.52211,42.28105],[20.5215,42.2811],[20.51612,42.27893],[20.5124,42.27685],[20.50833,42.2704],[20.50297,42.2697],[20.49553,42.2699],[20.49076,42.26674],[20.48968,42.26396],[20.48605,42.26028],[20.47597,42.25718],[20.47685,42.25351],[20.47704,42.25331],[20.47996,42.25184],[20.48405,42.24928],[20.48742,42.24794],[20.4883,42.24734],[20.48919,42.2464],[20.48963,42.24506],[20.49042,42.24376],[20.49086,42.24336],[20.49114,42.24319],[20.49417,42.24282],[20.49521,42.24235],[20.49603,42.24177],[20.49778,42.23999],[20.49852,42.23882],[20.50146,42.23107],[20.5012,42.22954],[20.50206,42.22848],[20.50694,42.22543],[20.50905,42.22466],[20.51169,42.22414],[20.51333,42.22401],[20.5143,42.22427],[20.51454,42.22411],[20.51801,42.21862],[20.52096,42.21505],[20.52405,42.21084],[20.52558,42.2071],[20.52639,42.2039],[20.52696,42.20249],[20.52815,42.19783],[20.53181,42.18539],[20.53377,42.18215],[20.53535,42.17991],[20.53698,42.17721],[20.53797,42.1752],[20.53937,42.17394],[20.54132,42.17302],[20.54197,42.17265],[20.54213,42.17239],[20.54204,42.17186],[20.54238,42.17069],[20.54319,42.17004],[20.54327,42.1686],[20.54263,42.16819],[20.54265,42.16764],[20.54347,42.16618],[20.5435,42.16566],[20.54422,42.16483],[20.5447,42.16514],[20.54704,42.16423],[20.54363,42.16072],[20.54534,42.15891],[20.5471,42.15662],[20.54792,42.15461],[20.55163,42.15194],[20.5546,42.15011],[20.55746,42.14752],[20.55837,42.14649],[20.55865,42.14593],[20.55861,42.14501],[20.55554,42.14038],[20.55536,42.14002],[20.55544,42.13965],[20.55629,42.13849],[20.56054,42.13425],[20.5664,42.12637],[20.56687,42.12552],[20.56682,42.1228],[20.5671,42.12222],[20.5682,42.12111],[20.56821,42.12067],[20.56714,42.11891],[20.56679,42.11709],[20.56658,42.1169],[20.5648,42.11642],[20.56462,42.11608],[20.56445,42.11434],[20.56411,42.11365],[20.56215,42.11124],[20.56109,42.10879],[20.5613,42.10814],[20.56294,42.10595],[20.56588,42.10942],[20.57536,42.11891],[20.57708,42.12034],[20.58602,42.12311],[20.58949,42.12242],[20.59139,42.12335],[20.59875,42.12543],[20.60152,42.12975],[20.60784,42.13494],[20.61223,42.13641],[20.61394,42.13857],[20.62173,42.14324],[20.62521,42.14368],[20.62619,42.14425],[20.62762,42.14459],[20.62861,42.14511],[20.62903,42.14556],[20.63127,42.14639],[20.63368,42.14631],[20.63724,42.14734],[20.63806,42.14798],[20.63876,42.14829],[20.63992,42.14995],[20.64066,42.15071],[20.64103,42.15148],[20.64648,42.15145],[20.64686,42.1512],[20.64845,42.15086],[20.64955,42.15031],[20.65139,42.15042],[20.65397,42.15105],[20.65712,42.15029],[20.65892,42.15143],[20.66318,42.15249],[20.66696,42.15517],[20.66844,42.15503],[20.67095,42.15434],[20.67464,42.15365],[20.67469,42.15429],[20.67537,42.15488],[20.6797,42.15481],[20.68136,42.1538],[20.68228,42.15285],[20.68337,42.15212],[20.68346,42.15169],[20.68899,42.15036],[20.69195,42.15016],[20.69361,42.15021],[20.69525,42.15094],[20.69659,42.15113],[20.69812,42.15107],[20.69866,42.15135],[20.69948,42.15111],[20.703,42.15096],[20.70518,42.1528],[20.70659,42.15328],[20.70772,42.15224],[20.70776,42.15141],[20.70904,42.15197],[20.71,42.15204],[20.71006,42.15107],[20.71136,42.14939],[20.71141,42.14903],[20.7131,42.1456],[20.71324,42.14511],[20.713,42.1446],[20.71503,42.14395],[20.71569,42.14388],[20.71616,42.14399],[20.71683,42.14389],[20.71943,42.14439],[20.72004,42.14433],[20.72044,42.14405],[20.72311,42.14408],[20.72399,42.14421],[20.72501,42.14475],[20.72585,42.14533],[20.72626,42.146],[20.72692,42.14642],[20.72817,42.14673],[20.72923,42.14648],[20.7299,42.14649],[20.73043,42.14626],[20.73189,42.1461],[20.73245,42.14584],[20.73314,42.1452],[20.73325,42.14467],[20.73531,42.14396],[20.73583,42.14355],[20.73713,42.14381],[20.73822,42.14355],[20.73853,42.14309],[20.73824,42.14216],[20.73839,42.14159],[20.73816,42.14142],[20.73876,42.14064],[20.73855,42.14046],[20.73802,42.1406],[20.73837,42.14032],[20.73877,42.14026],[20.7395,42.14029],[20.73995,42.14103],[20.74019,42.14111],[20.74084,42.14103],[20.74199,42.14046],[20.74401,42.14039],[20.74563,42.14082],[20.74587,42.14114],[20.7477,42.14155],[20.74782,42.14189],[20.74906,42.14322],[20.7494,42.1454],[20.75137,42.14582],[20.75217,42.14627],[20.75494,42.14679],[20.75558,42.14782],[20.75584,42.14864],[20.75765,42.14839],[20.75903,42.14986],[20.7608,42.15057],[20.76214,42.15175],[20.76333,42.15393],[20.7663,42.15393],[20.76634,42.15319],[20.76669,42.15222],[20.76722,42.15181],[20.76755,42.15079],[20.76839,42.14928],[20.76849,42.14736],[20.77009,42.14525],[20.77057,42.14428],[20.77045,42.14415],[20.77179,42.14358],[20.77212,42.14211],[20.77264,42.1417],[20.77425,42.13873],[20.77708,42.13704],[20.77923,42.13518],[20.77943,42.13368],[20.77912,42.133],[20.7788,42.1327],[20.77878,42.1318],[20.77967,42.12984],[20.78001,42.12844],[20.78063,42.12767],[20.78111,42.12746],[20.78163,42.1269],[20.78246,42.12637],[20.78302,42.1254],[20.7836,42.12202],[20.78362,42.11958],[20.78416,42.11826],[20.78481,42.11546],[20.78532,42.11187],[20.78714,42.10398],[20.78857,42.09207],[20.78853,42.08941],[20.7898,42.08126]]]}},{"type":"Feature","properties":{"name":"Rahovec","slug":"rahovec","sourceName":"Rahovec"},"geometry":{"type":"Polygon","coordinates":[[[20.53888,42.51973],[20.53734,42.51855],[20.53629,42.518],[20.53652,42.51713],[20.53625,42.51675],[20.53529,42.51631],[20.53472,42.51535],[20.53483,42.51449],[20.53453,42.51399],[20.53451,42.51365],[20.53489,42.51276],[20.53675,42.51017],[20.53587,42.50976],[20.53312,42.50982],[20.53035,42.51044],[20.526,42.51072],[20.52269,42.51129],[20.52164,42.51134],[20.52041,42.51107],[20.51971,42.51071],[20.51555,42.50803],[20.51529,42.50752],[20.51559,42.50615],[20.51541,42.50447],[20.51476,42.50315],[20.51424,42.50138],[20.51354,42.50044],[20.51113,42.49807],[20.50853,42.49517],[20.50779,42.49363],[20.50689,42.49035],[20.50606,42.48894],[20.50588,42.48803],[20.50648,42.48692],[20.50749,42.48638],[20.5105,42.48603],[20.51299,42.48472],[20.51493,42.48347],[20.5159,42.48268],[20.51635,42.48204],[20.51608,42.48092],[20.51476,42.48029],[20.51246,42.48045],[20.51031,42.48036],[20.50922,42.48006],[20.50873,42.47955],[20.50851,42.47855],[20.50853,42.47812],[20.50885,42.4776],[20.50979,42.47698],[20.50997,42.47619],[20.50999,42.47553],[20.50935,42.47466],[20.508,42.47423],[20.50661,42.47406],[20.50497,42.47438],[20.50472,42.47457],[20.50401,42.47459],[20.50302,42.47402],[20.5023,42.47276],[20.50224,42.47234],[20.50051,42.47174],[20.5003,42.47121],[20.49987,42.4708],[20.49998,42.46962],[20.501,42.46788],[20.50186,42.46724],[20.50396,42.46682],[20.50539,42.46623],[20.50605,42.46574],[20.5062,42.46534],[20.50598,42.46393],[20.50471,42.46308],[20.50289,42.46249],[20.50281,42.46085],[20.50315,42.45953],[20.50483,42.45784],[20.5064,42.45727],[20.50733,42.45674],[20.50839,42.45582],[20.50965,42.45409],[20.50981,42.45194],[20.50958,42.45075],[20.50972,42.45004],[20.5103,42.4489],[20.51139,42.44769],[20.51282,42.44537],[20.51238,42.44459],[20.51102,42.44358],[20.50779,42.44218],[20.50737,42.44145],[20.50751,42.44057],[20.50833,42.43982],[20.51045,42.43931],[20.51118,42.43894],[20.51229,42.43799],[20.51256,42.43642],[20.51298,42.43578],[20.51374,42.4352],[20.51534,42.43472],[20.51578,42.4344],[20.51587,42.43406],[20.51529,42.43352],[20.51531,42.43277],[20.51624,42.43074],[20.51683,42.42892],[20.5179,42.42788],[20.51815,42.42707],[20.51788,42.42584],[20.51737,42.42506],[20.51617,42.42473],[20.51529,42.42417],[20.51506,42.42384],[20.5151,42.4234],[20.51552,42.42294],[20.51706,42.42225],[20.51742,42.42179],[20.51764,42.42126],[20.51727,42.42053],[20.51652,42.41986],[20.51515,42.41819],[20.51464,42.418],[20.5139,42.41736],[20.51216,42.4179],[20.51152,42.41766],[20.50989,42.41665],[20.50953,42.41593],[20.50944,42.41539],[20.50973,42.41458],[20.5105,42.41374],[20.51162,42.41347],[20.51169,42.41302],[20.51156,42.41261],[20.51092,42.41208],[20.50874,42.41158],[20.50808,42.41176],[20.50803,42.41223],[20.50775,42.41234],[20.50636,42.41174],[20.50634,42.41049],[20.50582,42.41012],[20.50545,42.40957],[20.50402,42.40873],[20.50335,42.40806],[20.50319,42.40764],[20.50336,42.40527],[20.5038,42.40424],[20.50433,42.40355],[20.50524,42.40279],[20.50636,42.40226],[20.50849,42.40205],[20.50925,42.40165],[20.50985,42.40075],[20.51046,42.39905],[20.5111,42.39807],[20.51161,42.39765],[20.51303,42.39697],[20.51461,42.39708],[20.51574,42.39759],[20.51656,42.39852],[20.51728,42.39867],[20.51828,42.39848],[20.51882,42.39794],[20.51881,42.397],[20.51724,42.39619],[20.51676,42.39522],[20.51678,42.39416],[20.51713,42.39337],[20.51709,42.3897],[20.51669,42.38892],[20.516,42.3886],[20.5136,42.38806],[20.51331,42.38758],[20.51251,42.38702],[20.51212,42.38653],[20.51165,42.38522],[20.5112,42.38487],[20.5114,42.38274],[20.51217,42.38165],[20.51321,42.38072],[20.51346,42.37971],[20.51395,42.37907],[20.51372,42.3783],[20.51266,42.37788],[20.51251,42.37753],[20.51245,42.37697],[20.51264,42.37597],[20.51318,42.37515],[20.51393,42.37446],[20.51545,42.37435],[20.51629,42.37454],[20.5182,42.37575],[20.51952,42.37573],[20.52017,42.37547],[20.52049,42.37514],[20.52037,42.37484],[20.52076,42.37365],[20.52115,42.37336],[20.52215,42.37363],[20.52235,42.37347],[20.52269,42.37301],[20.52265,42.37204],[20.5223,42.37156],[20.52098,42.37052],[20.52077,42.37009],[20.52077,42.36947],[20.52128,42.36904],[20.52203,42.36892],[20.52379,42.36942],[20.52613,42.36948],[20.52681,42.36915],[20.52747,42.36841],[20.52758,42.36801],[20.5275,42.36742],[20.52695,42.36603],[20.52704,42.3648],[20.5275,42.36357],[20.52864,42.36298],[20.5302,42.36267],[20.53066,42.36096],[20.53273,42.35831],[20.53494,42.35673],[20.53781,42.35524],[20.53935,42.35419],[20.54002,42.35309],[20.53974,42.34974],[20.5402,42.34951],[20.54151,42.34905],[20.54375,42.34925],[20.54511,42.34973],[20.54701,42.35114],[20.54856,42.35183],[20.5498,42.35203],[20.55186,42.35189],[20.55389,42.35062],[20.55455,42.34894],[20.55466,42.3464],[20.55528,42.34582],[20.55711,42.34471],[20.55868,42.34425],[20.56006,42.34406],[20.56461,42.34396],[20.56595,42.34353],[20.56712,42.34277],[20.56901,42.33941],[20.57016,42.33869],[20.57145,42.33847],[20.57292,42.3385],[20.57599,42.33908],[20.57655,42.33899],[20.57668,42.33923],[20.57779,42.33907],[20.58096,42.33928],[20.58191,42.33908],[20.58291,42.33865],[20.58584,42.33657],[20.58922,42.33689],[20.59028,42.33683],[20.59474,42.3355],[20.59925,42.33446],[20.60247,42.33321],[20.60473,42.33273],[20.6035,42.3319],[20.60379,42.33164],[20.60175,42.33022],[20.59964,42.33052],[20.59841,42.33022],[20.60012,42.32881],[20.59992,42.32867],[20.59955,42.32888],[20.59914,42.32862],[20.60016,42.32727],[20.59945,42.32698],[20.60014,42.32584],[20.59881,42.32489],[20.59856,42.32385],[20.598,42.32271],[20.5982,42.32259],[20.59671,42.32118],[20.59386,42.32008],[20.59247,42.32016],[20.59246,42.31945],[20.59409,42.31986],[20.59537,42.3199],[20.59654,42.31977],[20.59807,42.31915],[20.59932,42.31779],[20.59993,42.31675],[20.60165,42.31513],[20.60302,42.31416],[20.60359,42.31319],[20.60362,42.31239],[20.60332,42.31173],[20.60263,42.31097],[20.60233,42.31014],[20.6026,42.30933],[20.604,42.30748],[20.60547,42.30669],[20.60826,42.30651],[20.60901,42.30616],[20.60937,42.30582],[20.60971,42.30473],[20.61066,42.30376],[20.61298,42.30257],[20.6136,42.30277],[20.61666,42.30293],[20.62154,42.30212],[20.62346,42.30114],[20.62534,42.29973],[20.62546,42.30073],[20.62505,42.30359],[20.62462,42.30456],[20.62447,42.30554],[20.62542,42.30787],[20.62589,42.30845],[20.62616,42.30924],[20.62737,42.31063],[20.62735,42.31138],[20.62848,42.31306],[20.62935,42.31376],[20.62993,42.31367],[20.63105,42.31497],[20.63255,42.31589],[20.63466,42.31412],[20.63501,42.31441],[20.63718,42.31304],[20.63751,42.31321],[20.6374,42.31331],[20.63786,42.31364],[20.63775,42.31384],[20.63922,42.31469],[20.63884,42.31504],[20.63961,42.31557],[20.63928,42.31589],[20.64018,42.31704],[20.63997,42.31708],[20.63978,42.31795],[20.64044,42.31855],[20.64096,42.31896],[20.6423,42.31927],[20.6431,42.31983],[20.64322,42.3203],[20.64339,42.32035],[20.64387,42.32104],[20.64379,42.32132],[20.64494,42.3209],[20.64515,42.32064],[20.64558,42.3206],[20.64589,42.32077],[20.64611,42.32113],[20.64593,42.32187],[20.64604,42.32221],[20.64643,42.32237],[20.64653,42.32322],[20.6469,42.32413],[20.64728,42.32457],[20.64764,42.32426],[20.64785,42.32432],[20.64831,42.32485],[20.64891,42.32511],[20.64875,42.32527],[20.64923,42.32559],[20.65041,42.326],[20.65104,42.32588],[20.65152,42.32644],[20.65215,42.3262],[20.65267,42.32665],[20.65211,42.32787],[20.6543,42.32799],[20.65399,42.32832],[20.65517,42.32956],[20.65617,42.33023],[20.65578,42.33079],[20.65799,42.33113],[20.65833,42.33136],[20.65867,42.33127],[20.6597,42.33188],[20.6593,42.33251],[20.65891,42.3325],[20.65881,42.33282],[20.65789,42.33351],[20.65837,42.33401],[20.65779,42.33402],[20.65754,42.33419],[20.65787,42.33455],[20.65745,42.33477],[20.65747,42.33504],[20.65769,42.33508],[20.65695,42.33613],[20.66024,42.33746],[20.66526,42.34081],[20.66747,42.34146],[20.66912,42.34313],[20.67141,42.34427],[20.67157,42.3442],[20.67233,42.34217],[20.67247,42.34114],[20.67409,42.34152],[20.67496,42.34085],[20.67643,42.34143],[20.6785,42.34133],[20.67927,42.34146],[20.679,42.34108],[20.67919,42.34091],[20.67901,42.3409],[20.67895,42.34073],[20.67978,42.3408],[20.68157,42.34041],[20.68164,42.34008],[20.68196,42.33973],[20.68382,42.33864],[20.68394,42.33726],[20.6844,42.33708],[20.68389,42.33644],[20.6843,42.33632],[20.68444,42.33649],[20.68466,42.33642],[20.68456,42.33615],[20.68554,42.33591],[20.68618,42.33592],[20.68676,42.33536],[20.68686,42.33414],[20.68738,42.33363],[20.68699,42.33293],[20.68711,42.33276],[20.68679,42.33234],[20.68697,42.33227],[20.68681,42.33179],[20.68688,42.33138],[20.68652,42.33127],[20.68581,42.33004],[20.68527,42.32963],[20.68388,42.32902],[20.68444,42.32855],[20.68432,42.32852],[20.68656,42.32728],[20.68215,42.32289],[20.68708,42.32024],[20.68711,42.31963],[20.68793,42.31977],[20.69202,42.31758],[20.69252,42.31774],[20.69327,42.31721],[20.69357,42.3167],[20.69444,42.31641],[20.69483,42.31644],[20.69513,42.31576],[20.69511,42.31516],[20.69528,42.31497],[20.69505,42.31421],[20.69472,42.31398],[20.6955,42.31335],[20.69654,42.31512],[20.69726,42.31528],[20.69758,42.31557],[20.69868,42.31804],[20.69974,42.31944],[20.70248,42.31855],[20.70608,42.32448],[20.70685,42.32623],[20.70954,42.32933],[20.70856,42.33022],[20.70778,42.33142],[20.70684,42.33155],[20.70615,42.33194],[20.70455,42.33214],[20.70323,42.33185],[20.70256,42.3332],[20.7034,42.33333],[20.70359,42.33339],[20.70367,42.33366],[20.70399,42.33355],[20.70452,42.33387],[20.70471,42.33383],[20.70518,42.33447],[20.70444,42.3355],[20.70497,42.33585],[20.7044,42.3362],[20.70494,42.3367],[20.7046,42.33738],[20.70453,42.33798],[20.70465,42.33839],[20.70543,42.33855],[20.70474,42.33886],[20.70456,42.33929],[20.70332,42.34017],[20.70405,42.34061],[20.70346,42.34139],[20.70325,42.34227],[20.70334,42.34244],[20.70505,42.34291],[20.70429,42.34394],[20.70489,42.34433],[20.70511,42.34468],[20.7047,42.34495],[20.70787,42.34751],[20.70936,42.34836],[20.71047,42.34945],[20.71082,42.34922],[20.71302,42.34991],[20.71363,42.34925],[20.71417,42.34966],[20.71459,42.34935],[20.71491,42.34969],[20.71511,42.34968],[20.71623,42.35045],[20.71724,42.35038],[20.71721,42.35147],[20.71748,42.35198],[20.71836,42.353],[20.71926,42.35368],[20.72007,42.35461],[20.72231,42.35658],[20.72212,42.35809],[20.72105,42.3595],[20.72035,42.36084],[20.72033,42.36176],[20.72085,42.3632],[20.72218,42.36554],[20.72366,42.36645],[20.72415,42.36738],[20.72427,42.36776],[20.72412,42.36868],[20.72507,42.37146],[20.72544,42.37414],[20.72579,42.37466],[20.72611,42.3759],[20.72581,42.37805],[20.7261,42.37932],[20.72528,42.38497],[20.72548,42.38549],[20.72509,42.38633],[20.72508,42.38732],[20.72463,42.38887],[20.72488,42.3896],[20.72477,42.39025],[20.72523,42.39073],[20.72562,42.39145],[20.72572,42.39214],[20.72514,42.39252],[20.72497,42.39301],[20.72503,42.39346],[20.72463,42.39428],[20.72411,42.3951],[20.72343,42.39568],[20.72338,42.39598],[20.7237,42.39654],[20.72387,42.39731],[20.72344,42.39811],[20.72357,42.3983],[20.72473,42.39858],[20.72517,42.39922],[20.72511,42.39987],[20.72524,42.40003],[20.72643,42.40079],[20.72871,42.40325],[20.72997,42.40397],[20.72885,42.40528],[20.72526,42.40732],[20.72449,42.40647],[20.72285,42.40556],[20.72069,42.40517],[20.71792,42.40371],[20.71577,42.40355],[20.714,42.404],[20.71247,42.40341],[20.71211,42.40609],[20.71081,42.40735],[20.71048,42.40802],[20.71065,42.40901],[20.71166,42.41018],[20.71166,42.41109],[20.71197,42.41275],[20.71123,42.41341],[20.71065,42.41458],[20.70967,42.41534],[20.70903,42.41751],[20.70772,42.41693],[20.70639,42.41695],[20.70384,42.4161],[20.69886,42.41492],[20.69787,42.41423],[20.69634,42.41377],[20.69297,42.41506],[20.69283,42.415],[20.69239,42.41537],[20.69211,42.41525],[20.69153,42.41535],[20.69137,42.41485],[20.69051,42.41522],[20.69034,42.41516],[20.69,42.41558],[20.68964,42.41565],[20.68899,42.41557],[20.68879,42.41578],[20.68694,42.41564],[20.6867,42.41575],[20.68703,42.41652],[20.68723,42.41791],[20.68777,42.41955],[20.68763,42.42195],[20.68786,42.42243],[20.68826,42.423],[20.68905,42.42352],[20.6915,42.4247],[20.69135,42.42559],[20.69143,42.42736],[20.69099,42.43002],[20.69401,42.43062],[20.69541,42.43149],[20.69365,42.43299],[20.69242,42.43431],[20.68817,42.4352],[20.68585,42.43536],[20.68209,42.43627],[20.67813,42.43863],[20.67535,42.4406],[20.67245,42.44226],[20.66969,42.44424],[20.66948,42.44479],[20.66952,42.44741],[20.66929,42.4479],[20.66793,42.4484],[20.66714,42.44909],[20.66543,42.45015],[20.66461,42.4514],[20.66429,42.45246],[20.66433,42.45325],[20.66341,42.45468],[20.66326,42.45521],[20.66353,42.45551],[20.66341,42.4562],[20.66415,42.4582],[20.66494,42.45973],[20.66903,42.46262],[20.671,42.46539],[20.67106,42.46573],[20.67094,42.46668],[20.67043,42.46748],[20.67072,42.46836],[20.67079,42.4706],[20.67009,42.47196],[20.66952,42.4726],[20.66646,42.47366],[20.66423,42.47509],[20.66434,42.47716],[20.6652,42.4786],[20.66552,42.47947],[20.66555,42.48008],[20.66547,42.48042],[20.66356,42.48332],[20.66277,42.48383],[20.66327,42.48425],[20.6641,42.48565],[20.66418,42.48609],[20.66407,42.48639],[20.66341,42.48663],[20.66262,42.4874],[20.66236,42.4879],[20.66257,42.48847],[20.66425,42.48932],[20.66449,42.48958],[20.66214,42.48948],[20.65845,42.49003],[20.65677,42.49058],[20.65537,42.49134],[20.65309,42.49216],[20.65098,42.49327],[20.65023,42.49244],[20.64782,42.49112],[20.64803,42.49074],[20.64749,42.48963],[20.64725,42.48945],[20.64718,42.48899],[20.64732,42.48883],[20.6459,42.48758],[20.64323,42.48628],[20.64249,42.48566],[20.64251,42.48543],[20.64235,42.48533],[20.64109,42.48542],[20.64047,42.48526],[20.63954,42.48405],[20.63895,42.48397],[20.63678,42.48318],[20.63445,42.48275],[20.63292,42.48311],[20.63148,42.48391],[20.6295,42.48408],[20.62812,42.48443],[20.62733,42.48502],[20.62607,42.48546],[20.62242,42.48607],[20.6203,42.48707],[20.61641,42.48829],[20.61467,42.48809],[20.61342,42.48721],[20.60968,42.488],[20.60428,42.4814],[20.59709,42.48566],[20.59715,42.48733],[20.59214,42.48935],[20.59037,42.48918],[20.58906,42.48953],[20.58831,42.48945],[20.58779,42.49038],[20.58594,42.49181],[20.58489,42.49237],[20.58445,42.49309],[20.5845,42.49356],[20.58396,42.49397],[20.58352,42.49477],[20.58188,42.49538],[20.58057,42.49682],[20.57819,42.49779],[20.57726,42.49866],[20.57601,42.49898],[20.57525,42.49961],[20.57492,42.49966],[20.57439,42.50077],[20.57335,42.50168],[20.57165,42.50236],[20.56938,42.50233],[20.56875,42.50216],[20.56852,42.50233],[20.5683,42.50214],[20.56776,42.50209],[20.56656,42.50228],[20.56639,42.5025],[20.56526,42.5029],[20.56538,42.50315],[20.56513,42.50373],[20.56372,42.50425],[20.56338,42.50468],[20.56361,42.50504],[20.56354,42.50566],[20.56337,42.50598],[20.56275,42.50628],[20.56251,42.50686],[20.56261,42.50715],[20.56306,42.5074],[20.56306,42.50754],[20.56235,42.50812],[20.56154,42.50837],[20.56186,42.50944],[20.56178,42.51005],[20.5613,42.51064],[20.56058,42.51083],[20.56024,42.51065],[20.55896,42.51061],[20.55748,42.5111],[20.5588,42.51224],[20.5587,42.51257],[20.5584,42.51319],[20.55744,42.51415],[20.5563,42.5167],[20.55543,42.51738],[20.55497,42.518],[20.55544,42.51901],[20.558,42.52235],[20.55634,42.52325],[20.55662,42.52403],[20.55861,42.52411],[20.55903,42.52396],[20.56019,42.52294],[20.56133,42.52254],[20.5614,42.5231],[20.56172,42.52306],[20.56134,42.52333],[20.5616,42.52373],[20.55993,42.52481],[20.55931,42.52571],[20.5587,42.52573],[20.55771,42.52697],[20.557,42.52712],[20.55528,42.52708],[20.55536,42.52668],[20.55613,42.52559],[20.55615,42.52513],[20.55586,42.52394],[20.55508,42.52237],[20.55467,42.52204],[20.55024,42.51999],[20.54479,42.51918],[20.54385,42.51932],[20.5424,42.52008],[20.54127,42.52027],[20.54002,42.52017],[20.53888,42.51973]]]}},{"type":"Feature","properties":{"name":"Ranillug","slug":"ranillug","sourceName":"Ranillug"},"geometry":{"type":"Polygon","coordinates":[[[21.54027,42.51179],[21.54047,42.51139],[21.5397,42.51155],[21.54175,42.50967],[21.54405,42.5069],[21.545,42.50686],[21.54597,42.50335],[21.54675,42.49977],[21.55065,42.50006],[21.55077,42.49896],[21.5506,42.49826],[21.5507,42.4961],[21.55109,42.49389],[21.55132,42.49346],[21.55097,42.49094],[21.55141,42.48969],[21.55208,42.48871],[21.55209,42.4882],[21.55236,42.48745],[21.55218,42.48648],[21.55235,42.48603],[21.55207,42.48417],[21.55247,42.48271],[21.55418,42.48371],[21.55555,42.48399],[21.55751,42.48465],[21.55882,42.48426],[21.56161,42.48959],[21.56184,42.49125],[21.56331,42.49288],[21.56467,42.49364],[21.56979,42.49567],[21.57089,42.49581],[21.57158,42.49561],[21.5735,42.49644],[21.57336,42.49683],[21.57503,42.49719],[21.57597,42.49705],[21.57625,42.49783],[21.58,42.49704],[21.58017,42.49752],[21.58204,42.49777],[21.58196,42.4976],[21.58245,42.4978],[21.5827,42.4982],[21.58389,42.49806],[21.58536,42.49718],[21.58563,42.49747],[21.58696,42.49663],[21.58596,42.49576],[21.58548,42.49485],[21.58409,42.49434],[21.58405,42.49418],[21.5852,42.49345],[21.58514,42.49312],[21.5842,42.49186],[21.58466,42.49143],[21.58785,42.49015],[21.58935,42.48985],[21.58933,42.48925],[21.5887,42.48894],[21.58798,42.4873],[21.58659,42.48705],[21.58659,42.48648],[21.58532,42.48433],[21.58476,42.48367],[21.58385,42.4839],[21.58375,42.4838],[21.57863,42.48389],[21.57889,42.48193],[21.57685,42.48185],[21.57597,42.48153],[21.57369,42.48162],[21.57286,42.4823],[21.57204,42.48237],[21.57165,42.48214],[21.57156,42.48176],[21.57132,42.48163],[21.57075,42.48164],[21.56999,42.48173],[21.56874,42.48218],[21.56843,42.48213],[21.56834,42.48193],[21.56772,42.48187],[21.56735,42.4823],[21.5671,42.48216],[21.5667,42.48241],[21.56636,42.48223],[21.56581,42.4825],[21.55982,42.48065],[21.55389,42.47832],[21.55153,42.47704],[21.55315,42.47292],[21.55852,42.4759],[21.56519,42.47847],[21.56969,42.47961],[21.57106,42.47984],[21.57135,42.47972],[21.57159,42.47991],[21.57272,42.47932],[21.57343,42.4794],[21.57363,42.4796],[21.57412,42.47958],[21.57438,42.47932],[21.57629,42.47907],[21.57666,42.47918],[21.57668,42.47951],[21.57726,42.47987],[21.57764,42.47969],[21.57792,42.47976],[21.57857,42.47919],[21.57933,42.47909],[21.57987,42.47921],[21.5809,42.47897],[21.58182,42.47927],[21.58399,42.47938],[21.58372,42.48133],[21.5841,42.48134],[21.58899,42.48132],[21.59024,42.48092],[21.5913,42.48025],[21.59116,42.48011],[21.59165,42.48021],[21.59286,42.48001],[21.59384,42.48007],[21.59383,42.4797],[21.59323,42.47955],[21.59259,42.47877],[21.59084,42.47828],[21.59062,42.47809],[21.5907,42.4777],[21.59017,42.47753],[21.59032,42.47706],[21.58973,42.47649],[21.58975,42.47614],[21.5901,42.47575],[21.59077,42.47564],[21.59083,42.47514],[21.59059,42.47498],[21.59004,42.47506],[21.58883,42.47371],[21.58894,42.47332],[21.58883,42.47299],[21.58908,42.47287],[21.5894,42.47226],[21.58895,42.47195],[21.58892,42.47146],[21.58909,42.47135],[21.58964,42.4716],[21.58994,42.47143],[21.59078,42.47151],[21.59102,42.4718],[21.59202,42.47172],[21.59251,42.47129],[21.59256,42.47053],[21.59311,42.47007],[21.59358,42.46893],[21.59461,42.46866],[21.59482,42.46794],[21.59554,42.46769],[21.59589,42.46738],[21.59638,42.46763],[21.59677,42.46689],[21.59683,42.4664],[21.5967,42.46463],[21.59701,42.46432],[21.59679,42.46414],[21.59732,42.46401],[21.59734,42.46333],[21.59801,42.46338],[21.59835,42.46304],[21.60094,42.46282],[21.60146,42.46252],[21.60238,42.46257],[21.61061,42.46171],[21.61625,42.46048],[21.62043,42.46022],[21.61985,42.45898],[21.61974,42.45837],[21.62068,42.45737],[21.62131,42.45637],[21.62214,42.45558],[21.62238,42.45429],[21.62281,42.45327],[21.62339,42.45471],[21.62421,42.45546],[21.62505,42.45587],[21.62615,42.45596],[21.62633,42.45618],[21.62737,42.45653],[21.62882,42.45732],[21.62903,42.45954],[21.63076,42.45956],[21.63137,42.45993],[21.63206,42.46132],[21.63288,42.46136],[21.63349,42.46249],[21.63673,42.46411],[21.63988,42.46655],[21.64024,42.46741],[21.64211,42.46867],[21.64326,42.46867],[21.64367,42.46924],[21.64504,42.46922],[21.64932,42.47272],[21.65046,42.473],[21.65136,42.47299],[21.65725,42.47573],[21.65785,42.47632],[21.65711,42.47767],[21.65901,42.47877],[21.65977,42.47998],[21.65819,42.48212],[21.65821,42.48379],[21.65889,42.48414],[21.66058,42.48434],[21.66147,42.48522],[21.66224,42.48468],[21.66325,42.48434],[21.66984,42.48415],[21.67142,42.48459],[21.67168,42.48554],[21.67209,42.48591],[21.67032,42.48702],[21.66929,42.48825],[21.66883,42.48934],[21.66885,42.49116],[21.66757,42.49209],[21.66716,42.49262],[21.66723,42.49302],[21.66871,42.49331],[21.67113,42.49407],[21.67178,42.4949],[21.67268,42.49517],[21.67415,42.49648],[21.68062,42.49967],[21.68247,42.49977],[21.69066,42.50238],[21.69144,42.50318],[21.69216,42.50463],[21.6937,42.50529],[21.69228,42.50727],[21.69153,42.50786],[21.69138,42.50887],[21.692,42.50965],[21.69111,42.51077],[21.69155,42.51323],[21.69218,42.51507],[21.69469,42.51559],[21.69206,42.51759],[21.67972,42.52093],[21.67084,42.5237],[21.66541,42.52638],[21.66221,42.52755],[21.65116,42.5279],[21.64464,42.52833],[21.63981,42.5307],[21.63653,42.53393],[21.62618,42.54044],[21.61824,42.5446],[21.61458,42.54319],[21.61374,42.54098],[21.61076,42.53867],[21.60616,42.53845],[21.58848,42.5357],[21.58097,42.53541],[21.5732,42.53703],[21.57009,42.53911],[21.56325,42.5403],[21.55801,42.54008],[21.55404,42.54259],[21.54975,42.54389],[21.54823,42.54782],[21.5449,42.5516],[21.54119,42.55353],[21.53477,42.55415],[21.5292,42.55309],[21.5243,42.55138],[21.52065,42.55102],[21.51568,42.54989],[21.51126,42.54966],[21.5124,42.54851],[21.51913,42.54567],[21.52078,42.54182],[21.51983,42.54027],[21.52138,42.53926],[21.52309,42.53734],[21.52654,42.53875],[21.53163,42.53556],[21.53718,42.53087],[21.53521,42.52863],[21.53827,42.52648],[21.53797,42.52554],[21.53658,42.52383],[21.53657,42.52315],[21.53791,42.52198],[21.54086,42.52181],[21.54073,42.52327],[21.54113,42.5239],[21.5423,42.52422],[21.54262,42.52365],[21.54354,42.52339],[21.54593,42.52352],[21.54742,42.52551],[21.5466,42.5267],[21.54872,42.52637],[21.54969,42.52548],[21.54989,42.52366],[21.54649,42.52114],[21.54597,42.51983],[21.54444,42.52033],[21.54366,42.51978],[21.54451,42.51863],[21.54733,42.51747],[21.5478,42.51564],[21.54856,42.51501],[21.54791,42.51445],[21.54666,42.51445],[21.54337,42.51395],[21.54293,42.51307],[21.54027,42.51179]]]}},{"type":"Feature","properties":{"name":"Skenderaj","slug":"skenderaj","sourceName":"Skënderaj"},"geometry":{"type":"Polygon","coordinates":[[[20.61946,42.71653],[20.6196,42.71607],[20.62068,42.71495],[20.62122,42.71399],[20.62155,42.70962],[20.6219,42.70859],[20.62279,42.70735],[20.62361,42.70676],[20.62511,42.70634],[20.62542,42.70607],[20.62648,42.7059],[20.62721,42.7052],[20.6292,42.70463],[20.63424,42.70538],[20.63422,42.70502],[20.63373,42.70429],[20.63439,42.70358],[20.6344,42.70096],[20.63434,42.70076],[20.63378,42.70044],[20.63379,42.69936],[20.6333,42.69839],[20.6335,42.69777],[20.63299,42.69729],[20.63324,42.69689],[20.63377,42.6967],[20.6346,42.69565],[20.63456,42.6952],[20.63483,42.69509],[20.63494,42.69481],[20.63613,42.69478],[20.6361,42.69375],[20.63577,42.69336],[20.63567,42.69286],[20.6372,42.69166],[20.63792,42.69033],[20.63839,42.6899],[20.63829,42.68934],[20.63912,42.68894],[20.63996,42.68764],[20.64239,42.68477],[20.64431,42.68075],[20.64666,42.67787],[20.64737,42.67738],[20.64855,42.67706],[20.6535,42.67471],[20.65698,42.674],[20.65937,42.67312],[20.66116,42.67304],[20.66392,42.67376],[20.66772,42.67356],[20.67008,42.67362],[20.67604,42.67528],[20.67615,42.67503],[20.67876,42.67665],[20.68132,42.67861],[20.68195,42.67937],[20.68224,42.68011],[20.68341,42.68171],[20.68365,42.68231],[20.68442,42.68441],[20.68469,42.68641],[20.68787,42.68663],[20.68828,42.68703],[20.68851,42.68794],[20.689,42.68847],[20.69276,42.68706],[20.69368,42.68688],[20.69357,42.6865],[20.69261,42.68545],[20.69274,42.68488],[20.69389,42.68431],[20.69533,42.68403],[20.69743,42.68233],[20.69966,42.68007],[20.70025,42.67976],[20.70019,42.6795],[20.70035,42.6792],[20.70194,42.67748],[20.70233,42.67623],[20.7012,42.67326],[20.7009,42.67085],[20.70127,42.66934],[20.70154,42.6689],[20.702,42.66842],[20.70288,42.66786],[20.70397,42.66747],[20.7043,42.66711],[20.70479,42.66459],[20.70466,42.6607],[20.70431,42.65958],[20.703,42.65859],[20.70027,42.65742],[20.69874,42.65577],[20.69786,42.65367],[20.69729,42.65293],[20.69732,42.65216],[20.6959,42.64813],[20.69623,42.64716],[20.69625,42.64679],[20.69594,42.64614],[20.69615,42.64546],[20.69617,42.64444],[20.69597,42.64325],[20.69537,42.64202],[20.69516,42.64102],[20.69537,42.64037],[20.69528,42.63981],[20.69609,42.63792],[20.69611,42.63739],[20.69684,42.63701],[20.69714,42.636],[20.69761,42.6356],[20.69733,42.63531],[20.69738,42.63483],[20.69884,42.63372],[20.70123,42.63119],[20.70275,42.63071],[20.70437,42.63057],[20.70545,42.63088],[20.70686,42.63099],[20.71177,42.63103],[20.71201,42.63097],[20.71207,42.63054],[20.71246,42.63067],[20.71335,42.63029],[20.71679,42.63113],[20.71853,42.63199],[20.71951,42.63182],[20.7205,42.63087],[20.72223,42.63018],[20.7226,42.63013],[20.72308,42.6307],[20.72372,42.63082],[20.72439,42.63073],[20.72546,42.62994],[20.72622,42.63009],[20.72673,42.6292],[20.72715,42.6293],[20.72789,42.62832],[20.72881,42.62611],[20.72938,42.62595],[20.73008,42.62614],[20.73065,42.62589],[20.73124,42.62506],[20.73096,42.62463],[20.73133,42.62389],[20.73166,42.62367],[20.73223,42.62373],[20.73299,42.6233],[20.73345,42.62231],[20.73427,42.62113],[20.73467,42.6209],[20.73546,42.6208],[20.73572,42.62043],[20.73583,42.61986],[20.73505,42.61909],[20.73633,42.61857],[20.73677,42.61815],[20.73715,42.61814],[20.73811,42.61704],[20.73841,42.61692],[20.73843,42.61641],[20.73825,42.61596],[20.73756,42.6154],[20.73733,42.6148],[20.73758,42.61438],[20.7387,42.61424],[20.73926,42.61396],[20.73973,42.61333],[20.73968,42.61306],[20.73915,42.61241],[20.73903,42.61145],[20.73921,42.61095],[20.73966,42.61058],[20.73934,42.61013],[20.73957,42.60972],[20.73946,42.60894],[20.73895,42.6083],[20.73896,42.60796],[20.73926,42.60754],[20.74187,42.60638],[20.7428,42.60616],[20.74338,42.60635],[20.74395,42.60616],[20.74414,42.60598],[20.74402,42.60545],[20.74499,42.60488],[20.74559,42.6049],[20.74594,42.60458],[20.74671,42.60489],[20.74735,42.60453],[20.74881,42.60483],[20.74927,42.60506],[20.74934,42.60541],[20.7496,42.60554],[20.75036,42.60513],[20.75143,42.60502],[20.75337,42.60559],[20.75744,42.60624],[20.75853,42.60663],[20.75843,42.60676],[20.75869,42.60707],[20.76043,42.6078],[20.76215,42.60827],[20.76269,42.6087],[20.76437,42.60923],[20.76507,42.60973],[20.76512,42.61096],[20.76585,42.61189],[20.76614,42.61283],[20.76672,42.61281],[20.76738,42.61329],[20.76734,42.61375],[20.76706,42.61415],[20.76735,42.61435],[20.76715,42.61476],[20.76736,42.61494],[20.76698,42.61538],[20.76787,42.61658],[20.76668,42.61731],[20.76655,42.61762],[20.76656,42.61901],[20.76698,42.62109],[20.76642,42.62173],[20.76639,42.62315],[20.76539,42.62385],[20.76444,42.62413],[20.76419,42.62448],[20.76405,42.62523],[20.76462,42.62691],[20.76418,42.62755],[20.76346,42.62782],[20.76343,42.6281],[20.76389,42.62901],[20.76373,42.62972],[20.76378,42.63061],[20.76416,42.63129],[20.76427,42.63191],[20.764,42.63249],[20.76457,42.63308],[20.76444,42.6334],[20.76454,42.63383],[20.76518,42.63397],[20.76506,42.6349],[20.76527,42.63525],[20.76577,42.63546],[20.76577,42.63565],[20.76559,42.63563],[20.76555,42.63578],[20.76596,42.63612],[20.76579,42.63662],[20.76629,42.63696],[20.76599,42.63743],[20.76635,42.63781],[20.76629,42.63828],[20.76656,42.63833],[20.76661,42.63868],[20.76883,42.64052],[20.76869,42.64084],[20.76701,42.64183],[20.76789,42.64202],[20.7686,42.64237],[20.77031,42.64383],[20.77087,42.64396],[20.77134,42.64495],[20.77204,42.64577],[20.77249,42.64592],[20.7737,42.64753],[20.77401,42.64873],[20.77372,42.64955],[20.77337,42.64997],[20.77336,42.6507],[20.77353,42.65077],[20.77355,42.65113],[20.77241,42.65165],[20.77191,42.65272],[20.77093,42.65246],[20.77055,42.65295],[20.77051,42.65343],[20.77022,42.65352],[20.7703,42.65383],[20.77077,42.65393],[20.77069,42.65419],[20.77033,42.65457],[20.76909,42.65691],[20.76919,42.65797],[20.76988,42.65837],[20.76945,42.65976],[20.77046,42.66035],[20.77204,42.6605],[20.773,42.66037],[20.77445,42.66043],[20.77517,42.66002],[20.77599,42.65977],[20.78131,42.65983],[20.78388,42.65922],[20.78583,42.65948],[20.78704,42.66025],[20.79155,42.66156],[20.7925,42.6621],[20.79321,42.66275],[20.79362,42.6634],[20.79432,42.66335],[20.79448,42.66293],[20.79482,42.66296],[20.7956,42.66354],[20.79618,42.66377],[20.79713,42.66471],[20.79768,42.66463],[20.79975,42.66513],[20.80084,42.66511],[20.80069,42.66483],[20.79957,42.66408],[20.80037,42.66394],[20.79995,42.66342],[20.8004,42.6632],[20.79909,42.66189],[20.79972,42.66145],[20.8,42.66093],[20.80091,42.66028],[20.80125,42.66034],[20.80187,42.66071],[20.80186,42.66092],[20.80218,42.66136],[20.80297,42.66216],[20.80319,42.66251],[20.80335,42.66352],[20.8041,42.66451],[20.80489,42.66427],[20.80687,42.66317],[20.80806,42.66321],[20.80851,42.66304],[20.80898,42.66321],[20.80902,42.6637],[20.80929,42.66414],[20.81039,42.66445],[20.81207,42.66541],[20.81251,42.66482],[20.81352,42.66417],[20.81546,42.66552],[20.81619,42.66632],[20.81651,42.66639],[20.81761,42.6659],[20.81795,42.66588],[20.81817,42.66685],[20.81937,42.66658],[20.81984,42.66708],[20.82036,42.66824],[20.82111,42.66836],[20.82127,42.6691],[20.82209,42.66895],[20.82336,42.66948],[20.82307,42.66959],[20.82307,42.66977],[20.82256,42.66981],[20.82264,42.66994],[20.82229,42.66997],[20.8218,42.67028],[20.82162,42.67077],[20.8211,42.67112],[20.82114,42.67156],[20.82062,42.67168],[20.8203,42.67203],[20.81965,42.67201],[20.81926,42.67288],[20.81888,42.67292],[20.81857,42.67352],[20.81867,42.67383],[20.8184,42.67407],[20.81816,42.67484],[20.81792,42.67486],[20.81691,42.6783],[20.81621,42.67906],[20.81623,42.68001],[20.81599,42.68031],[20.8152,42.68317],[20.81437,42.68408],[20.81447,42.68473],[20.81545,42.6869],[20.81256,42.68864],[20.81323,42.69002],[20.81535,42.69238],[20.81624,42.69198],[20.81658,42.69149],[20.81821,42.692],[20.82176,42.69235],[20.8242,42.69327],[20.82543,42.6951],[20.82906,42.69441],[20.8299,42.69534],[20.83085,42.69538],[20.83096,42.69518],[20.83579,42.69551],[20.83499,42.6983],[20.83473,42.69868],[20.83583,42.69832],[20.83678,42.69892],[20.83634,42.69931],[20.83561,42.7013],[20.83621,42.7016],[20.83701,42.70088],[20.83737,42.70079],[20.83984,42.70261],[20.83935,42.70308],[20.84035,42.70356],[20.84045,42.70343],[20.8418,42.70468],[20.84223,42.70484],[20.84364,42.70486],[20.84532,42.70562],[20.84666,42.70661],[20.84787,42.70565],[20.84883,42.7053],[20.84913,42.70555],[20.8499,42.70467],[20.85079,42.70442],[20.85114,42.7041],[20.85174,42.70437],[20.85381,42.7028],[20.85577,42.70175],[20.85679,42.70045],[20.85768,42.70131],[20.85799,42.70142],[20.85801,42.70195],[20.85909,42.70217],[20.85963,42.70272],[20.86029,42.70303],[20.86218,42.70313],[20.86422,42.70294],[20.86439,42.70265],[20.86585,42.70206],[20.86579,42.7019],[20.86616,42.70152],[20.86597,42.70123],[20.86582,42.70125],[20.86593,42.70063],[20.86632,42.70057],[20.86686,42.69992],[20.86832,42.69914],[20.86874,42.69857],[20.86802,42.69787],[20.86827,42.69782],[20.868,42.69724],[20.86828,42.69662],[20.8684,42.69679],[20.86883,42.69651],[20.86961,42.69681],[20.86964,42.69702],[20.87006,42.69677],[20.86995,42.69661],[20.86978,42.6967],[20.86971,42.69628],[20.86939,42.69614],[20.8692,42.69564],[20.86936,42.69523],[20.8701,42.6951],[20.86967,42.69372],[20.87078,42.69249],[20.87087,42.69164],[20.87167,42.6917],[20.87215,42.6919],[20.87354,42.69185],[20.8745,42.69165],[20.87521,42.69116],[20.8771,42.68844],[20.87809,42.6882],[20.87818,42.6879],[20.87869,42.68736],[20.87868,42.68611],[20.879,42.68535],[20.87952,42.68482],[20.88284,42.68708],[20.88316,42.68772],[20.88419,42.68884],[20.88497,42.68906],[20.88541,42.68949],[20.88845,42.69415],[20.8904,42.69789],[20.89082,42.6979],[20.89082,42.69865],[20.89175,42.70101],[20.89392,42.70291],[20.89514,42.70254],[20.89597,42.7025],[20.89613,42.7027],[20.89605,42.70302],[20.89644,42.70303],[20.89663,42.70323],[20.89651,42.70336],[20.89696,42.70423],[20.89684,42.70462],[20.89705,42.70471],[20.89699,42.70486],[20.89843,42.705],[20.89837,42.7055],[20.89928,42.70559],[20.89982,42.70586],[20.90106,42.70706],[20.90129,42.7076],[20.90165,42.70746],[20.90211,42.70786],[20.90309,42.7083],[20.90361,42.70876],[20.90365,42.70901],[20.90395,42.70912],[20.90602,42.71202],[20.90667,42.71256],[20.90739,42.71291],[20.90723,42.71302],[20.90776,42.71352],[20.90804,42.71424],[20.90875,42.71475],[20.90931,42.71471],[20.91004,42.715],[20.90979,42.71589],[20.91029,42.71678],[20.91098,42.71687],[20.9111,42.71647],[20.91169,42.71565],[20.91439,42.71401],[20.92026,42.7122],[20.92034,42.71204],[20.9237,42.71229],[20.92888,42.71446],[20.93151,42.71529],[20.93413,42.71663],[20.93573,42.71759],[20.93624,42.71811],[20.9381,42.71893],[20.93928,42.71985],[20.93951,42.72062],[20.94019,42.72119],[20.94064,42.7219],[20.94208,42.72275],[20.94281,42.72298],[20.94311,42.72366],[20.94402,42.72366],[20.94434,42.7232],[20.94526,42.72281],[20.94534,42.72359],[20.94511,42.7244],[20.94456,42.72492],[20.94276,42.72532],[20.94214,42.72603],[20.94215,42.72652],[20.94174,42.72752],[20.93994,42.72922],[20.93919,42.73038],[20.93768,42.73187],[20.9366,42.73222],[20.93404,42.73545],[20.93005,42.73863],[20.92979,42.73895],[20.92968,42.73944],[20.92982,42.74081],[20.92973,42.74157],[20.9295,42.74184],[20.92957,42.74211],[20.92896,42.74282],[20.92699,42.74445],[20.92648,42.74446],[20.92605,42.74499],[20.92459,42.74542],[20.92383,42.7459],[20.92179,42.74616],[20.91668,42.74796],[20.91206,42.74883],[20.90912,42.74885],[20.90677,42.75039],[20.90514,42.75198],[20.90395,42.7526],[20.90293,42.75292],[20.90216,42.75267],[20.90152,42.75278],[20.90057,42.75369],[20.90031,42.75432],[20.89977,42.75405],[20.89822,42.75433],[20.89702,42.75424],[20.89496,42.75374],[20.89623,42.75258],[20.8973,42.75201],[20.89627,42.75129],[20.8955,42.75117],[20.89502,42.75125],[20.89369,42.75041],[20.89325,42.75045],[20.89273,42.75075],[20.89126,42.74702],[20.89019,42.7456],[20.88961,42.74434],[20.88901,42.74521],[20.88819,42.74567],[20.88641,42.74608],[20.88589,42.7464],[20.88386,42.74623],[20.88121,42.74672],[20.87764,42.74614],[20.87474,42.74405],[20.87414,42.74384],[20.87306,42.7438],[20.87243,42.74399],[20.87135,42.74484],[20.87096,42.74567],[20.87071,42.74587],[20.86994,42.74623],[20.86628,42.74724],[20.86498,42.74841],[20.86318,42.74938],[20.86259,42.75014],[20.8618,42.75049],[20.86069,42.75128],[20.85998,42.75297],[20.86089,42.75505],[20.86117,42.75713],[20.86373,42.75876],[20.86406,42.75863],[20.86477,42.75919],[20.86638,42.75933],[20.86669,42.75952],[20.86679,42.75984],[20.86732,42.76005],[20.86735,42.76034],[20.86766,42.76069],[20.86843,42.76123],[20.86839,42.7615],[20.86867,42.76168],[20.86854,42.7618],[20.86905,42.76227],[20.86914,42.76272],[20.86935,42.76286],[20.86944,42.76388],[20.8689,42.76608],[20.8691,42.76731],[20.86933,42.76753],[20.86891,42.76887],[20.86851,42.76954],[20.86844,42.76995],[20.86862,42.77062],[20.86819,42.77147],[20.86912,42.77177],[20.86852,42.77309],[20.86583,42.77339],[20.86424,42.77386],[20.86108,42.77508],[20.8607,42.77536],[20.85914,42.77549],[20.85788,42.77613],[20.85704,42.77695],[20.85854,42.77777],[20.86109,42.78007],[20.86016,42.78107],[20.85824,42.78269],[20.85796,42.78343],[20.85772,42.78516],[20.85661,42.78626],[20.85621,42.78612],[20.85624,42.78702],[20.85655,42.78749],[20.85683,42.78843],[20.85791,42.78949],[20.85815,42.78998],[20.85953,42.7905],[20.85986,42.79076],[20.86029,42.79196],[20.86189,42.79213],[20.86134,42.79283],[20.86142,42.79314],[20.86116,42.79343],[20.86051,42.79352],[20.86111,42.79603],[20.86245,42.79656],[20.86416,42.79626],[20.86251,42.79739],[20.86114,42.79958],[20.86148,42.80027],[20.8612,42.80061],[20.85875,42.80186],[20.85747,42.80311],[20.85628,42.80396],[20.85485,42.80562],[20.85425,42.80583],[20.85382,42.807],[20.8531,42.80759],[20.85049,42.81203],[20.84867,42.81336],[20.84718,42.81603],[20.84659,42.81672],[20.84647,42.81736],[20.84605,42.81792],[20.84297,42.81908],[20.84028,42.8156],[20.83845,42.8149],[20.83761,42.81399],[20.83665,42.81344],[20.83527,42.8136],[20.83412,42.81403],[20.83223,42.81423],[20.83145,42.8148],[20.83039,42.81614],[20.8294,42.81691],[20.8289,42.81789],[20.82759,42.81862],[20.82697,42.81985],[20.82711,42.82021],[20.82699,42.82084],[20.8263,42.82226],[20.82578,42.82288],[20.82441,42.82309],[20.82379,42.82356],[20.82123,42.82305],[20.81601,42.8214],[20.8148,42.82086],[20.80867,42.81983],[20.80794,42.81956],[20.80656,42.82015],[20.80536,42.82019],[20.80465,42.82115],[20.80378,42.82161],[20.80144,42.82226],[20.80084,42.82228],[20.79961,42.82309],[20.79804,42.82365],[20.79672,42.82377],[20.79586,42.82422],[20.79543,42.82377],[20.79394,42.82337],[20.7932,42.82328],[20.79229,42.82355],[20.79207,42.82332],[20.79183,42.82254],[20.79123,42.82278],[20.78904,42.82169],[20.78887,42.82129],[20.78849,42.82104],[20.78625,42.8199],[20.78548,42.81889],[20.78451,42.81881],[20.78425,42.81798],[20.78403,42.81797],[20.78388,42.81828],[20.78306,42.819],[20.78283,42.81971],[20.7823,42.82026],[20.7821,42.82083],[20.78227,42.82146],[20.78207,42.82187],[20.78194,42.82313],[20.78216,42.82407],[20.7819,42.82455],[20.78143,42.82496],[20.78091,42.826],[20.77985,42.82611],[20.77818,42.82659],[20.77717,42.82715],[20.77511,42.82766],[20.77344,42.82848],[20.77184,42.82868],[20.77173,42.8295],[20.77044,42.83146],[20.76842,42.83211],[20.7683,42.83234],[20.7671,42.83304],[20.76672,42.83343],[20.76643,42.83398],[20.76646,42.8348],[20.7662,42.83556],[20.76539,42.83608],[20.76479,42.83614],[20.76348,42.838],[20.7644,42.83911],[20.76484,42.84031],[20.76434,42.84179],[20.76333,42.84109],[20.76283,42.84033],[20.76101,42.83977],[20.7588,42.83966],[20.7585,42.83944],[20.75703,42.83967],[20.75655,42.83959],[20.75624,42.84019],[20.75596,42.84034],[20.75545,42.84136],[20.75545,42.84177],[20.75473,42.8428],[20.75323,42.84336],[20.75191,42.84212],[20.74974,42.84209],[20.74749,42.84243],[20.74596,42.84194],[20.745,42.8401],[20.74523,42.8393],[20.74618,42.83884],[20.74681,42.83832],[20.7469,42.83633],[20.74746,42.83443],[20.7486,42.83275],[20.74865,42.83219],[20.74884,42.83188],[20.74873,42.83078],[20.749,42.82955],[20.74894,42.82884],[20.74953,42.82692],[20.75026,42.82587],[20.75125,42.82307],[20.75367,42.81958],[20.75362,42.81875],[20.75294,42.81704],[20.75176,42.81619],[20.75059,42.81579],[20.75083,42.81549],[20.75063,42.8152],[20.75085,42.81508],[20.75052,42.81394],[20.75025,42.81372],[20.75018,42.81303],[20.74974,42.81276],[20.74995,42.81234],[20.74915,42.81183],[20.74923,42.81097],[20.7489,42.81063],[20.74903,42.81023],[20.74879,42.80956],[20.74917,42.80923],[20.74743,42.80972],[20.74715,42.81009],[20.747,42.81066],[20.74561,42.81165],[20.7454,42.81231],[20.7447,42.81292],[20.74395,42.81323],[20.74369,42.81361],[20.74248,42.81424],[20.74193,42.81501],[20.74083,42.81527],[20.73993,42.81613],[20.73949,42.81678],[20.73941,42.81723],[20.73853,42.81772],[20.73816,42.81852],[20.73791,42.81869],[20.7379,42.81898],[20.737,42.81968],[20.73658,42.82061],[20.73599,42.82084],[20.73607,42.821],[20.73556,42.82146],[20.73523,42.82129],[20.73346,42.82216],[20.73249,42.82247],[20.73087,42.82321],[20.7307,42.82349],[20.72913,42.82404],[20.72707,42.82523],[20.72516,42.82547],[20.72374,42.82546],[20.72274,42.82575],[20.72222,42.82637],[20.72183,42.82656],[20.71785,42.82711],[20.71617,42.82767],[20.71568,42.82793],[20.71542,42.82847],[20.71511,42.82816],[20.71453,42.8283],[20.7141,42.82901],[20.71289,42.82979],[20.71306,42.83032],[20.71263,42.83122],[20.71145,42.83255],[20.71028,42.83334],[20.70961,42.83403],[20.70948,42.8346],[20.70918,42.83506],[20.70803,42.83991],[20.70806,42.84074],[20.70833,42.84162],[20.70829,42.84215],[20.70805,42.84257],[20.70686,42.844],[20.70635,42.84421],[20.70622,42.84446],[20.70443,42.8447],[20.70341,42.84513],[20.70254,42.84569],[20.70216,42.84632],[20.70136,42.84692],[20.70176,42.84745],[20.70242,42.84918],[20.70221,42.85],[20.70197,42.85021],[20.70193,42.85129],[20.70103,42.85243],[20.70139,42.85269],[20.70194,42.85255],[20.70288,42.85262],[20.70322,42.85235],[20.70414,42.85371],[20.70285,42.85465],[20.70272,42.85505],[20.70217,42.85511],[20.70179,42.85541],[20.70127,42.85655],[20.70007,42.85746],[20.69858,42.85843],[20.69735,42.85868],[20.69765,42.85914],[20.69704,42.86015],[20.6966,42.86049],[20.69577,42.86062],[20.69478,42.86141],[20.69108,42.86146],[20.68823,42.86187],[20.68553,42.86199],[20.68534,42.86158],[20.68483,42.86144],[20.68462,42.86159],[20.68426,42.86151],[20.68368,42.86062],[20.68394,42.86],[20.68338,42.85969],[20.68301,42.85887],[20.68231,42.85812],[20.67908,42.85772],[20.67765,42.85791],[20.67746,42.85783],[20.67713,42.85719],[20.67555,42.85584],[20.67495,42.85495],[20.67402,42.85528],[20.6739,42.85499],[20.67337,42.85507],[20.67224,42.85489],[20.67199,42.85492],[20.67179,42.85515],[20.67158,42.85493],[20.66994,42.85457],[20.66893,42.85393],[20.66718,42.85428],[20.66641,42.85465],[20.66565,42.85546],[20.66417,42.85522],[20.66362,42.85532],[20.66164,42.85622],[20.6601,42.85655],[20.65935,42.85687],[20.65831,42.85768],[20.65784,42.85837],[20.65709,42.85888],[20.65712,42.86001],[20.65665,42.86036],[20.6563,42.86119],[20.65422,42.86312],[20.65296,42.86385],[20.6525,42.86358],[20.65274,42.86164],[20.65334,42.86087],[20.65326,42.86037],[20.6535,42.85966],[20.65277,42.85775],[20.65311,42.85563],[20.65427,42.8539],[20.65521,42.85345],[20.65585,42.85276],[20.65624,42.85217],[20.65631,42.85126],[20.65752,42.85051],[20.65743,42.84828],[20.65759,42.84799],[20.65753,42.84737],[20.65734,42.84711],[20.65614,42.84685],[20.65513,42.84542],[20.65478,42.84524],[20.65389,42.84416],[20.65349,42.84431],[20.65152,42.84327],[20.65118,42.84282],[20.65043,42.84246],[20.65029,42.8419],[20.64956,42.84126],[20.64971,42.84091],[20.64974,42.83973],[20.64996,42.83934],[20.6497,42.83869],[20.65006,42.83803],[20.64988,42.83774],[20.65051,42.83599],[20.65055,42.83515],[20.65101,42.83437],[20.65082,42.834],[20.65091,42.83307],[20.65063,42.83239],[20.65076,42.8316],[20.64998,42.83033],[20.65002,42.82998],[20.64958,42.82923],[20.64958,42.82836],[20.65001,42.82802],[20.64998,42.82735],[20.64958,42.82694],[20.64934,42.82623],[20.64931,42.82518],[20.64882,42.8232],[20.64823,42.82246],[20.6479,42.82242],[20.64781,42.82195],[20.64693,42.82127],[20.6467,42.82041],[20.64641,42.82006],[20.6464,42.81966],[20.64615,42.81966],[20.646,42.81948],[20.64588,42.81864],[20.64547,42.81816],[20.64563,42.81773],[20.6455,42.81732],[20.64513,42.817],[20.64453,42.8169],[20.64415,42.81666],[20.644,42.81633],[20.64342,42.81608],[20.64291,42.81505],[20.6426,42.81496],[20.64244,42.81455],[20.64292,42.81313],[20.64286,42.81195],[20.64313,42.81176],[20.6432,42.81102],[20.64351,42.81071],[20.64328,42.81045],[20.6436,42.81004],[20.64333,42.80891],[20.64337,42.8083],[20.64365,42.80787],[20.64328,42.80755],[20.64357,42.80741],[20.64357,42.80677],[20.64389,42.80661],[20.64354,42.80587],[20.64382,42.80529],[20.64404,42.80518],[20.64404,42.80492],[20.64441,42.80461],[20.64453,42.80417],[20.64432,42.80377],[20.6444,42.80216],[20.64426,42.80184],[20.64472,42.8013],[20.64447,42.80077],[20.64452,42.80025],[20.64435,42.79981],[20.64438,42.79929],[20.64461,42.79896],[20.64471,42.79839],[20.64449,42.79776],[20.64478,42.79691],[20.64463,42.79663],[20.64484,42.7943],[20.6435,42.79352],[20.64342,42.79325],[20.64309,42.79304],[20.64364,42.79229],[20.64293,42.79152],[20.64231,42.78964],[20.64236,42.78894],[20.64222,42.7888],[20.64247,42.78854],[20.6425,42.78819],[20.64161,42.78784],[20.64119,42.78744],[20.64124,42.78693],[20.64098,42.78637],[20.64156,42.78575],[20.64143,42.78517],[20.64113,42.78443],[20.64072,42.78444],[20.64055,42.78422],[20.64041,42.78328],[20.63953,42.78266],[20.63973,42.7823],[20.63958,42.78198],[20.63875,42.78177],[20.6383,42.78144],[20.63728,42.78159],[20.63667,42.78146],[20.63655,42.78116],[20.63609,42.78109],[20.63574,42.78065],[20.63535,42.78056],[20.63509,42.78027],[20.63364,42.77976],[20.63231,42.77958],[20.63207,42.77934],[20.6323,42.77898],[20.63213,42.77892],[20.63094,42.77862],[20.63086,42.77878],[20.6302,42.77874],[20.62997,42.77904],[20.62905,42.77852],[20.62882,42.77809],[20.63038,42.77732],[20.62888,42.7769],[20.62914,42.77648],[20.62963,42.77624],[20.63015,42.7753],[20.63084,42.77451],[20.63181,42.77466],[20.63375,42.77383],[20.635,42.77465],[20.63636,42.7738],[20.6349,42.77314],[20.63541,42.77234],[20.63475,42.77218],[20.63427,42.77183],[20.63426,42.77164],[20.63465,42.77143],[20.63497,42.77075],[20.63484,42.77047],[20.63495,42.77006],[20.63704,42.76749],[20.63693,42.76707],[20.63724,42.76669],[20.63916,42.76566],[20.64084,42.7639],[20.64083,42.7634],[20.64112,42.76237],[20.64184,42.76135],[20.64169,42.76102],[20.64209,42.76044],[20.64242,42.75946],[20.6423,42.75882],[20.64304,42.75812],[20.64411,42.75743],[20.64487,42.75658],[20.6449,42.75613],[20.64562,42.75531],[20.64867,42.75302],[20.64991,42.75257],[20.6514,42.75169],[20.65108,42.75031],[20.65135,42.74945],[20.6514,42.7482],[20.65104,42.74756],[20.65016,42.74692],[20.64967,42.74594],[20.64935,42.74572],[20.64864,42.74457],[20.64651,42.74336],[20.64636,42.74239],[20.64559,42.74208],[20.6449,42.73995],[20.64395,42.73867],[20.6426,42.73846],[20.64211,42.73811],[20.64114,42.7369],[20.64077,42.73671],[20.63964,42.73657],[20.63828,42.73718],[20.63704,42.73628],[20.63791,42.73482],[20.63758,42.73307],[20.63847,42.73254],[20.64034,42.73203],[20.64081,42.73148],[20.63815,42.72728],[20.63795,42.72632],[20.63743,42.72622],[20.63728,42.72672],[20.63675,42.72613],[20.6363,42.72651],[20.63283,42.72393],[20.63086,42.72492],[20.62821,42.72598],[20.62671,42.72709],[20.62493,42.72737],[20.62361,42.7281],[20.62275,42.72825],[20.62149,42.7282],[20.61975,42.72748],[20.61916,42.72738],[20.61841,42.72758],[20.61972,42.72618],[20.61983,42.72563],[20.61981,42.72465],[20.61956,42.72338],[20.61895,42.72145],[20.61982,42.71838],[20.61946,42.71653]]]}},{"type":"Feature","properties":{"name":"Suharekë","slug":"suhareke","sourceName":"Suharekë"},"geometry":{"type":"Polygon","coordinates":[[[20.71727,42.35044],[20.71736,42.35024],[20.71819,42.35018],[20.71923,42.34978],[20.7191,42.34951],[20.7192,42.34892],[20.71885,42.3487],[20.71924,42.34886],[20.71978,42.3486],[20.72042,42.34863],[20.7201,42.34804],[20.72049,42.34782],[20.72049,42.34748],[20.72099,42.34697],[20.72139,42.34724],[20.72149,42.34702],[20.72211,42.34678],[20.7227,42.34723],[20.72376,42.34663],[20.72393,42.34682],[20.72453,42.34651],[20.72664,42.34606],[20.72649,42.34585],[20.7267,42.34541],[20.72606,42.34496],[20.72614,42.34458],[20.72657,42.34448],[20.72646,42.34435],[20.72685,42.34422],[20.72666,42.34402],[20.72674,42.34383],[20.72731,42.34349],[20.72835,42.34321],[20.72936,42.34217],[20.73105,42.34136],[20.73127,42.34099],[20.7289,42.34063],[20.72966,42.33966],[20.72987,42.33988],[20.73036,42.33969],[20.73085,42.33996],[20.73112,42.33967],[20.73237,42.33899],[20.73228,42.33889],[20.73597,42.33798],[20.73656,42.33856],[20.73851,42.3377],[20.73871,42.33791],[20.74042,42.337],[20.74057,42.33716],[20.74117,42.33681],[20.74211,42.33776],[20.74287,42.33759],[20.74292,42.33749],[20.74267,42.33731],[20.74314,42.33711],[20.74359,42.33722],[20.74439,42.33639],[20.74507,42.33596],[20.74571,42.3358],[20.74559,42.3354],[20.74678,42.33491],[20.74671,42.33453],[20.74809,42.33402],[20.74824,42.33373],[20.74699,42.3338],[20.74579,42.33338],[20.74512,42.33295],[20.74534,42.33288],[20.74572,42.3322],[20.7464,42.33048],[20.74643,42.33002],[20.74608,42.32988],[20.74611,42.32898],[20.74669,42.32912],[20.74828,42.32875],[20.74917,42.32873],[20.75056,42.32785],[20.74868,42.32585],[20.74819,42.32431],[20.74699,42.32259],[20.75017,42.32082],[20.75146,42.31992],[20.7537,42.31583],[20.75514,42.31281],[20.75574,42.31196],[20.75626,42.31187],[20.7566,42.31216],[20.75699,42.31225],[20.75831,42.31226],[20.75854,42.31257],[20.75894,42.31273],[20.75904,42.31299],[20.7596,42.31323],[20.76016,42.31394],[20.76033,42.31375],[20.76068,42.31374],[20.76093,42.31403],[20.76248,42.31374],[20.76331,42.31409],[20.76377,42.31386],[20.76494,42.31414],[20.7675,42.31421],[20.76795,42.31445],[20.76919,42.31451],[20.77069,42.31512],[20.77107,42.31552],[20.77199,42.31563],[20.77155,42.3144],[20.77101,42.31344],[20.76799,42.31262],[20.76668,42.31188],[20.76641,42.31157],[20.76591,42.31159],[20.76965,42.3072],[20.76981,42.30661],[20.76978,42.30615],[20.76717,42.30418],[20.76717,42.30349],[20.7669,42.30286],[20.76617,42.30231],[20.76602,42.30199],[20.76622,42.30156],[20.76602,42.30044],[20.7676,42.30051],[20.76776,42.29885],[20.76725,42.29858],[20.76837,42.29833],[20.76975,42.29777],[20.77059,42.29719],[20.77067,42.29729],[20.77182,42.29631],[20.7721,42.29657],[20.77301,42.2955],[20.77344,42.29391],[20.77431,42.29395],[20.77471,42.29343],[20.77459,42.2928],[20.7754,42.29243],[20.77584,42.29193],[20.77619,42.29188],[20.77617,42.29151],[20.77648,42.2909],[20.77627,42.29056],[20.7758,42.29028],[20.77609,42.28968],[20.77867,42.28981],[20.77929,42.29009],[20.77947,42.2897],[20.7817,42.2904],[20.78116,42.29164],[20.78235,42.29183],[20.78229,42.29207],[20.78269,42.29217],[20.7834,42.29098],[20.78406,42.29106],[20.78433,42.28943],[20.78496,42.28939],[20.78519,42.28943],[20.78547,42.28974],[20.78648,42.28997],[20.78628,42.29106],[20.78895,42.2911],[20.78917,42.29126],[20.78987,42.29134],[20.7899,42.29122],[20.79028,42.29125],[20.79002,42.29154],[20.79044,42.29205],[20.78994,42.29246],[20.79014,42.29256],[20.79134,42.2925],[20.79385,42.29205],[20.79297,42.28888],[20.79361,42.28842],[20.79362,42.28819],[20.79393,42.28812],[20.79383,42.28794],[20.7941,42.28778],[20.79393,42.28764],[20.79421,42.28739],[20.79458,42.28742],[20.7946,42.28724],[20.79571,42.28638],[20.8026,42.28346],[20.80707,42.28084],[20.80833,42.28066],[20.80905,42.28026],[20.80954,42.27947],[20.8105,42.27657],[20.81051,42.27605],[20.81107,42.27517],[20.81129,42.27395],[20.81165,42.27347],[20.81274,42.2734],[20.81345,42.27353],[20.81564,42.27293],[20.81609,42.27251],[20.81676,42.27238],[20.81791,42.27159],[20.81862,42.27137],[20.82122,42.27098],[20.82204,42.27144],[20.82294,42.27269],[20.82341,42.27272],[20.8249,42.27242],[20.82567,42.2725],[20.82595,42.27216],[20.82693,42.27209],[20.82787,42.27168],[20.82801,42.27132],[20.82951,42.2712],[20.83017,42.27142],[20.83148,42.27087],[20.83688,42.27179],[20.84092,42.27038],[20.84508,42.2682],[20.85031,42.26917],[20.85876,42.26874],[20.86415,42.26464],[20.86842,42.25717],[20.86946,42.25714],[20.87078,42.2568],[20.87363,42.25695],[20.87401,42.25646],[20.87249,42.25525],[20.87201,42.25387],[20.87207,42.25333],[20.87255,42.25248],[20.87362,42.25226],[20.87452,42.25188],[20.87618,42.25177],[20.87807,42.24844],[20.87813,42.24661],[20.87882,42.24506],[20.88265,42.24388],[20.88427,42.24249],[20.88628,42.24162],[20.88828,42.24032],[20.892,42.24002],[20.89495,42.24042],[20.89763,42.24028],[20.90032,42.24046],[20.90393,42.24136],[20.9066,42.24225],[20.91128,42.24632],[20.91337,42.247],[20.91379,42.24759],[20.91565,42.24897],[20.91688,42.2491],[20.91874,42.24977],[20.91932,42.25032],[20.91952,42.25078],[20.9199,42.25309],[20.92084,42.25407],[20.92227,42.25463],[20.92401,42.25481],[20.92487,42.25548],[20.92539,42.25629],[20.9262,42.25682],[20.9264,42.25717],[20.92679,42.25731],[20.92691,42.25752],[20.92809,42.25779],[20.92867,42.25841],[20.92902,42.2592],[20.92988,42.25982],[20.93162,42.26017],[20.93209,42.26107],[20.93245,42.26134],[20.93707,42.26303],[20.93835,42.26399],[20.94025,42.26497],[20.94216,42.26568],[20.94244,42.26603],[20.94243,42.26632],[20.94351,42.26884],[20.9443,42.2693],[20.94456,42.26954],[20.94429,42.26962],[20.94569,42.27077],[20.94504,42.27124],[20.94503,42.27163],[20.94552,42.27177],[20.94574,42.27216],[20.94617,42.27228],[20.94712,42.27191],[20.94918,42.27188],[20.95187,42.27251],[20.95351,42.27259],[20.95422,42.27282],[20.95524,42.27278],[20.95964,42.27327],[20.96134,42.2746],[20.9644,42.27541],[20.96717,42.27659],[20.97055,42.27715],[20.97219,42.27719],[20.97332,42.27696],[20.97587,42.27838],[20.97908,42.27882],[20.98037,42.2794],[20.98112,42.27955],[20.98164,42.28224],[20.98121,42.28308],[20.98103,42.28393],[20.97977,42.2851],[20.97889,42.28788],[20.97885,42.28963],[20.97915,42.29158],[20.97788,42.29353],[20.97768,42.29422],[20.97625,42.29592],[20.97728,42.29793],[20.97758,42.29882],[20.97991,42.30199],[20.98077,42.30255],[20.98215,42.30672],[20.98352,42.308],[20.98385,42.30945],[20.98316,42.31078],[20.98216,42.31138],[20.98076,42.31183],[20.98014,42.31278],[20.97946,42.31539],[20.97825,42.31843],[20.97731,42.32327],[20.97797,42.32407],[20.97741,42.3254],[20.97795,42.32603],[20.97949,42.32716],[20.97957,42.32862],[20.97856,42.32955],[20.97567,42.33124],[20.9753,42.33186],[20.97519,42.33271],[20.9747,42.33369],[20.97452,42.33544],[20.97488,42.33626],[20.97656,42.33791],[20.9768,42.33846],[20.97684,42.33935],[20.97652,42.34055],[20.97388,42.34509],[20.97271,42.34667],[20.97197,42.34897],[20.97173,42.35027],[20.9722,42.35128],[20.97271,42.35319],[20.97276,42.35639],[20.97222,42.35681],[20.97223,42.3571],[20.97199,42.35741],[20.97099,42.35796],[20.97051,42.35865],[20.97046,42.35907],[20.97073,42.36046],[20.97113,42.36113],[20.97089,42.36322],[20.97093,42.36424],[20.97024,42.36491],[20.96885,42.36537],[20.96744,42.36705],[20.9672,42.36784],[20.96514,42.3695],[20.96545,42.36989],[20.96536,42.3701],[20.96429,42.37089],[20.96281,42.37166],[20.96245,42.37231],[20.96189,42.37245],[20.96134,42.37282],[20.96124,42.37363],[20.96083,42.37405],[20.96064,42.37479],[20.9601,42.37568],[20.95431,42.37662],[20.94896,42.37802],[20.94489,42.38048],[20.94424,42.38028],[20.94309,42.3794],[20.94041,42.38047],[20.94052,42.38055],[20.94017,42.3807],[20.93858,42.38104],[20.93878,42.38135],[20.93739,42.38247],[20.93729,42.38301],[20.93742,42.3836],[20.93543,42.38541],[20.9332,42.38659],[20.93238,42.38672],[20.93224,42.38708],[20.93053,42.38779],[20.93201,42.38927],[20.93262,42.39151],[20.93336,42.3916],[20.93364,42.39048],[20.93396,42.39006],[20.93423,42.39027],[20.93496,42.39028],[20.9353,42.39001],[20.93567,42.39025],[20.93597,42.39132],[20.93668,42.39268],[20.93831,42.39227],[20.93939,42.39101],[20.94001,42.39084],[20.94144,42.39114],[20.9419,42.39104],[20.94262,42.39057],[20.94283,42.39071],[20.94393,42.39077],[20.9503,42.39041],[20.95107,42.39007],[20.95215,42.39006],[20.9527,42.38969],[20.9529,42.38935],[20.95329,42.38917],[20.95427,42.38909],[20.95606,42.38849],[20.9562,42.38905],[20.95776,42.38878],[20.95854,42.38895],[20.95981,42.39018],[20.96018,42.39091],[20.96038,42.39185],[20.9609,42.39269],[20.96394,42.39383],[20.96516,42.39548],[20.96591,42.39586],[20.96613,42.39677],[20.96572,42.39758],[20.96478,42.3971],[20.96289,42.39763],[20.95892,42.39626],[20.95712,42.39639],[20.95467,42.39788],[20.95382,42.39815],[20.95332,42.3985],[20.95216,42.39874],[20.95195,42.39913],[20.95232,42.39996],[20.95207,42.40014],[20.95123,42.40029],[20.95074,42.3999],[20.9503,42.39995],[20.94956,42.40082],[20.94783,42.4018],[20.94621,42.40229],[20.94512,42.40304],[20.94467,42.40359],[20.94462,42.40516],[20.94326,42.40512],[20.94274,42.40565],[20.94294,42.40591],[20.94275,42.40665],[20.94216,42.40674],[20.94278,42.40783],[20.9424,42.40813],[20.94316,42.40846],[20.94513,42.40884],[20.94741,42.40977],[20.94763,42.40998],[20.94751,42.41078],[20.94765,42.41105],[20.95003,42.41323],[20.9523,42.41364],[20.9526,42.41393],[20.95726,42.41536],[20.95822,42.41599],[20.95918,42.41624],[20.96022,42.41628],[20.96323,42.4178],[20.96365,42.41819],[20.96451,42.41854],[20.96683,42.42009],[20.9685,42.42053],[20.97084,42.42227],[20.97159,42.42339],[20.97221,42.42531],[20.97267,42.42551],[20.97349,42.42554],[20.97148,42.42566],[20.97028,42.42594],[20.96869,42.42601],[20.96711,42.42628],[20.9662,42.42691],[20.96538,42.42713],[20.96225,42.42946],[20.96096,42.42992],[20.96055,42.42973],[20.96019,42.42981],[20.95905,42.43042],[20.95821,42.43114],[20.95803,42.43233],[20.95572,42.4331],[20.95531,42.4343],[20.95575,42.43495],[20.95834,42.43568],[20.95942,42.43678],[20.96156,42.44028],[20.95913,42.44158],[20.95353,42.44323],[20.94981,42.44715],[20.95006,42.44777],[20.9498,42.44787],[20.94956,42.44833],[20.94821,42.44928],[20.94692,42.4497],[20.94555,42.45039],[20.9444,42.45036],[20.94316,42.45058],[20.94259,42.45104],[20.94089,42.45065],[20.93863,42.45227],[20.93517,42.45244],[20.93268,42.4532],[20.93141,42.45311],[20.92998,42.45351],[20.92734,42.45514],[20.92661,42.45621],[20.92604,42.45661],[20.92499,42.45699],[20.92316,42.45702],[20.9224,42.4574],[20.9228,42.45775],[20.92184,42.45775],[20.91961,42.45846],[20.91776,42.45963],[20.91498,42.4596],[20.91254,42.45897],[20.91205,42.45931],[20.91219,42.45992],[20.91197,42.46019],[20.90894,42.46016],[20.90582,42.46067],[20.90325,42.46148],[20.90217,42.46157],[20.90101,42.46209],[20.90236,42.46285],[20.90299,42.46354],[20.90338,42.46616],[20.90328,42.4674],[20.90363,42.46819],[20.90493,42.46968],[20.9056,42.47023],[20.90708,42.47122],[20.90851,42.4718],[20.90974,42.47266],[20.91043,42.47368],[20.9111,42.47355],[20.91102,42.4731],[20.91185,42.47349],[20.91381,42.47396],[20.91655,42.47534],[20.9192,42.47582],[20.92195,42.47676],[20.92239,42.47677],[20.91932,42.47796],[20.91723,42.47822],[20.91399,42.47786],[20.91057,42.47828],[20.91051,42.47791],[20.90977,42.4773],[20.90737,42.47632],[20.90661,42.47616],[20.90612,42.47693],[20.90634,42.47774],[20.90591,42.47886],[20.90405,42.47938],[20.90298,42.47934],[20.90256,42.48019],[20.90187,42.48073],[20.90142,42.48085],[20.90014,42.48068],[20.89907,42.47982],[20.89827,42.48351],[20.89631,42.48724],[20.89581,42.48884],[20.89497,42.48863],[20.89364,42.4886],[20.89309,42.4884],[20.88831,42.48862],[20.88225,42.49097],[20.8708,42.48802],[20.86909,42.48335],[20.86425,42.47822],[20.86398,42.47481],[20.86453,42.47051],[20.86531,42.47042],[20.86574,42.46915],[20.86571,42.46863],[20.86632,42.46783],[20.86645,42.46736],[20.86608,42.46701],[20.86617,42.46668],[20.86639,42.46656],[20.86684,42.46674],[20.86775,42.46647],[20.86882,42.4665],[20.87073,42.46626],[20.87122,42.46633],[20.87152,42.46708],[20.87372,42.46644],[20.87471,42.4658],[20.87543,42.465],[20.8761,42.46459],[20.8768,42.4644],[20.87871,42.46445],[20.88081,42.46355],[20.88084,42.46303],[20.88069,42.46271],[20.88084,42.46235],[20.88086,42.46091],[20.88035,42.45974],[20.87997,42.45784],[20.88079,42.45577],[20.88077,42.45455],[20.88111,42.45276],[20.88246,42.45172],[20.88294,42.45064],[20.88296,42.44929],[20.88111,42.44692],[20.87907,42.44567],[20.87895,42.44535],[20.87769,42.44481],[20.87774,42.44429],[20.87724,42.44401],[20.87683,42.44381],[20.87579,42.44421],[20.87504,42.44425],[20.87432,42.44404],[20.87342,42.44422],[20.87262,42.44442],[20.87163,42.44516],[20.87112,42.44536],[20.86994,42.44546],[20.8689,42.44577],[20.867,42.44536],[20.86632,42.44502],[20.86545,42.4443],[20.86152,42.44316],[20.85974,42.44413],[20.85959,42.44436],[20.85934,42.44438],[20.85613,42.44291],[20.8532,42.44215],[20.85128,42.44188],[20.84989,42.44202],[20.84891,42.44158],[20.84797,42.44153],[20.84731,42.44181],[20.84643,42.44131],[20.8454,42.44018],[20.845,42.44023],[20.84398,42.43998],[20.84319,42.43963],[20.84226,42.43892],[20.84164,42.43893],[20.83962,42.43771],[20.83929,42.43734],[20.83843,42.43712],[20.83794,42.43661],[20.83713,42.43617],[20.83616,42.43479],[20.8343,42.43418],[20.8342,42.43359],[20.83298,42.43238],[20.83097,42.43257],[20.82801,42.43216],[20.82755,42.43269],[20.82646,42.43209],[20.82688,42.43177],[20.82682,42.43144],[20.82565,42.43133],[20.8247,42.43068],[20.8237,42.43046],[20.82267,42.42975],[20.82198,42.42995],[20.82224,42.4302],[20.82215,42.43078],[20.8218,42.43096],[20.8218,42.43172],[20.82142,42.43247],[20.82176,42.43281],[20.82169,42.43303],[20.82183,42.43322],[20.82041,42.43385],[20.81973,42.4334],[20.81957,42.43423],[20.81887,42.43408],[20.81908,42.43325],[20.81795,42.43342],[20.81764,42.43317],[20.81641,42.43351],[20.81645,42.4338],[20.81557,42.43397],[20.81554,42.43385],[20.81418,42.43419],[20.81388,42.43457],[20.81411,42.43503],[20.81367,42.43528],[20.81354,42.43495],[20.81169,42.43456],[20.81123,42.43437],[20.81122,42.43411],[20.81103,42.43411],[20.81075,42.43484],[20.81093,42.43593],[20.81125,42.43641],[20.80968,42.43646],[20.80757,42.43615],[20.80735,42.43657],[20.80701,42.43654],[20.80708,42.43724],[20.80604,42.43725],[20.80599,42.43739],[20.80645,42.43788],[20.80558,42.43812],[20.80453,42.43789],[20.80438,42.43849],[20.80372,42.43878],[20.80235,42.43905],[20.7995,42.43854],[20.79873,42.43726],[20.79836,42.43692],[20.79725,42.43705],[20.79731,42.43623],[20.79708,42.43613],[20.7968,42.43543],[20.79657,42.43532],[20.79507,42.4363],[20.79528,42.43677],[20.79481,42.43758],[20.79462,42.4376],[20.79411,42.43829],[20.79311,42.43896],[20.79311,42.43862],[20.79361,42.43792],[20.79332,42.43765],[20.79238,42.43747],[20.79218,42.43716],[20.79406,42.43633],[20.79325,42.43468],[20.78957,42.43446],[20.78939,42.4345],[20.7892,42.43499],[20.78809,42.43486],[20.78598,42.43499],[20.78481,42.43482],[20.78382,42.43499],[20.78378,42.43533],[20.78289,42.43533],[20.78294,42.43393],[20.78254,42.43346],[20.7818,42.43304],[20.78123,42.4322],[20.78126,42.43081],[20.78036,42.43078],[20.78047,42.43034],[20.77823,42.43109],[20.77771,42.43185],[20.77734,42.4321],[20.77747,42.43004],[20.77679,42.42913],[20.77635,42.42888],[20.77586,42.42786],[20.77522,42.428],[20.77469,42.42791],[20.77485,42.42662],[20.77456,42.4257],[20.77402,42.42562],[20.77403,42.42516],[20.77318,42.42557],[20.77241,42.42529],[20.77231,42.42479],[20.77295,42.42393],[20.77333,42.42292],[20.77325,42.42259],[20.77292,42.42225],[20.77192,42.42152],[20.77148,42.42138],[20.77132,42.41972],[20.76995,42.41952],[20.76856,42.41966],[20.76724,42.41929],[20.76608,42.41971],[20.76543,42.41945],[20.76543,42.41924],[20.76449,42.41886],[20.76425,42.41899],[20.76388,42.4186],[20.76386,42.41804],[20.76413,42.4176],[20.76489,42.41729],[20.76424,42.41659],[20.76431,42.41641],[20.76502,42.41647],[20.76489,42.41585],[20.7645,42.41576],[20.76497,42.41469],[20.76559,42.41389],[20.76503,42.41146],[20.76602,42.40988],[20.76585,42.40886],[20.76618,42.40635],[20.7661,42.40599],[20.76583,42.40583],[20.76793,42.40453],[20.7682,42.4041],[20.76795,42.40353],[20.76658,42.40219],[20.76227,42.40301],[20.75999,42.40392],[20.75874,42.40501],[20.75778,42.40515],[20.75736,42.405],[20.75713,42.40517],[20.75646,42.40514],[20.75568,42.40546],[20.75443,42.40564],[20.75267,42.4054],[20.75188,42.40548],[20.75155,42.40567],[20.74994,42.40536],[20.74757,42.40425],[20.74741,42.40441],[20.74658,42.40366],[20.74576,42.40248],[20.74501,42.40211],[20.74361,42.40186],[20.74242,42.40143],[20.74149,42.4015],[20.73945,42.40123],[20.73926,42.40111],[20.7394,42.40062],[20.73825,42.39957],[20.73728,42.40022],[20.73575,42.40085],[20.72997,42.40397],[20.72871,42.40325],[20.72643,42.40079],[20.72524,42.40003],[20.72511,42.39987],[20.72517,42.39922],[20.72493,42.39877],[20.72445,42.39844],[20.72357,42.3983],[20.72344,42.39811],[20.72387,42.39731],[20.7237,42.39654],[20.72338,42.39598],[20.72343,42.39568],[20.72411,42.3951],[20.72463,42.39428],[20.72503,42.39346],[20.72497,42.39301],[20.72514,42.39252],[20.72572,42.39214],[20.72562,42.39145],[20.72523,42.39073],[20.72477,42.39025],[20.72488,42.3896],[20.72463,42.38887],[20.72508,42.38732],[20.72509,42.38633],[20.72548,42.38549],[20.72528,42.38497],[20.7261,42.37932],[20.72581,42.37805],[20.7261,42.37583],[20.72579,42.37466],[20.72544,42.37414],[20.72507,42.37146],[20.72412,42.36868],[20.72427,42.36776],[20.72415,42.36738],[20.72366,42.36645],[20.72218,42.36554],[20.72085,42.3632],[20.72033,42.36176],[20.72035,42.36084],[20.72105,42.3595],[20.72212,42.35809],[20.72231,42.35658],[20.72007,42.35461],[20.71926,42.35368],[20.71836,42.353],[20.71748,42.35198],[20.71721,42.35147],[20.71727,42.35044]]]}},{"type":"Feature","properties":{"name":"Shtërpcë","slug":"shterpce","sourceName":"Shtërpcë"},"geometry":{"type":"Polygon","coordinates":[[[20.87882,42.24506],[20.87701,42.24162],[20.87439,42.23981],[20.87277,42.23815],[20.87135,42.23716],[20.86953,42.2338],[20.86946,42.23084],[20.87082,42.22596],[20.8719,42.22362],[20.87192,42.22011],[20.86977,42.21957],[20.86475,42.21873],[20.86185,42.21801],[20.86097,42.21724],[20.8604,42.21428],[20.86321,42.21128],[20.86454,42.20797],[20.8642,42.20421],[20.86917,42.20175],[20.86976,42.20169],[20.87301,42.20058],[20.8757,42.20008],[20.88685,42.19927],[20.88768,42.19901],[20.88887,42.19889],[20.89029,42.1984],[20.89312,42.19799],[20.89613,42.19728],[20.89823,42.19752],[20.90143,42.19737],[20.90248,42.19754],[20.90328,42.19786],[20.90504,42.19794],[20.90718,42.19759],[20.90913,42.19671],[20.91037,42.19652],[20.9119,42.19563],[20.91465,42.19612],[20.91597,42.19595],[20.92025,42.1949],[20.92267,42.19452],[20.92495,42.19442],[20.93252,42.19258],[20.93446,42.19358],[20.93909,42.19285],[20.9421,42.19209],[20.94815,42.19023],[20.95195,42.18965],[20.95426,42.18906],[20.9593,42.18729],[20.96072,42.18494],[20.96272,42.18402],[20.96847,42.1823],[20.96981,42.18068],[20.97325,42.17538],[20.97447,42.17123],[20.97615,42.16912],[20.97915,42.16399],[20.98004,42.16279],[20.98255,42.16046],[20.98246,42.15919],[20.9826,42.15562],[20.98127,42.15317],[20.98148,42.15189],[20.98084,42.15025],[20.98108,42.14765],[20.98069,42.14627],[20.98024,42.14201],[20.98152,42.13928],[20.98944,42.14276],[21.00025,42.14582],[21.00661,42.14862],[21.01948,42.15142],[21.02789,42.15498],[21.04042,42.16491],[21.04414,42.16428],[21.0495,42.16473],[21.05157,42.16538],[21.05543,42.17394],[21.05913,42.17877],[21.06549,42.1845],[21.06978,42.1878],[21.07373,42.18691],[21.083,42.18933],[21.089,42.19277],[21.09982,42.20256],[21.10359,42.20485],[21.11303,42.20617],[21.11619,42.20683],[21.11914,42.20677],[21.1181,42.20933],[21.12285,42.22237],[21.12339,42.22514],[21.12825,42.23256],[21.1307,42.23894],[21.13275,42.23928],[21.13437,42.23925],[21.13536,42.23904],[21.13667,42.23922],[21.13929,42.24067],[21.14085,42.24083],[21.14502,42.24437],[21.14583,42.2453],[21.14632,42.24761],[21.14623,42.24823],[21.14637,42.24886],[21.14697,42.24936],[21.14667,42.2513],[21.14708,42.25168],[21.14672,42.25264],[21.14629,42.25295],[21.14479,42.25351],[21.14578,42.2562],[21.14433,42.25942],[21.14451,42.26052],[21.14438,42.26111],[21.14473,42.26207],[21.1458,42.26352],[21.14643,42.26393],[21.14665,42.26454],[21.14668,42.26476],[21.14603,42.26515],[21.14639,42.26567],[21.14688,42.26591],[21.14639,42.26661],[21.14592,42.26675],[21.1466,42.26733],[21.14673,42.26792],[21.14628,42.26812],[21.14586,42.2679],[21.14553,42.26806],[21.14451,42.2675],[21.14451,42.26806],[21.14377,42.26879],[21.1425,42.26956],[21.142,42.26957],[21.14218,42.27026],[21.14189,42.27091],[21.14103,42.27117],[21.14013,42.27328],[21.14121,42.27332],[21.14142,42.27347],[21.14134,42.27371],[21.14213,42.27388],[21.14272,42.27558],[21.14094,42.27525],[21.13814,42.27545],[21.1382,42.27751],[21.1377,42.27821],[21.13633,42.27892],[21.13486,42.28119],[21.13353,42.28197],[21.13182,42.28015],[21.12586,42.28126],[21.11961,42.28487],[21.11742,42.28572],[21.1124,42.28701],[21.1119,42.28733],[21.11072,42.28767],[21.10901,42.28786],[21.1075,42.28845],[21.10621,42.28874],[21.10524,42.29037],[21.10411,42.29111],[21.10166,42.29415],[21.10122,42.29671],[21.10164,42.29862],[21.10135,42.29918],[21.10083,42.29941],[21.09982,42.29915],[21.09939,42.29927],[21.0987,42.29983],[21.09699,42.30179],[21.09648,42.30292],[21.09584,42.30345],[21.09567,42.30414],[21.09587,42.30499],[21.0955,42.30516],[21.09527,42.30561],[21.09501,42.30558],[21.09421,42.30625],[21.09274,42.30649],[21.09072,42.30665],[21.09021,42.30624],[21.08888,42.30626],[21.08797,42.30661],[21.08763,42.30725],[21.08679,42.30789],[21.08634,42.30877],[21.08591,42.30899],[21.08383,42.30911],[21.07693,42.31154],[21.07615,42.3116],[21.07557,42.31186],[21.07465,42.31259],[21.07419,42.31336],[21.07473,42.31468],[21.07511,42.31505],[21.07373,42.31624],[21.069,42.31716],[21.06825,42.31781],[21.06821,42.31837],[21.06732,42.31949],[21.0664,42.3206],[21.06587,42.32097],[21.06563,42.3214],[21.06579,42.32201],[21.0653,42.32364],[21.06457,42.3242],[21.0642,42.32479],[21.06329,42.32713],[21.06299,42.32742],[21.06336,42.32817],[21.06016,42.32801],[21.05977,42.32843],[21.0593,42.32859],[21.0575,42.32976],[21.05467,42.33065],[21.05319,42.33153],[21.05245,42.33173],[21.04904,42.33158],[21.04728,42.33261],[21.0467,42.3311],[21.04699,42.33089],[21.04649,42.33011],[21.04581,42.3297],[21.04567,42.32937],[21.04474,42.32887],[21.04442,42.32824],[21.04387,42.32784],[21.04369,42.32657],[21.0435,42.32649],[21.04347,42.32607],[21.04291,42.32495],[21.04248,42.32455],[21.04267,42.32415],[21.04249,42.32348],[21.04259,42.32263],[21.04248,42.32231],[21.04167,42.32171],[21.04166,42.32132],[21.04104,42.32036],[21.04088,42.31902],[21.041,42.31869],[21.04184,42.31763],[21.04283,42.31691],[21.04295,42.31634],[21.04346,42.31539],[21.04385,42.31522],[21.04424,42.31431],[21.04354,42.31292],[21.0436,42.31263],[21.04283,42.31154],[21.04001,42.30967],[21.04017,42.30877],[21.04001,42.30782],[21.0401,42.3059],[21.0394,42.30491],[21.03765,42.30406],[21.03745,42.30384],[21.03727,42.30187],[21.03646,42.30052],[21.03623,42.29895],[21.03572,42.29842],[21.03067,42.30058],[21.02459,42.30383],[21.02371,42.30464],[21.02254,42.30515],[21.02108,42.30617],[21.02015,42.3065],[21.01663,42.30884],[21.01279,42.30996],[21.01146,42.3101],[21.00951,42.31092],[21.0082,42.31173],[21.00626,42.3124],[21.00289,42.31281],[21.00134,42.31256],[20.99942,42.31132],[20.99388,42.31101],[20.99152,42.31106],[20.98845,42.31054],[20.98395,42.30919],[20.98352,42.308],[20.98215,42.30672],[20.98077,42.30255],[20.97991,42.30199],[20.97758,42.29882],[20.97728,42.29793],[20.97625,42.29592],[20.97768,42.29422],[20.97788,42.29353],[20.97915,42.29158],[20.97885,42.28963],[20.97889,42.28788],[20.97977,42.2851],[20.98103,42.28393],[20.98121,42.28308],[20.98164,42.28224],[20.98112,42.27955],[20.98037,42.2794],[20.97908,42.27882],[20.97587,42.27838],[20.97332,42.27696],[20.97219,42.27719],[20.97055,42.27715],[20.96717,42.27659],[20.9644,42.27541],[20.96134,42.2746],[20.95964,42.27327],[20.95524,42.27278],[20.95422,42.27282],[20.95351,42.27259],[20.95187,42.27251],[20.94918,42.27188],[20.94712,42.27191],[20.94617,42.27228],[20.94574,42.27216],[20.94552,42.27177],[20.94503,42.27163],[20.94504,42.27124],[20.94569,42.27077],[20.94429,42.26962],[20.94456,42.26954],[20.9443,42.2693],[20.94351,42.26884],[20.94243,42.26632],[20.94244,42.26603],[20.94216,42.26568],[20.94025,42.26497],[20.93835,42.26399],[20.93707,42.26303],[20.93245,42.26134],[20.93209,42.26107],[20.93162,42.26017],[20.92988,42.25982],[20.92902,42.2592],[20.92867,42.25841],[20.92809,42.25779],[20.92691,42.25752],[20.92679,42.25731],[20.9264,42.25717],[20.9262,42.25682],[20.92539,42.25629],[20.92487,42.25548],[20.92401,42.25481],[20.92227,42.25463],[20.92084,42.25407],[20.9199,42.25309],[20.91952,42.25078],[20.91932,42.25032],[20.91874,42.24977],[20.91688,42.2491],[20.91565,42.24897],[20.91379,42.24759],[20.91337,42.247],[20.91128,42.24632],[20.9066,42.24225],[20.90393,42.24136],[20.90032,42.24046],[20.89763,42.24028],[20.89495,42.24042],[20.892,42.24002],[20.89015,42.24022],[20.88901,42.24017],[20.88828,42.24032],[20.88628,42.24162],[20.88427,42.24249],[20.88265,42.24388],[20.87882,42.24506]]]}},{"type":"Feature","properties":{"name":"Shtime","slug":"shtime","sourceName":"Shtime"},"geometry":{"type":"Polygon","coordinates":[[[21.13816,42.46089],[21.1379,42.46095],[21.13748,42.4614],[21.13706,42.46314],[21.13537,42.46771],[21.13564,42.46846],[21.13531,42.46891],[21.13537,42.46923],[21.135,42.47009],[21.1331,42.46952],[21.13189,42.47003],[21.13326,42.47046],[21.13185,42.47179],[21.13142,42.47255],[21.12883,42.47158],[21.12607,42.47085],[21.12394,42.47044],[21.12364,42.47089],[21.12292,42.47035],[21.1219,42.46992],[21.12133,42.47011],[21.12132,42.46997],[21.12015,42.47012],[21.12,42.47115],[21.11576,42.46996],[21.11206,42.46965],[21.11091,42.46937],[21.10717,42.46797],[21.10637,42.46826],[21.10505,42.46839],[21.10446,42.46831],[21.10425,42.46811],[21.10305,42.469],[21.10246,42.46896],[21.10107,42.47008],[21.09991,42.46961],[21.0996,42.47086],[21.09901,42.47068],[21.09928,42.4694],[21.09847,42.46929],[21.09833,42.4703],[21.09724,42.47027],[21.09728,42.4707],[21.09642,42.47158],[21.09683,42.47217],[21.09743,42.47262],[21.09436,42.47434],[21.09504,42.47468],[21.09724,42.4734],[21.09796,42.47412],[21.09567,42.47551],[21.09609,42.47592],[21.09725,42.47637],[21.09892,42.47798],[21.0983,42.47814],[21.09781,42.47849],[21.09702,42.4786],[21.09621,42.47853],[21.09461,42.47797],[21.09448,42.47812],[21.09419,42.47785],[21.09383,42.4778],[21.09313,42.47672],[21.0914,42.47605],[21.09067,42.47455],[21.08993,42.47461],[21.08983,42.47525],[21.09046,42.47523],[21.09047,42.47584],[21.09092,42.47645],[21.09043,42.47698],[21.09214,42.47774],[21.09251,42.47809],[21.09243,42.47829],[21.09274,42.47845],[21.09246,42.4789],[21.09196,42.47889],[21.09109,42.47857],[21.0898,42.48072],[21.08917,42.48146],[21.09095,42.48278],[21.09062,42.4831],[21.09005,42.4827],[21.08968,42.48297],[21.0903,42.48342],[21.0896,42.4841],[21.08454,42.47641],[21.08143,42.476],[21.07958,42.47545],[21.07666,42.47488],[21.07675,42.4745],[21.06922,42.47322],[21.0693,42.47282],[21.06879,42.47169],[21.07594,42.47233],[21.0766,42.47117],[21.07592,42.47116],[21.07478,42.47078],[21.073,42.47052],[21.07299,42.47035],[21.07014,42.47017],[21.06711,42.47024],[21.06692,42.46969],[21.06629,42.46989],[21.06618,42.46965],[21.0654,42.46975],[21.06521,42.46999],[21.06423,42.46996],[21.06428,42.47013],[21.05905,42.47003],[21.05906,42.47029],[21.05886,42.47051],[21.05627,42.47028],[21.05627,42.47077],[21.05601,42.47122],[21.05554,42.4715],[21.05205,42.4711],[21.05183,42.47191],[21.04978,42.47269],[21.0489,42.47338],[21.04744,42.47619],[21.0426,42.47761],[21.0416,42.47736],[21.03672,42.47767],[21.03362,42.47692],[21.0326,42.47697],[21.03155,42.47758],[21.0303,42.47687],[21.0282,42.47755],[21.02588,42.47764],[21.02034,42.47843],[21.0198,42.47865],[21.01813,42.4769],[21.01679,42.477],[21.01615,42.47679],[21.01558,42.4755],[21.01526,42.47525],[21.01424,42.47603],[21.01257,42.47778],[21.01003,42.48006],[21.00915,42.48118],[21.00727,42.48215],[21.00457,42.48436],[21.00402,42.485],[21.00356,42.48513],[21.00278,42.48581],[21.00198,42.48601],[21.00143,42.48584],[21.00024,42.48496],[20.99875,42.48471],[20.99707,42.48366],[20.99617,42.48267],[20.99527,42.48087],[20.99422,42.47972],[20.99324,42.48069],[20.99285,42.4809],[20.99262,42.4808],[20.99273,42.48044],[20.99234,42.47959],[20.99127,42.47896],[20.99091,42.47922],[20.9893,42.479],[20.98845,42.47956],[20.98754,42.47958],[20.98544,42.47853],[20.98479,42.47845],[20.98427,42.47866],[20.98289,42.47971],[20.98207,42.47893],[20.9816,42.47876],[20.98127,42.47906],[20.98072,42.47921],[20.97931,42.48207],[20.9769,42.48455],[20.97208,42.48925],[20.9677,42.49292],[20.96691,42.4941],[20.96629,42.4946],[20.96502,42.49514],[20.9642,42.49623],[20.96326,42.49575],[20.96273,42.49523],[20.9618,42.49498],[20.96069,42.49397],[20.95836,42.49323],[20.95803,42.4929],[20.95717,42.49248],[20.95687,42.49245],[20.95612,42.49274],[20.95582,42.49205],[20.95493,42.49098],[20.95469,42.4908],[20.95438,42.491],[20.95287,42.49019],[20.95197,42.48922],[20.95125,42.48899],[20.95074,42.48857],[20.94837,42.48818],[20.94733,42.48784],[20.94621,42.48719],[20.94568,42.48786],[20.94502,42.48796],[20.94348,42.48712],[20.94324,42.4869],[20.94339,42.4865],[20.94299,42.48557],[20.94265,42.48518],[20.94202,42.48485],[20.94041,42.48269],[20.93821,42.48319],[20.93784,42.48139],[20.93762,42.48125],[20.93763,42.48052],[20.93694,42.47951],[20.937,42.47931],[20.93736,42.47923],[20.93708,42.47887],[20.93426,42.47723],[20.93288,42.47664],[20.93147,42.47608],[20.9305,42.47598],[20.92881,42.47546],[20.92787,42.47624],[20.92613,42.47675],[20.92379,42.47644],[20.9221,42.47679],[20.9192,42.47582],[20.91655,42.47534],[20.91381,42.47396],[20.91185,42.47349],[20.91102,42.4731],[20.9111,42.47355],[20.91043,42.47368],[20.90974,42.47266],[20.90851,42.4718],[20.90708,42.47122],[20.9056,42.47023],[20.90493,42.46968],[20.90363,42.46819],[20.90328,42.4674],[20.90338,42.46616],[20.90299,42.46354],[20.90236,42.46285],[20.90101,42.46209],[20.90217,42.46157],[20.90325,42.46148],[20.90582,42.46067],[20.90894,42.46016],[20.91197,42.46019],[20.91219,42.45992],[20.91205,42.45931],[20.91254,42.45897],[20.91498,42.4596],[20.91776,42.45963],[20.91961,42.45846],[20.92184,42.45775],[20.9228,42.45775],[20.9224,42.4574],[20.92316,42.45702],[20.92499,42.45699],[20.92604,42.45661],[20.92661,42.45621],[20.92734,42.45514],[20.92998,42.45351],[20.93141,42.45311],[20.93268,42.4532],[20.93517,42.45244],[20.93863,42.45227],[20.94089,42.45065],[20.94259,42.45104],[20.94316,42.45058],[20.9444,42.45036],[20.94555,42.45039],[20.94692,42.4497],[20.94821,42.44928],[20.94956,42.44833],[20.9498,42.44787],[20.95006,42.44777],[20.94981,42.44715],[20.95353,42.44323],[20.95913,42.44158],[20.96156,42.44028],[20.95942,42.43678],[20.95834,42.43568],[20.95575,42.43495],[20.95531,42.4343],[20.95572,42.4331],[20.95803,42.43233],[20.95821,42.43114],[20.95905,42.43042],[20.96019,42.42981],[20.96055,42.42973],[20.96096,42.42992],[20.96225,42.42946],[20.96538,42.42713],[20.9662,42.42691],[20.96711,42.42628],[20.96869,42.42601],[20.97028,42.42594],[20.97148,42.42566],[20.97349,42.42554],[20.97267,42.42551],[20.97221,42.42531],[20.97159,42.42339],[20.97084,42.42227],[20.9685,42.42053],[20.96683,42.42009],[20.96451,42.41854],[20.96365,42.41819],[20.96323,42.4178],[20.96022,42.41628],[20.95918,42.41624],[20.95822,42.41599],[20.95726,42.41536],[20.9526,42.41393],[20.9523,42.41364],[20.95003,42.41323],[20.94765,42.41105],[20.94751,42.41078],[20.94763,42.40998],[20.94741,42.40977],[20.94513,42.40884],[20.94316,42.40846],[20.9424,42.40813],[20.94278,42.40783],[20.94216,42.40674],[20.94275,42.40665],[20.94294,42.40591],[20.94274,42.40565],[20.94326,42.40512],[20.94462,42.40516],[20.94467,42.40359],[20.94512,42.40304],[20.94621,42.40229],[20.94783,42.4018],[20.94956,42.40082],[20.9503,42.39995],[20.95074,42.3999],[20.95123,42.40029],[20.95207,42.40014],[20.95232,42.39996],[20.95195,42.39913],[20.95216,42.39874],[20.95332,42.3985],[20.95382,42.39815],[20.95467,42.39788],[20.95712,42.39639],[20.95892,42.39626],[20.96289,42.39763],[20.96478,42.3971],[20.96572,42.39758],[20.96613,42.39677],[20.96591,42.39586],[20.96516,42.39548],[20.96394,42.39383],[20.9609,42.39269],[20.96038,42.39185],[20.96018,42.39091],[20.95981,42.39018],[20.95854,42.38895],[20.95776,42.38878],[20.9562,42.38905],[20.95606,42.38849],[20.95427,42.38909],[20.95329,42.38917],[20.9529,42.38935],[20.9527,42.38969],[20.95215,42.39006],[20.95107,42.39007],[20.9503,42.39041],[20.94393,42.39077],[20.94283,42.39071],[20.94262,42.39057],[20.9419,42.39104],[20.94144,42.39114],[20.94001,42.39084],[20.93939,42.39101],[20.93831,42.39227],[20.93668,42.39268],[20.93597,42.39132],[20.93567,42.39025],[20.9353,42.39001],[20.93496,42.39028],[20.93423,42.39027],[20.93396,42.39006],[20.93364,42.39048],[20.93336,42.3916],[20.93262,42.39151],[20.93201,42.38927],[20.93053,42.38779],[20.93224,42.38708],[20.93238,42.38672],[20.9332,42.38659],[20.93543,42.38541],[20.93742,42.3836],[20.93729,42.38301],[20.93739,42.38247],[20.93878,42.38135],[20.93858,42.38104],[20.94017,42.3807],[20.94052,42.38055],[20.94041,42.38047],[20.94309,42.3794],[20.94424,42.38028],[20.94489,42.38048],[20.94896,42.37802],[20.95431,42.37662],[20.96016,42.37568],[20.96862,42.37334],[20.97362,42.37434],[20.97414,42.37537],[20.97684,42.37646],[20.97605,42.38126],[20.97979,42.38493],[20.98125,42.38612],[20.99065,42.38583],[20.99462,42.38918],[21.00201,42.38478],[21.00471,42.38403],[21.00619,42.38318],[21.00852,42.38403],[21.00969,42.38552],[21.01048,42.3855],[21.01117,42.38583],[21.01199,42.38587],[21.0136,42.38494],[21.01727,42.3834],[21.02061,42.38284],[21.02252,42.38232],[21.02791,42.38245],[21.03037,42.38282],[21.03312,42.38348],[21.03385,42.38344],[21.03751,42.38124],[21.03812,42.3806],[21.03947,42.38131],[21.04022,42.38131],[21.0414,42.38195],[21.042,42.38273],[21.04166,42.38356],[21.04287,42.38482],[21.04292,42.3854],[21.04236,42.38615],[21.04255,42.3868],[21.04236,42.38716],[21.04243,42.38741],[21.04347,42.38852],[21.04531,42.3887],[21.04716,42.38963],[21.04807,42.38955],[21.04933,42.39015],[21.05045,42.3901],[21.0514,42.38973],[21.05247,42.38964],[21.05398,42.38995],[21.05629,42.39089],[21.05778,42.39212],[21.05914,42.39246],[21.05973,42.39333],[21.06049,42.39405],[21.06212,42.3937],[21.0633,42.39376],[21.06505,42.39445],[21.06539,42.39476],[21.06608,42.39459],[21.0679,42.39499],[21.06926,42.39511],[21.0698,42.39533],[21.07071,42.3962],[21.07155,42.39646],[21.07174,42.39682],[21.0726,42.39727],[21.07357,42.39708],[21.07611,42.39699],[21.07669,42.39723],[21.07727,42.39767],[21.07691,42.39788],[21.0747,42.39832],[21.07414,42.3988],[21.07426,42.39925],[21.07401,42.39979],[21.07321,42.40054],[21.0727,42.40084],[21.07102,42.4013],[21.06978,42.40228],[21.0683,42.40308],[21.06729,42.40501],[21.06715,42.40578],[21.06903,42.40795],[21.06878,42.40864],[21.068,42.40967],[21.06739,42.41087],[21.06673,42.4126],[21.06689,42.41327],[21.06721,42.41363],[21.06738,42.4147],[21.06799,42.41621],[21.06893,42.41672],[21.0697,42.41761],[21.07057,42.41817],[21.07151,42.4175],[21.07271,42.41728],[21.07536,42.41728],[21.07867,42.41695],[21.07875,42.41728],[21.07901,42.41724],[21.07914,42.41616],[21.07951,42.4162],[21.07958,42.41766],[21.08031,42.41758],[21.08116,42.41722],[21.08265,42.41717],[21.08306,42.4191],[21.08379,42.41959],[21.08392,42.41996],[21.08445,42.42015],[21.0847,42.42056],[21.08533,42.42034],[21.08591,42.42075],[21.08557,42.42178],[21.08558,42.42278],[21.08311,42.42259],[21.08303,42.4236],[21.08477,42.42382],[21.08649,42.42366],[21.08757,42.42403],[21.08835,42.42368],[21.09007,42.42343],[21.09082,42.42407],[21.09099,42.42468],[21.09158,42.42547],[21.09146,42.42567],[21.09157,42.42616],[21.09171,42.42632],[21.0921,42.42628],[21.09224,42.42677],[21.09254,42.42685],[21.09292,42.4273],[21.09329,42.4274],[21.09329,42.42803],[21.09304,42.4282],[21.09349,42.42904],[21.09393,42.42894],[21.09411,42.42909],[21.09383,42.4295],[21.09448,42.42959],[21.09452,42.42977],[21.09476,42.42984],[21.09517,42.42982],[21.09494,42.43031],[21.09533,42.43036],[21.09528,42.43087],[21.0955,42.43108],[21.09597,42.43098],[21.09626,42.43048],[21.0966,42.4305],[21.09669,42.43068],[21.09656,42.43099],[21.09672,42.4311],[21.09729,42.4308],[21.09762,42.4313],[21.0981,42.43116],[21.09854,42.43128],[21.10009,42.43085],[21.10023,42.43094],[21.10028,42.43182],[21.10121,42.43178],[21.10197,42.43207],[21.10125,42.43289],[21.10133,42.43311],[21.10175,42.43317],[21.1017,42.43327],[21.10253,42.43346],[21.10253,42.43433],[21.10267,42.43445],[21.10287,42.43448],[21.10371,42.43407],[21.10507,42.43446],[21.10598,42.43381],[21.106,42.43351],[21.10694,42.43352],[21.10836,42.43376],[21.10888,42.43399],[21.11022,42.43525],[21.11095,42.43491],[21.11243,42.43527],[21.11214,42.43627],[21.11177,42.43669],[21.11324,42.43687],[21.11466,42.43737],[21.11467,42.43779],[21.11408,42.43806],[21.11374,42.43841],[21.11386,42.43925],[21.11363,42.44057],[21.11392,42.4415],[21.11635,42.44228],[21.11591,42.44351],[21.11521,42.44473],[21.115,42.44588],[21.11463,42.44636],[21.11399,42.44685],[21.11207,42.44687],[21.1103,42.44929],[21.11073,42.44917],[21.1116,42.44958],[21.11433,42.45034],[21.11509,42.4507],[21.11592,42.45153],[21.11766,42.45158],[21.12013,42.45114],[21.12036,42.45172],[21.1209,42.45185],[21.12197,42.45275],[21.1248,42.45631],[21.12569,42.45634],[21.128,42.4569],[21.13014,42.45701],[21.13124,42.45733],[21.13273,42.45745],[21.13487,42.45823],[21.1365,42.45967],[21.13676,42.46035],[21.1375,42.46046],[21.13816,42.46089]]]}},{"type":"Feature","properties":{"name":"Viti","slug":"viti","sourceName":"Viti"},"geometry":{"type":"Polygon","coordinates":[[[21.41287,42.40503],[21.41097,42.40472],[21.41045,42.40489],[21.40987,42.40587],[21.40972,42.40682],[21.40908,42.40749],[21.4078,42.40839],[21.40581,42.40784],[21.40505,42.40782],[21.40507,42.40768],[21.40308,42.40693],[21.40226,42.40719],[21.40097,42.40816],[21.39728,42.40899],[21.39591,42.40972],[21.39523,42.41064],[21.39474,42.41095],[21.39296,42.41292],[21.3938,42.41331],[21.39281,42.41453],[21.39425,42.41542],[21.39267,42.41698],[21.39196,42.41592],[21.39081,42.41512],[21.38735,42.41522],[21.38526,42.41554],[21.38454,42.41598],[21.38342,42.41725],[21.38238,42.41786],[21.37756,42.41821],[21.37715,42.41861],[21.37689,42.41928],[21.3765,42.4197],[21.37635,42.4203],[21.37632,42.42154],[21.37665,42.42173],[21.3768,42.42338],[21.3772,42.42512],[21.37467,42.42641],[21.37287,42.42706],[21.37083,42.42774],[21.37079,42.4276],[21.37036,42.4276],[21.36989,42.42878],[21.37003,42.43059],[21.36914,42.43127],[21.36905,42.43197],[21.36919,42.43233],[21.36968,42.43278],[21.37217,42.43215],[21.37281,42.43171],[21.37858,42.43348],[21.3776,42.43426],[21.37714,42.43443],[21.37479,42.43481],[21.37485,42.43563],[21.37114,42.43718],[21.36998,42.4375],[21.36938,42.43805],[21.36826,42.43856],[21.36675,42.43913],[21.3662,42.43918],[21.36629,42.4396],[21.36669,42.44002],[21.367,42.4412],[21.36848,42.44196],[21.3684,42.44222],[21.36885,42.44277],[21.36853,42.44329],[21.36533,42.44425],[21.36524,42.44401],[21.36442,42.44353],[21.36313,42.44324],[21.36246,42.44278],[21.36142,42.44269],[21.3605,42.44212],[21.35983,42.44193],[21.35983,42.4413],[21.35913,42.44037],[21.35924,42.43917],[21.35849,42.43866],[21.35798,42.438],[21.35757,42.43814],[21.35697,42.43788],[21.35667,42.43814],[21.35573,42.43774],[21.35485,42.43672],[21.35492,42.43617],[21.35397,42.43603],[21.35351,42.43528],[21.35321,42.43517],[21.35263,42.43563],[21.35224,42.43569],[21.35139,42.4351],[21.35008,42.43495],[21.34973,42.43543],[21.34979,42.43598],[21.34853,42.43594],[21.34725,42.43531],[21.34754,42.43444],[21.34748,42.43398],[21.34804,42.43289],[21.34831,42.43258],[21.34885,42.4324],[21.34913,42.43203],[21.34831,42.43155],[21.34547,42.43079],[21.3441,42.43107],[21.34385,42.43212],[21.34364,42.43199],[21.34259,42.43239],[21.34206,42.43235],[21.34165,42.43201],[21.34205,42.43166],[21.34208,42.43129],[21.34021,42.43079],[21.3392,42.4307],[21.33344,42.42893],[21.33202,42.42907],[21.32972,42.42841],[21.3282,42.42832],[21.3277,42.42852],[21.32702,42.42832],[21.32567,42.42834],[21.32343,42.42733],[21.32169,42.42584],[21.3203,42.42535],[21.31928,42.42431],[21.31819,42.42386],[21.31807,42.42367],[21.3154,42.42309],[21.31423,42.42322],[21.31252,42.42265],[21.31141,42.42157],[21.31128,42.42119],[21.31141,42.42036],[21.31007,42.4202],[21.30815,42.41923],[21.30835,42.41862],[21.30927,42.41793],[21.30862,42.41791],[21.30768,42.41739],[21.30651,42.41597],[21.30559,42.41434],[21.3055,42.41183],[21.30503,42.41036],[21.30524,42.40999],[21.3052,42.40921],[21.30535,42.40873],[21.30509,42.40733],[21.30385,42.40552],[21.3034,42.40466],[21.30331,42.40412],[21.30297,42.40381],[21.30228,42.40259],[21.30126,42.39838],[21.30043,42.39778],[21.2996,42.39601],[21.29938,42.39411],[21.29891,42.39367],[21.29813,42.39224],[21.29819,42.39139],[21.30046,42.38993],[21.30115,42.38932],[21.3025,42.38777],[21.30347,42.38699],[21.30584,42.38411],[21.30789,42.38246],[21.30883,42.3815],[21.31032,42.38073],[21.31057,42.37717],[21.31022,42.37458],[21.31031,42.37398],[21.3107,42.37318],[21.30863,42.37157],[21.3083,42.3711],[21.30769,42.36895],[21.30562,42.36915],[21.29601,42.36949],[21.29596,42.37087],[21.29494,42.37083],[21.29491,42.3701],[21.29441,42.36976],[21.29299,42.37019],[21.29293,42.37258],[21.29259,42.3729],[21.28761,42.37275],[21.28702,42.37311],[21.28687,42.37258],[21.28579,42.3726],[21.28519,42.3724],[21.28493,42.37214],[21.28417,42.37207],[21.28282,42.37226],[21.28261,42.37213],[21.28263,42.37188],[21.2817,42.37174],[21.28128,42.37155],[21.28147,42.37135],[21.28114,42.37126],[21.28099,42.37137],[21.27967,42.37111],[21.27929,42.37153],[21.27904,42.37131],[21.27909,42.37115],[21.27868,42.37108],[21.27858,42.3712],[21.2781,42.37082],[21.27944,42.37029],[21.27932,42.37024],[21.27231,42.3691],[21.26873,42.3681],[21.26709,42.36788],[21.26627,42.36707],[21.26433,42.36736],[21.26232,42.36797],[21.26257,42.3654],[21.26038,42.36494],[21.25708,42.36433],[21.25709,42.36533],[21.25622,42.36633],[21.25107,42.36606],[21.2507,42.36487],[21.24897,42.36313],[21.24893,42.36237],[21.25015,42.36196],[21.25099,42.36125],[21.25163,42.36027],[21.25113,42.35928],[21.25001,42.35324],[21.2484,42.35031],[21.24806,42.35008],[21.24769,42.34949],[21.24754,42.34888],[21.24668,42.34805],[21.2464,42.34748],[21.24602,42.34717],[21.24572,42.34646],[21.24515,42.34584],[21.24499,42.3451],[21.24503,42.34435],[21.24459,42.34372],[21.24522,42.34241],[21.24517,42.34223],[21.24634,42.34123],[21.24606,42.34087],[21.24663,42.34056],[21.24698,42.34087],[21.24724,42.3407],[21.24751,42.34026],[21.24734,42.34017],[21.24777,42.33949],[21.24803,42.3397],[21.24861,42.33928],[21.2489,42.33958],[21.25012,42.33894],[21.25115,42.33995],[21.25172,42.33967],[21.25212,42.33922],[21.25276,42.33901],[21.25522,42.33744],[21.25731,42.33549],[21.25485,42.33379],[21.25329,42.33302],[21.25337,42.33244],[21.25432,42.33127],[21.25342,42.3303],[21.25257,42.32882],[21.25439,42.32835],[21.25887,42.32668],[21.26352,42.32581],[21.26532,42.32586],[21.26713,42.32617],[21.26802,42.3259],[21.26963,42.32499],[21.2707,42.32551],[21.27001,42.32595],[21.27162,42.32739],[21.27464,42.32853],[21.27566,42.32852],[21.27611,42.32886],[21.27625,42.32881],[21.27799,42.33083],[21.27801,42.33183],[21.28458,42.33547],[21.28615,42.33461],[21.2877,42.33307],[21.28744,42.33277],[21.28758,42.33266],[21.28558,42.33101],[21.28568,42.33086],[21.28442,42.33025],[21.28319,42.32937],[21.28307,42.32898],[21.28348,42.32833],[21.28352,42.32775],[21.283,42.32563],[21.28396,42.32533],[21.28362,42.32491],[21.28584,42.32458],[21.28597,42.32289],[21.28627,42.32165],[21.28755,42.32181],[21.28767,42.32124],[21.28637,42.32027],[21.28397,42.32091],[21.28333,42.32088],[21.28335,42.32099],[21.28183,42.32144],[21.28073,42.32103],[21.27844,42.31952],[21.27749,42.31912],[21.27786,42.3183],[21.27677,42.31769],[21.27717,42.3171],[21.27678,42.31697],[21.27616,42.31708],[21.27603,42.31695],[21.27568,42.31727],[21.27432,42.31674],[21.27331,42.31614],[21.26921,42.31231],[21.26897,42.31159],[21.27007,42.31048],[21.26996,42.31033],[21.26904,42.31026],[21.2692,42.30975],[21.26821,42.30965],[21.26843,42.30932],[21.26794,42.30917],[21.26809,42.30831],[21.26732,42.30795],[21.26683,42.30739],[21.26651,42.30748],[21.26633,42.30662],[21.26587,42.30578],[21.26482,42.30524],[21.26449,42.30481],[21.26362,42.30427],[21.26242,42.30254],[21.26135,42.3017],[21.26094,42.30072],[21.26095,42.30016],[21.25893,42.29851],[21.25747,42.29755],[21.2573,42.29689],[21.25759,42.29637],[21.25831,42.29569],[21.2587,42.29497],[21.26017,42.29417],[21.26077,42.29346],[21.26083,42.29297],[21.26218,42.29213],[21.26203,42.29156],[21.26213,42.29115],[21.26318,42.29071],[21.26383,42.29003],[21.26272,42.28807],[21.26183,42.28492],[21.26189,42.28434],[21.26234,42.28404],[21.26394,42.28408],[21.26559,42.28488],[21.26608,42.28492],[21.26668,42.28443],[21.26746,42.28416],[21.26826,42.28423],[21.26841,42.2844],[21.26949,42.28301],[21.26986,42.28286],[21.27243,42.28362],[21.27226,42.28312],[21.27225,42.28234],[21.27151,42.28197],[21.27138,42.28175],[21.27175,42.28111],[21.27195,42.28014],[21.2723,42.27957],[21.27364,42.27795],[21.27415,42.27796],[21.27573,42.27856],[21.27686,42.27808],[21.27772,42.27526],[21.27994,42.27416],[21.28007,42.27313],[21.28063,42.2721],[21.28123,42.27158],[21.28126,42.27069],[21.28148,42.27046],[21.28138,42.27022],[21.28165,42.2698],[21.28271,42.26967],[21.2831,42.2694],[21.28336,42.26897],[21.2839,42.26873],[21.28426,42.26833],[21.28453,42.26752],[21.28414,42.26568],[21.28505,42.26456],[21.28562,42.26346],[21.28693,42.262],[21.28735,42.26137],[21.28751,42.26073],[21.28795,42.26041],[21.28848,42.25933],[21.28893,42.25904],[21.29046,42.25859],[21.29199,42.259],[21.2926,42.25973],[21.29305,42.25977],[21.29396,42.25914],[21.29509,42.2591],[21.29594,42.25858],[21.29782,42.25835],[21.29887,42.25803],[21.2997,42.25759],[21.30109,42.25648],[21.30122,42.25592],[21.30144,42.25566],[21.3013,42.25442],[21.30153,42.25397],[21.30208,42.25446],[21.30329,42.25471],[21.3044,42.25521],[21.3064,42.25561],[21.30765,42.25605],[21.30915,42.25614],[21.30956,42.25659],[21.31083,42.25697],[21.31136,42.25705],[21.31284,42.25657],[21.31338,42.25673],[21.31374,42.25659],[21.31448,42.2567],[21.31524,42.25658],[21.31638,42.25616],[21.3169,42.25621],[21.31772,42.25577],[21.31859,42.25586],[21.31854,42.25564],[21.32009,42.25512],[21.32172,42.255],[21.32346,42.25448],[21.32413,42.25467],[21.32573,42.25436],[21.32594,42.25409],[21.3264,42.25396],[21.32657,42.2536],[21.32707,42.25324],[21.32759,42.25236],[21.32845,42.25216],[21.32856,42.25136],[21.32914,42.25086],[21.32898,42.25043],[21.3296,42.25023],[21.32981,42.25007],[21.32982,42.24977],[21.33024,42.24976],[21.33045,42.24939],[21.33099,42.24923],[21.33095,42.24906],[21.33172,42.24891],[21.3323,42.24849],[21.33303,42.24842],[21.33327,42.24813],[21.33479,42.24807],[21.33619,42.24835],[21.33684,42.24883],[21.33809,42.24883],[21.3388,42.24932],[21.33942,42.2491],[21.34012,42.2502],[21.34015,42.25092],[21.34069,42.25153],[21.34021,42.25222],[21.34023,42.25322],[21.33989,42.2538],[21.33964,42.25484],[21.34005,42.25541],[21.34103,42.25589],[21.3411,42.25633],[21.34178,42.25723],[21.34241,42.2573],[21.34276,42.25751],[21.3433,42.25858],[21.34361,42.25833],[21.34461,42.25818],[21.34478,42.25802],[21.34478,42.25743],[21.34539,42.25671],[21.34552,42.25608],[21.3461,42.25534],[21.34591,42.25473],[21.34612,42.25426],[21.3471,42.25377],[21.34758,42.25329],[21.34908,42.25298],[21.34906,42.25237],[21.34971,42.2526],[21.34992,42.25251],[21.35017,42.25202],[21.35131,42.25208],[21.35184,42.25156],[21.35336,42.25199],[21.35347,42.25176],[21.3534,42.25131],[21.3536,42.25089],[21.35406,42.25055],[21.35391,42.25008],[21.35413,42.24953],[21.35447,42.24923],[21.35491,42.24922],[21.35548,42.24864],[21.35607,42.24851],[21.35806,42.24705],[21.35805,42.24617],[21.35866,42.24542],[21.35987,42.24518],[21.36079,42.24542],[21.36167,42.24496],[21.36211,42.24403],[21.36251,42.24363],[21.36281,42.24284],[21.36359,42.243],[21.36472,42.24261],[21.36548,42.24293],[21.36606,42.24265],[21.36666,42.24263],[21.36723,42.24231],[21.36743,42.24182],[21.36868,42.24195],[21.3689,42.24158],[21.36976,42.24157],[21.37029,42.24107],[21.371,42.24098],[21.37131,42.24052],[21.37173,42.24022],[21.37179,42.23974],[21.37443,42.23952],[21.37492,42.23907],[21.37567,42.23897],[21.37597,42.23847],[21.37693,42.23819],[21.37719,42.23762],[21.37813,42.23762],[21.37949,42.23688],[21.38052,42.23724],[21.38134,42.23829],[21.38301,42.23869],[21.38414,42.23953],[21.38501,42.24122],[21.38558,42.24169],[21.38553,42.24277],[21.38487,42.24325],[21.38416,42.24363],[21.38302,42.24363],[21.38227,42.24402],[21.38195,42.24435],[21.38186,42.24473],[21.3821,42.24522],[21.38406,42.24561],[21.38628,42.24677],[21.38655,42.24676],[21.38797,42.24559],[21.3897,42.24508],[21.39041,42.24546],[21.39068,42.24642],[21.39101,42.24667],[21.39394,42.24714],[21.39718,42.24732],[21.39807,42.24855],[21.39963,42.24914],[21.40138,42.24905],[21.40272,42.24859],[21.40382,42.24787],[21.40457,42.247],[21.40562,42.24671],[21.40704,42.24722],[21.40884,42.24701],[21.41035,42.24646],[21.41108,42.2456],[21.41136,42.24448],[21.41381,42.24369],[21.41579,42.24384],[21.41576,42.24517],[21.41662,42.24566],[21.41934,42.24487],[21.41985,42.24448],[21.42022,42.24367],[21.42064,42.24187],[21.42134,42.24084],[21.42293,42.24077],[21.42426,42.24],[21.42583,42.2387],[21.42696,42.23699],[21.42747,42.23654],[21.42873,42.23694],[21.43029,42.23694],[21.4313,42.23429],[21.43359,42.23126],[21.4336,42.23195],[21.43527,42.23251],[21.43563,42.23302],[21.43658,42.23264],[21.43769,42.23363],[21.43871,42.23332],[21.44109,42.23474],[21.44445,42.23495],[21.44363,42.23711],[21.44214,42.23928],[21.44327,42.24012],[21.44309,42.24138],[21.44153,42.24227],[21.44114,42.24311],[21.43942,42.24504],[21.4363,42.24701],[21.43461,42.24958],[21.43475,42.25112],[21.4344,42.25254],[21.43298,42.25501],[21.43258,42.2571],[21.43271,42.2595],[21.43498,42.26019],[21.43654,42.26012],[21.43776,42.2608],[21.43906,42.26189],[21.43979,42.26195],[21.44052,42.26236],[21.4406,42.26305],[21.44117,42.26412],[21.44079,42.2642],[21.4409,42.26602],[21.44079,42.26655],[21.44099,42.26705],[21.44184,42.26755],[21.44169,42.26842],[21.44013,42.26988],[21.44052,42.27043],[21.44111,42.27084],[21.44116,42.27151],[21.44063,42.2731],[21.44082,42.27415],[21.44032,42.2757],[21.43965,42.27638],[21.43929,42.27713],[21.4404,42.27748],[21.44065,42.27831],[21.44148,42.27913],[21.44293,42.27908],[21.44513,42.28003],[21.4474,42.27991],[21.44787,42.27941],[21.44924,42.27865],[21.44991,42.27875],[21.45122,42.27829],[21.45206,42.27822],[21.45256,42.27777],[21.45393,42.27766],[21.45693,42.27663],[21.45808,42.27671],[21.45873,42.27692],[21.46337,42.27715],[21.4641,42.27742],[21.46441,42.27791],[21.46598,42.2785],[21.46666,42.27933],[21.46735,42.27928],[21.46795,42.27997],[21.47155,42.27978],[21.47554,42.27887],[21.48188,42.27605],[21.48872,42.2736],[21.48914,42.27302],[21.49298,42.27332],[21.49444,42.27368],[21.49625,42.27319],[21.49693,42.27319],[21.49731,42.27246],[21.4994,42.27235],[21.49986,42.27472],[21.50112,42.27661],[21.50256,42.27755],[21.50432,42.27897],[21.50603,42.27911],[21.5074,42.27971],[21.50812,42.28049],[21.50926,42.28105],[21.51175,42.28136],[21.51302,42.2813],[21.51327,42.28143],[21.51393,42.28269],[21.51386,42.28344],[21.51474,42.28368],[21.51645,42.2838],[21.51583,42.28473],[21.51574,42.28561],[21.51605,42.28638],[21.5156,42.28714],[21.51588,42.28769],[21.51544,42.28871],[21.51461,42.28957],[21.51377,42.29005],[21.51325,42.29055],[21.51256,42.29152],[21.51224,42.29238],[21.51275,42.29315],[21.51268,42.29373],[21.51212,42.29444],[21.51085,42.29518],[21.51082,42.29543],[21.51117,42.29577],[21.51113,42.2961],[21.51025,42.29709],[21.51004,42.29812],[21.50788,42.29847],[21.50701,42.29802],[21.50656,42.29839],[21.50602,42.29916],[21.50438,42.30025],[21.50376,42.30051],[21.50282,42.30022],[21.50251,42.30028],[21.50213,42.30177],[21.50157,42.30245],[21.50125,42.30261],[21.50079,42.30386],[21.50031,42.30417],[21.49986,42.30699],[21.49909,42.30808],[21.49919,42.30857],[21.49947,42.30891],[21.499,42.30968],[21.49901,42.30989],[21.49962,42.30987],[21.50013,42.31006],[21.50176,42.30981],[21.50205,42.31015],[21.50213,42.31059],[21.50342,42.31093],[21.50406,42.31081],[21.5043,42.31161],[21.50512,42.31217],[21.50657,42.31254],[21.50724,42.31233],[21.50778,42.31278],[21.5075,42.3156],[21.50743,42.3159],[21.50712,42.31609],[21.50755,42.31646],[21.50743,42.31662],[21.50789,42.31706],[21.50761,42.31738],[21.50744,42.31794],[21.50715,42.3177],[21.50538,42.31826],[21.50454,42.31867],[21.50288,42.3201],[21.50185,42.3206],[21.5015,42.31893],[21.50122,42.31849],[21.50079,42.31827],[21.50009,42.31703],[21.49637,42.31754],[21.49579,42.31799],[21.49493,42.31801],[21.49439,42.31822],[21.49361,42.31897],[21.49293,42.31932],[21.49242,42.3202],[21.49115,42.32088],[21.491,42.32191],[21.49112,42.32271],[21.4906,42.32308],[21.48991,42.32461],[21.49044,42.32665],[21.49023,42.32759],[21.48791,42.32996],[21.48748,42.33052],[21.48734,42.33102],[21.48677,42.33151],[21.48639,42.33218],[21.48595,42.33237],[21.48555,42.33224],[21.48474,42.33244],[21.48414,42.33309],[21.48404,42.33352],[21.48368,42.33376],[21.48285,42.33365],[21.48214,42.33397],[21.4818,42.33504],[21.48131,42.33515],[21.48014,42.33617],[21.47944,42.33632],[21.47897,42.33669],[21.47857,42.33743],[21.47753,42.33828],[21.47697,42.33928],[21.47634,42.33989],[21.47618,42.34117],[21.47533,42.34325],[21.47499,42.34455],[21.47495,42.34606],[21.47452,42.34657],[21.47326,42.34732],[21.47288,42.348],[21.47204,42.34863],[21.4711,42.34984],[21.47105,42.35017],[21.4714,42.35082],[21.47139,42.35148],[21.47001,42.35291],[21.46878,42.35623],[21.46952,42.35741],[21.46974,42.35896],[21.46952,42.35949],[21.46925,42.36138],[21.46937,42.36279],[21.46405,42.36661],[21.46341,42.36755],[21.46183,42.36845],[21.45734,42.36835],[21.4547,42.36917],[21.45263,42.36857],[21.45216,42.36876],[21.45055,42.36886],[21.44914,42.36927],[21.44774,42.37021],[21.44567,42.37085],[21.44473,42.36937],[21.44281,42.37012],[21.44242,42.36975],[21.43832,42.37166],[21.43683,42.37264],[21.43589,42.37394],[21.43792,42.37417],[21.43803,42.37445],[21.43775,42.37534],[21.43803,42.37567],[21.43877,42.3758],[21.43954,42.37621],[21.4406,42.3756],[21.44134,42.37562],[21.44202,42.37607],[21.4421,42.37637],[21.44172,42.37713],[21.44223,42.37823],[21.44127,42.37917],[21.44138,42.37943],[21.44175,42.3795],[21.44157,42.37997],[21.4399,42.38114],[21.43907,42.3802],[21.4377,42.38073],[21.43763,42.38053],[21.4324,42.37967],[21.43151,42.38094],[21.43085,42.38255],[21.43064,42.38284],[21.43007,42.38284],[21.43015,42.38313],[21.42931,42.38298],[21.4285,42.38248],[21.4279,42.38233],[21.4274,42.38233],[21.4266,42.3826],[21.42625,42.38245],[21.42636,42.3822],[21.42463,42.38216],[21.42457,42.38228],[21.42254,42.38241],[21.42231,42.3824],[21.4223,42.38219],[21.42191,42.3822],[21.42085,42.38242],[21.42103,42.3832],[21.41907,42.38458],[21.4182,42.3858],[21.41633,42.38761],[21.41371,42.39058],[21.41303,42.39183],[21.41274,42.3975],[21.41186,42.4026],[21.41287,42.40503]],[[21.35521,42.37072],[21.35848,42.3726],[21.35823,42.37294],[21.35929,42.37357],[21.35896,42.37384],[21.35972,42.37452],[21.35938,42.37485],[21.35934,42.3753],[21.35901,42.37565],[21.35891,42.37612],[21.36002,42.3762],[21.3602,42.37581],[21.36079,42.37622],[21.3589,42.3792],[21.35999,42.37911],[21.36135,42.38082],[21.36296,42.38038],[21.36363,42.3822],[21.36419,42.38206],[21.364,42.38176],[21.36543,42.38139],[21.36538,42.38111],[21.366,42.38064],[21.3661,42.38019],[21.36655,42.37983],[21.36746,42.37946],[21.3676,42.37967],[21.36796,42.37962],[21.36957,42.37846],[21.37144,42.37921],[21.37067,42.38013],[21.37101,42.38026],[21.37115,42.38009],[21.37237,42.38045],[21.37168,42.38223],[21.37567,42.38359],[21.37603,42.38359],[21.37648,42.38333],[21.37797,42.38171],[21.37833,42.38178],[21.37902,42.38081],[21.37908,42.38027],[21.3799,42.38044],[21.38156,42.37846],[21.38216,42.37869],[21.38298,42.37798],[21.3836,42.37774],[21.38318,42.37688],[21.38547,42.37408],[21.38528,42.37399],[21.38728,42.37065],[21.38809,42.37102],[21.38859,42.36999],[21.38887,42.36859],[21.38864,42.36719],[21.3914,42.36569],[21.39172,42.36584],[21.3915,42.36647],[21.39243,42.36713],[21.39243,42.36756],[21.39174,42.36778],[21.39168,42.36821],[21.39241,42.36814],[21.39352,42.36863],[21.39518,42.36978],[21.39811,42.37046],[21.39785,42.37089],[21.39793,42.37105],[21.39846,42.37104],[21.39879,42.37086],[21.39962,42.37108],[21.39974,42.37155],[21.40014,42.37148],[21.40032,42.37064],[21.39971,42.36731],[21.39971,42.36644],[21.39871,42.36609],[21.39846,42.36626],[21.3959,42.36444],[21.3943,42.36387],[21.39379,42.36252],[21.39427,42.36019],[21.39468,42.35912],[21.39485,42.35882],[21.39547,42.35886],[21.39567,42.35726],[21.39641,42.35733],[21.39607,42.35678],[21.39563,42.35504],[21.39489,42.3533],[21.39594,42.35369],[21.3966,42.35308],[21.39761,42.35337],[21.39822,42.35425],[21.39876,42.35467],[21.39993,42.35474],[21.40037,42.35439],[21.40091,42.35359],[21.40128,42.35462],[21.40258,42.35536],[21.40351,42.35552],[21.40433,42.3561],[21.40455,42.356],[21.40436,42.35566],[21.40459,42.35519],[21.40843,42.35297],[21.40884,42.35203],[21.40852,42.35073],[21.40857,42.34932],[21.41054,42.3469],[21.40967,42.34507],[21.40967,42.34441],[21.40926,42.34323],[21.40708,42.34249],[21.40937,42.34152],[21.40984,42.34111],[21.4112,42.34159],[21.41123,42.34133],[21.41297,42.34098],[21.41307,42.34056],[21.41416,42.34047],[21.41525,42.34008],[21.41594,42.33964],[21.41519,42.33878],[21.41565,42.3387],[21.41577,42.33831],[21.41716,42.33763],[21.41717,42.33722],[21.42629,42.33531],[21.42931,42.32933],[21.43123,42.32919],[21.4375,42.32629],[21.43762,42.32557],[21.43703,42.3234],[21.43612,42.3225],[21.43646,42.32166],[21.43546,42.32109],[21.43607,42.32083],[21.43836,42.32059],[21.43815,42.32037],[21.4392,42.3198],[21.43993,42.31979],[21.43978,42.32021],[21.44002,42.32035],[21.44075,42.31994],[21.4417,42.31809],[21.44179,42.31658],[21.44219,42.3162],[21.44303,42.3159],[21.44334,42.31556],[21.44361,42.31428],[21.44464,42.3131],[21.44449,42.31258],[21.44478,42.31161],[21.44542,42.31099],[21.44478,42.31062],[21.44237,42.30985],[21.44103,42.30981],[21.43833,42.31062],[21.43716,42.31052],[21.43649,42.31073],[21.43556,42.31233],[21.43472,42.3124],[21.43259,42.31149],[21.43186,42.31168],[21.43014,42.31115],[21.4289,42.31098],[21.42281,42.31236],[21.4219,42.31219],[21.4211,42.31244],[21.42008,42.31318],[21.41928,42.31341],[21.41869,42.31415],[21.4185,42.31471],[21.41741,42.31502],[21.41553,42.3177],[21.41481,42.31846],[21.41235,42.32017],[21.41174,42.32004],[21.41211,42.32067],[21.41206,42.32141],[21.41135,42.32149],[21.41123,42.32114],[21.40972,42.32103],[21.40932,42.32085],[21.40791,42.32098],[21.40816,42.32269],[21.40588,42.32248],[21.40566,42.32297],[21.40519,42.32272],[21.40411,42.32348],[21.40389,42.32333],[21.40421,42.32307],[21.4035,42.32273],[21.40418,42.32217],[21.40387,42.322],[21.40139,42.3242],[21.40105,42.32388],[21.40068,42.32298],[21.4004,42.32164],[21.39636,42.32393],[21.39293,42.32315],[21.39168,42.32266],[21.39122,42.32225],[21.3897,42.3232],[21.38951,42.32386],[21.38884,42.32376],[21.38868,42.32404],[21.3889,42.32572],[21.38845,42.32647],[21.38774,42.32646],[21.38608,42.32679],[21.38382,42.32757],[21.38309,42.32759],[21.38215,42.32728],[21.3811,42.32771],[21.38005,42.32782],[21.37999,42.32804],[21.38034,42.3279],[21.38011,42.32838],[21.37877,42.32975],[21.37472,42.33218],[21.37392,42.3324],[21.37388,42.33326],[21.37362,42.334],[21.37321,42.3344],[21.37242,42.33464],[21.37216,42.33529],[21.37193,42.33703],[21.37143,42.33777],[21.37165,42.33824],[21.37158,42.33866],[21.37098,42.33969],[21.37126,42.34013],[21.37126,42.34066],[21.37203,42.34201],[21.37207,42.34245],[21.37254,42.34295],[21.37222,42.34313],[21.37222,42.34399],[21.37196,42.34522],[21.37296,42.34624],[21.37211,42.34822],[21.37004,42.34926],[21.36981,42.3489],[21.36914,42.34914],[21.36891,42.34828],[21.3687,42.34821],[21.36754,42.34897],[21.36659,42.34936],[21.36609,42.34997],[21.36274,42.34978],[21.36047,42.34926],[21.35992,42.35019],[21.36022,42.35071],[21.36093,42.35134],[21.36162,42.35167],[21.3634,42.35324],[21.36372,42.3547],[21.36334,42.35469],[21.36317,42.35448],[21.36272,42.35448],[21.36247,42.35545],[21.36203,42.35543],[21.36141,42.3563],[21.36254,42.3565],[21.36308,42.35704],[21.3639,42.35717],[21.36394,42.35815],[21.36372,42.35876],[21.36409,42.35927],[21.36496,42.35977],[21.36319,42.35954],[21.36245,42.36106],[21.36225,42.36234],[21.36201,42.3625],[21.3613,42.36227],[21.36085,42.36308],[21.3613,42.36324],[21.36035,42.36471],[21.36058,42.36485],[21.35935,42.36634],[21.36,42.36683],[21.35808,42.36959],[21.35853,42.36975],[21.35784,42.37048],[21.35693,42.37108],[21.35545,42.37033],[21.35521,42.37072]]]}},{"type":"Feature","properties":{"name":"Vushtrri","slug":"vushtrri","sourceName":"Vushtrri"},"geometry":{"type":"Polygon","coordinates":[[[20.97132,42.69383],[20.97269,42.69237],[20.97359,42.69106],[20.97336,42.69074],[20.97318,42.68991],[20.97446,42.68565],[20.97552,42.68589],[20.97597,42.68617],[20.97692,42.68707],[20.9774,42.68803],[20.97853,42.68923],[20.98134,42.68984],[20.98306,42.69046],[20.98485,42.69052],[20.98553,42.69031],[20.98656,42.69043],[20.98805,42.69002],[20.98865,42.68965],[20.9893,42.68872],[20.98991,42.68842],[20.99038,42.68887],[20.99313,42.68975],[20.99399,42.6899],[20.9951,42.68933],[20.99552,42.6896],[20.99677,42.69166],[20.99783,42.69279],[20.9997,42.69353],[21.00067,42.69409],[21.00741,42.69633],[21.01002,42.69768],[21.0114,42.6988],[21.01189,42.69901],[21.01208,42.69962],[21.01175,42.70156],[21.01222,42.70211],[21.01166,42.70332],[21.01657,42.70402],[21.01703,42.70402],[21.01765,42.7035],[21.01872,42.70453],[21.01895,42.70528],[21.0211,42.70766],[21.02146,42.70768],[21.02219,42.70724],[21.02298,42.70757],[21.02445,42.7077],[21.02546,42.70634],[21.02881,42.70765],[21.02789,42.70877],[21.02784,42.70905],[21.02827,42.70923],[21.029,42.70923],[21.02915,42.70947],[21.02892,42.71028],[21.02839,42.711],[21.02701,42.71144],[21.0264,42.71192],[21.02656,42.71237],[21.02729,42.7128],[21.02799,42.71273],[21.02818,42.71226],[21.02854,42.71194],[21.02983,42.71216],[21.03155,42.71299],[21.03424,42.71384],[21.03418,42.71437],[21.03377,42.71477],[21.03376,42.71535],[21.0351,42.71564],[21.03516,42.71587],[21.03673,42.71638],[21.03731,42.7156],[21.03768,42.71578],[21.03828,42.71514],[21.04158,42.71631],[21.04457,42.71714],[21.04764,42.71837],[21.04924,42.71705],[21.05071,42.7178],[21.05088,42.71877],[21.05133,42.71955],[21.05167,42.72109],[21.05213,42.72211],[21.05145,42.72303],[21.05083,42.72446],[21.05008,42.72758],[21.05088,42.72778],[21.05116,42.72874],[21.0517,42.72914],[21.05252,42.72925],[21.05531,42.72908],[21.05591,42.72891],[21.05733,42.72885],[21.05887,42.72832],[21.06743,42.72755],[21.06728,42.72878],[21.06644,42.73039],[21.06549,42.73023],[21.06342,42.73043],[21.06305,42.73053],[21.06292,42.73077],[21.06294,42.73102],[21.06319,42.73126],[21.06462,42.73123],[21.064,42.7323],[21.06412,42.73265],[21.06403,42.73367],[21.06436,42.73387],[21.06323,42.73498],[21.06244,42.73522],[21.06211,42.7358],[21.0613,42.73629],[21.05916,42.73674],[21.06012,42.73746],[21.06116,42.73895],[21.06193,42.73959],[21.0623,42.73964],[21.06327,42.7402],[21.06669,42.7425],[21.0737,42.7461],[21.07206,42.74892],[21.07063,42.75012],[21.07155,42.75084],[21.07162,42.75107],[21.07427,42.75227],[21.07632,42.75417],[21.07754,42.75484],[21.07784,42.75484],[21.07839,42.75543],[21.07668,42.75656],[21.07836,42.75806],[21.07943,42.75963],[21.07793,42.75894],[21.07608,42.76133],[21.07334,42.76551],[21.07227,42.76761],[21.07236,42.76877],[21.07321,42.76871],[21.07257,42.76922],[21.07254,42.76938],[21.07299,42.76985],[21.07264,42.77046],[21.07221,42.77031],[21.07135,42.77145],[21.06949,42.77063],[21.0688,42.77059],[21.06829,42.77086],[21.06786,42.77084],[21.068,42.77048],[21.06621,42.77012],[21.06628,42.77159],[21.06613,42.77233],[21.06663,42.77393],[21.06736,42.77781],[21.06862,42.78031],[21.07079,42.78343],[21.07309,42.78366],[21.07411,42.78407],[21.07758,42.78578],[21.08075,42.78803],[21.08323,42.79317],[21.08421,42.79422],[21.08593,42.79544],[21.09061,42.79522],[21.09302,42.79559],[21.09677,42.7958],[21.0982,42.79564],[21.09935,42.79585],[21.10021,42.7964],[21.10065,42.79693],[21.10281,42.79762],[21.10449,42.7987],[21.10498,42.79998],[21.10546,42.80074],[21.10809,42.80346],[21.10983,42.80363],[21.11196,42.80449],[21.11439,42.80484],[21.11564,42.80467],[21.11683,42.80427],[21.11903,42.80417],[21.11945,42.80456],[21.11944,42.8053],[21.12033,42.80569],[21.1204,42.80635],[21.12001,42.80758],[21.11859,42.80963],[21.11761,42.81042],[21.11886,42.812],[21.11906,42.81262],[21.11941,42.81293],[21.11941,42.8134],[21.11926,42.81378],[21.11808,42.8146],[21.11754,42.81538],[21.11737,42.81705],[21.11616,42.81855],[21.11571,42.8188],[21.11501,42.81966],[21.11422,42.82015],[21.11325,42.82253],[21.11336,42.82305],[21.11327,42.8244],[21.11276,42.82514],[21.11185,42.82545],[21.11139,42.82598],[21.10973,42.82692],[21.10842,42.82721],[21.10736,42.82786],[21.1073,42.82898],[21.10702,42.82942],[21.10668,42.82961],[21.105,42.82992],[21.10477,42.83012],[21.10454,42.83077],[21.10352,42.83143],[21.10237,42.83302],[21.09969,42.83354],[21.09877,42.83577],[21.09815,42.83646],[21.09745,42.83663],[21.09567,42.83626],[21.09499,42.83647],[21.09377,42.83654],[21.09321,42.83687],[21.09249,42.83701],[21.09206,42.83744],[21.09011,42.83825],[21.0892,42.8391],[21.08794,42.83981],[21.08643,42.83973],[21.08602,42.83953],[21.08494,42.83959],[21.08436,42.83872],[21.08293,42.83731],[21.08186,42.83756],[21.08314,42.84014],[21.08219,42.84408],[21.08254,42.84488],[21.08407,42.84589],[21.08425,42.8463],[21.08412,42.84705],[21.0849,42.84881],[21.08497,42.84931],[21.0846,42.85025],[21.08364,42.85119],[21.08318,42.85158],[21.08232,42.85188],[21.08164,42.85248],[21.08133,42.8529],[21.08109,42.85427],[21.08061,42.85505],[21.07938,42.8555],[21.07892,42.85529],[21.07929,42.85583],[21.07922,42.85658],[21.07832,42.85771],[21.07837,42.85902],[21.07912,42.8599],[21.07981,42.86015],[21.08074,42.86075],[21.0814,42.86214],[21.08147,42.86264],[21.08212,42.86356],[21.0818,42.86398],[21.08074,42.86423],[21.07884,42.86537],[21.07773,42.86635],[21.07727,42.86907],[21.07807,42.87131],[21.07803,42.87323],[21.07785,42.87411],[21.07754,42.87516],[21.07686,42.87568],[21.07703,42.87579],[21.07566,42.87693],[21.07535,42.87735],[21.07563,42.87826],[21.0754,42.87887],[21.07485,42.87926],[21.07533,42.88053],[21.07496,42.88123],[21.07366,42.88228],[21.07297,42.88335],[21.07303,42.88373],[21.07338,42.88424],[21.0748,42.88548],[21.07472,42.88612],[21.0749,42.88679],[21.07469,42.88816],[21.07425,42.88946],[21.07408,42.88972],[21.07276,42.89051],[21.07198,42.89074],[21.0718,42.89124],[21.07081,42.89139],[21.07066,42.89178],[21.07,42.89217],[21.07003,42.89268],[21.06975,42.89336],[21.06918,42.89364],[21.0689,42.89441],[21.06804,42.89552],[21.06882,42.89631],[21.06753,42.89693],[21.06598,42.89801],[21.06439,42.90017],[21.06352,42.9005],[21.06266,42.90136],[21.06103,42.90201],[21.06028,42.90177],[21.05946,42.90225],[21.05923,42.90272],[21.05921,42.90363],[21.06017,42.90635],[21.0606,42.90689],[21.06079,42.9076],[21.06115,42.90815],[21.06224,42.90883],[21.06213,42.90917],[21.06154,42.90923],[21.06048,42.90994],[21.06016,42.91048],[21.05836,42.91141],[21.05856,42.91259],[21.05809,42.91375],[21.05926,42.91515],[21.06014,42.91579],[21.06041,42.91583],[21.06224,42.91568],[21.0636,42.91533],[21.06642,42.91521],[21.0673,42.91428],[21.06764,42.91426],[21.06782,42.91435],[21.06773,42.91477],[21.06815,42.91492],[21.06852,42.91539],[21.06997,42.91539],[21.07006,42.91566],[21.0699,42.91651],[21.0702,42.91718],[21.06919,42.91783],[21.06904,42.91838],[21.06901,42.91903],[21.06934,42.91968],[21.06887,42.92028],[21.0692,42.9209],[21.06914,42.92124],[21.06932,42.92163],[21.06877,42.92222],[21.0687,42.92286],[21.06955,42.92287],[21.0729,42.92483],[21.07412,42.92819],[21.07402,42.92893],[21.07415,42.92964],[21.07546,42.93061],[21.07729,42.93142],[21.07763,42.93174],[21.07777,42.93294],[21.07739,42.9335],[21.07745,42.93423],[21.07703,42.93503],[21.0775,42.93645],[21.07786,42.93658],[21.07813,42.93709],[21.07936,42.93735],[21.07954,42.93781],[21.08016,42.93823],[21.08059,42.9395],[21.08123,42.93977],[21.08054,42.94082],[21.08025,42.9416],[21.08155,42.94213],[21.0808,42.94247],[21.08055,42.94292],[21.0808,42.94555],[21.07785,42.94485],[21.07721,42.94445],[21.07629,42.94431],[21.07595,42.94372],[21.07415,42.94303],[21.07344,42.9423],[21.07355,42.94179],[21.07289,42.94135],[21.07204,42.94236],[21.07081,42.94339],[21.06933,42.94358],[21.06694,42.94294],[21.06618,42.94302],[21.06662,42.94244],[21.0663,42.94192],[21.06624,42.94125],[21.06641,42.94075],[21.06695,42.94017],[21.06718,42.93946],[21.06679,42.93821],[21.06679,42.93734],[21.06749,42.93664],[21.06797,42.93558],[21.06847,42.93501],[21.06914,42.93458],[21.06927,42.93412],[21.06963,42.93392],[21.06896,42.93313],[21.06924,42.93239],[21.06874,42.93105],[21.06778,42.93107],[21.06656,42.93157],[21.06489,42.93061],[21.06341,42.93148],[21.05917,42.93198],[21.05778,42.93195],[21.05687,42.93383],[21.05421,42.93675],[21.05432,42.93735],[21.05397,42.93797],[21.05285,42.93885],[21.05159,42.93911],[21.05033,42.93746],[21.04882,42.9368],[21.0439,42.93709],[21.04187,42.9361],[21.04122,42.93625],[21.03996,42.93624],[21.03848,42.93586],[21.03651,42.93574],[21.03571,42.93622],[21.03382,42.93661],[21.0334,42.93613],[21.03252,42.93556],[21.03103,42.93486],[21.02823,42.93399],[21.02759,42.93362],[21.02701,42.93293],[21.02609,42.93225],[21.02502,42.93165],[21.02428,42.93161],[21.02342,42.93087],[21.02191,42.93093],[21.02093,42.9305],[21.01757,42.9264],[21.01412,42.92871],[21.01393,42.92966],[21.01299,42.93029],[21.01267,42.93097],[21.01277,42.93158],[21.01252,42.93217],[21.013,42.9327],[21.01181,42.93339],[21.00956,42.93363],[21.00671,42.93365],[21.00632,42.93404],[21.00579,42.93521],[21.00597,42.93558],[21.00567,42.93596],[21.00528,42.93612],[21.00479,42.93616],[21.00432,42.93554],[21.00366,42.93541],[21.00247,42.93566],[21.00197,42.93596],[21.00124,42.93676],[21.00057,42.9371],[20.99891,42.93919],[20.99757,42.93972],[20.9953,42.93993],[20.99505,42.94083],[20.99411,42.94133],[20.99419,42.942],[20.99263,42.94225],[20.99177,42.94256],[20.99014,42.94382],[20.98969,42.94372],[20.98931,42.94342],[20.98826,42.94349],[20.98746,42.94326],[20.98735,42.94278],[20.98659,42.94197],[20.98635,42.94144],[20.9864,42.94086],[20.9859,42.94064],[20.98565,42.94017],[20.98506,42.94037],[20.98487,42.93877],[20.98518,42.93809],[20.98476,42.93788],[20.98242,42.93706],[20.97679,42.93684],[20.97345,42.93718],[20.97342,42.93623],[20.97358,42.93574],[20.974,42.93527],[20.97422,42.93432],[20.97457,42.93381],[20.97556,42.93336],[20.97558,42.93299],[20.97629,42.93235],[20.97798,42.93191],[20.97884,42.93149],[20.97954,42.93088],[20.98045,42.92952],[20.98013,42.92875],[20.98022,42.92705],[20.98064,42.92647],[20.98086,42.92564],[20.98166,42.92467],[20.98171,42.92401],[20.9822,42.92375],[20.98246,42.92321],[20.98249,42.92263],[20.98336,42.92221],[20.98409,42.92207],[20.98448,42.92177],[20.98444,42.92108],[20.9837,42.92027],[20.98363,42.91991],[20.98316,42.91923],[20.98299,42.91934],[20.98236,42.91886],[20.98242,42.91834],[20.9816,42.91713],[20.98182,42.91594],[20.98164,42.91494],[20.98215,42.91268],[20.98167,42.91165],[20.98182,42.91027],[20.98172,42.91002],[20.98073,42.90931],[20.9808,42.90918],[20.9803,42.90862],[20.98054,42.90794],[20.9805,42.90629],[20.98108,42.90515],[20.98062,42.90479],[20.9807,42.90457],[20.98038,42.9044],[20.9804,42.90341],[20.98027,42.90304],[20.98046,42.9029],[20.98076,42.90181],[20.98115,42.90157],[20.98115,42.90116],[20.98144,42.90091],[20.98137,42.90081],[20.98072,42.90094],[20.98024,42.90056],[20.97994,42.90062],[20.97935,42.90091],[20.97817,42.90221],[20.97781,42.90204],[20.97625,42.89947],[20.97529,42.89891],[20.97226,42.898],[20.97281,42.89714],[20.97377,42.89628],[20.97361,42.89572],[20.97328,42.89542],[20.97158,42.89499],[20.96674,42.89313],[20.96582,42.89305],[20.96376,42.8936],[20.96171,42.89343],[20.9617,42.89358],[20.96039,42.89366],[20.95789,42.89423],[20.9577,42.89503],[20.95776,42.89596],[20.9569,42.89695],[20.95685,42.89746],[20.95701,42.89788],[20.95669,42.89834],[20.95663,42.89875],[20.9549,42.90077],[20.95485,42.90123],[20.95454,42.90168],[20.95461,42.90196],[20.95441,42.9022],[20.95459,42.90302],[20.95483,42.90334],[20.95431,42.9034],[20.95311,42.90282],[20.95233,42.90208],[20.95158,42.90088],[20.95043,42.90122],[20.94752,42.90127],[20.94705,42.90035],[20.94658,42.90013],[20.94624,42.90038],[20.94547,42.90047],[20.94459,42.89976],[20.94383,42.89888],[20.94358,42.89742],[20.94372,42.89666],[20.944,42.89639],[20.94404,42.89612],[20.94385,42.89575],[20.94344,42.89547],[20.94393,42.89449],[20.94391,42.89407],[20.94445,42.89336],[20.94437,42.893],[20.94457,42.89254],[20.94528,42.89152],[20.94504,42.8909],[20.94524,42.89024],[20.94333,42.88908],[20.94151,42.88913],[20.94026,42.88865],[20.93945,42.88861],[20.93863,42.88935],[20.93685,42.89182],[20.9363,42.89113],[20.93568,42.89077],[20.93537,42.88991],[20.93492,42.88981],[20.93497,42.88921],[20.93559,42.88892],[20.93544,42.88859],[20.9357,42.8883],[20.93562,42.88766],[20.93613,42.88734],[20.9361,42.88679],[20.93581,42.88649],[20.93632,42.88612],[20.93632,42.8857],[20.93603,42.88533],[20.9364,42.88492],[20.93607,42.88465],[20.93614,42.88438],[20.93576,42.88371],[20.93484,42.88281],[20.93483,42.88264],[20.93406,42.88205],[20.93458,42.88106],[20.93428,42.88056],[20.9343,42.87984],[20.93442,42.87935],[20.93522,42.87891],[20.93727,42.87876],[20.93765,42.87857],[20.93409,42.87139],[20.93357,42.86976],[20.93373,42.86865],[20.93424,42.86739],[20.9344,42.86607],[20.93483,42.86492],[20.93473,42.86042],[20.93436,42.85878],[20.93367,42.85701],[20.93076,42.85214],[20.93091,42.85147],[20.93083,42.85104],[20.93325,42.84917],[20.93451,42.84902],[20.93442,42.84893],[20.93123,42.84645],[20.92791,42.84299],[20.92506,42.84098],[20.92482,42.84126],[20.92336,42.84205],[20.923,42.843],[20.92267,42.84338],[20.92201,42.84343],[20.92138,42.84313],[20.92088,42.84315],[20.92044,42.84331],[20.91984,42.84395],[20.91923,42.84424],[20.91803,42.8441],[20.91678,42.84332],[20.91564,42.84231],[20.91496,42.84219],[20.91413,42.84252],[20.91358,42.84342],[20.91361,42.84389],[20.91393,42.84466],[20.91497,42.84581],[20.91554,42.84717],[20.91703,42.84762],[20.91722,42.84799],[20.91707,42.84824],[20.91617,42.8485],[20.9151,42.84848],[20.91468,42.84832],[20.91382,42.8475],[20.91345,42.84739],[20.91158,42.84743],[20.91049,42.84767],[20.91,42.84796],[20.90959,42.8479],[20.90917,42.84752],[20.90757,42.84691],[20.90622,42.84618],[20.90577,42.84709],[20.90463,42.84812],[20.90424,42.84818],[20.90314,42.84765],[20.90276,42.84706],[20.90203,42.84654],[20.90233,42.84617],[20.90092,42.84473],[20.90079,42.84327],[20.8999,42.84259],[20.89912,42.84226],[20.89766,42.84207],[20.89678,42.84065],[20.89674,42.84035],[20.89249,42.84087],[20.8924,42.84118],[20.89131,42.84102],[20.88969,42.84132],[20.88891,42.84038],[20.88836,42.83944],[20.88798,42.83973],[20.88692,42.83947],[20.8864,42.83841],[20.88481,42.83754],[20.88453,42.83746],[20.88406,42.83849],[20.88221,42.83766],[20.88116,42.83758],[20.8812,42.83689],[20.88138,42.83663],[20.88129,42.83631],[20.88042,42.83581],[20.87886,42.83526],[20.87851,42.83506],[20.8783,42.83469],[20.87799,42.8347],[20.87836,42.83389],[20.87892,42.83365],[20.87937,42.83319],[20.87961,42.83186],[20.87915,42.83191],[20.87867,42.83176],[20.87825,42.83206],[20.87786,42.83191],[20.87755,42.83136],[20.87761,42.83117],[20.87665,42.83058],[20.87669,42.83048],[20.87619,42.83037],[20.87432,42.82874],[20.87166,42.82831],[20.87107,42.82752],[20.87003,42.82733],[20.86901,42.82744],[20.86853,42.82733],[20.86602,42.82763],[20.86529,42.82803],[20.86421,42.82811],[20.8639,42.82782],[20.86318,42.8276],[20.86226,42.82758],[20.86126,42.82778],[20.85991,42.82728],[20.85943,42.82648],[20.85878,42.82607],[20.85826,42.82529],[20.85785,42.82408],[20.85793,42.82355],[20.85719,42.823],[20.85638,42.82286],[20.85512,42.82223],[20.85491,42.82183],[20.85518,42.8214],[20.8549,42.82091],[20.85413,42.82045],[20.85328,42.82028],[20.85357,42.8199],[20.85024,42.81917],[20.84982,42.8189],[20.84624,42.8177],[20.84652,42.81723],[20.84659,42.81672],[20.84718,42.81603],[20.84867,42.81336],[20.85049,42.81203],[20.8531,42.80759],[20.85382,42.807],[20.85425,42.80583],[20.85485,42.80562],[20.85628,42.80396],[20.85747,42.80311],[20.85875,42.80186],[20.8612,42.80061],[20.86148,42.80027],[20.86114,42.79958],[20.86251,42.79739],[20.86416,42.79626],[20.86245,42.79656],[20.86111,42.79603],[20.86051,42.79352],[20.86116,42.79343],[20.86142,42.79314],[20.86134,42.79283],[20.86189,42.79213],[20.86029,42.79196],[20.85986,42.79076],[20.85953,42.7905],[20.85815,42.78998],[20.85791,42.78949],[20.85683,42.78843],[20.85655,42.78749],[20.85624,42.78702],[20.85621,42.78612],[20.85661,42.78626],[20.85772,42.78516],[20.85796,42.78343],[20.85824,42.78269],[20.86016,42.78107],[20.86109,42.78007],[20.85854,42.77777],[20.85704,42.77695],[20.85788,42.77613],[20.85914,42.77549],[20.8607,42.77536],[20.86108,42.77508],[20.86424,42.77386],[20.86583,42.77339],[20.86852,42.77309],[20.86912,42.77177],[20.86819,42.77147],[20.86862,42.77062],[20.86844,42.76995],[20.86851,42.76954],[20.86891,42.76887],[20.86933,42.76753],[20.8691,42.76731],[20.8689,42.76608],[20.86944,42.76388],[20.86935,42.76286],[20.86914,42.76272],[20.86905,42.76227],[20.86854,42.7618],[20.86867,42.76168],[20.86839,42.7615],[20.86843,42.76123],[20.86766,42.76069],[20.86735,42.76034],[20.86732,42.76005],[20.86679,42.75984],[20.86669,42.75952],[20.86638,42.75933],[20.86477,42.75919],[20.86406,42.75863],[20.86373,42.75876],[20.86117,42.75713],[20.86089,42.75505],[20.85998,42.75297],[20.86069,42.75128],[20.8618,42.75049],[20.86259,42.75014],[20.86318,42.74938],[20.86498,42.74841],[20.86628,42.74724],[20.86994,42.74623],[20.87071,42.74587],[20.87096,42.74567],[20.87135,42.74484],[20.87243,42.74399],[20.87306,42.7438],[20.87414,42.74384],[20.87474,42.74405],[20.87764,42.74614],[20.88121,42.74672],[20.88386,42.74623],[20.88589,42.7464],[20.88641,42.74608],[20.88819,42.74567],[20.88901,42.74521],[20.88961,42.74434],[20.89019,42.7456],[20.89126,42.74702],[20.89273,42.75075],[20.89325,42.75045],[20.89369,42.75041],[20.89502,42.75125],[20.8955,42.75117],[20.89627,42.75129],[20.8973,42.75201],[20.89623,42.75258],[20.89496,42.75374],[20.89702,42.75424],[20.89822,42.75433],[20.89977,42.75405],[20.90031,42.75432],[20.90057,42.75369],[20.90152,42.75278],[20.90216,42.75267],[20.90293,42.75292],[20.90395,42.7526],[20.90514,42.75198],[20.90677,42.75039],[20.90912,42.74885],[20.91206,42.74883],[20.91668,42.74796],[20.92179,42.74616],[20.92383,42.7459],[20.92459,42.74542],[20.92605,42.74499],[20.92648,42.74446],[20.92699,42.74445],[20.9281,42.74357],[20.92957,42.74211],[20.9295,42.74184],[20.92973,42.74157],[20.92982,42.74081],[20.92968,42.73944],[20.92979,42.73895],[20.93005,42.73863],[20.93404,42.73545],[20.9366,42.73222],[20.93768,42.73187],[20.93919,42.73038],[20.93994,42.72922],[20.94174,42.72752],[20.94215,42.72652],[20.94214,42.72603],[20.94276,42.72532],[20.94434,42.72504],[20.94511,42.7244],[20.94533,42.72386],[20.94526,42.72281],[20.94622,42.722],[20.9462,42.72148],[20.94669,42.72109],[20.94717,42.7186],[20.94828,42.71682],[20.94822,42.71584],[20.94842,42.71517],[20.94767,42.71352],[20.94762,42.71296],[20.9478,42.71246],[20.9496,42.71065],[20.95087,42.70989],[20.95201,42.7088],[20.95345,42.70821],[20.95438,42.70757],[20.95547,42.70729],[20.95577,42.70696],[20.95745,42.70652],[20.95783,42.70612],[20.95782,42.7058],[20.9594,42.7056],[20.96044,42.70518],[20.96219,42.70367],[20.96379,42.70278],[20.96404,42.70253],[20.96445,42.7015],[20.96575,42.70104],[20.96662,42.69966],[20.96766,42.69863],[20.96823,42.69702],[20.96815,42.69611],[20.96845,42.69492],[20.96956,42.69409],[20.97132,42.69383]]]}},{"type":"Feature","properties":{"name":"Zubin Potok","slug":"zubin-potok","sourceName":"Zubin Potok"},"geometry":{"type":"Polygon","coordinates":[[[20.65087,42.8426],[20.65118,42.84282],[20.65131,42.84313],[20.65274,42.84394],[20.65349,42.84431],[20.65389,42.84416],[20.65478,42.84524],[20.65513,42.84542],[20.65614,42.84685],[20.65746,42.8472],[20.65759,42.84799],[20.65743,42.84828],[20.65752,42.85051],[20.65631,42.85126],[20.65624,42.85217],[20.65585,42.85276],[20.65521,42.85345],[20.65427,42.8539],[20.65311,42.85563],[20.65277,42.85775],[20.6535,42.85966],[20.65326,42.86037],[20.65334,42.86087],[20.65274,42.86164],[20.6525,42.86358],[20.65277,42.86378],[20.65321,42.86375],[20.65422,42.86312],[20.6563,42.86119],[20.65665,42.86036],[20.65712,42.86001],[20.65709,42.85888],[20.65784,42.85837],[20.65831,42.85768],[20.65935,42.85687],[20.6601,42.85655],[20.66164,42.85622],[20.66362,42.85532],[20.66417,42.85522],[20.66565,42.85546],[20.66641,42.85465],[20.66718,42.85428],[20.66893,42.85393],[20.66994,42.85457],[20.67158,42.85493],[20.67179,42.85515],[20.67199,42.85492],[20.67224,42.85489],[20.67337,42.85507],[20.6739,42.85499],[20.67402,42.85528],[20.67495,42.85495],[20.67555,42.85584],[20.67713,42.85719],[20.67746,42.85783],[20.67765,42.85791],[20.67908,42.85772],[20.68231,42.85812],[20.68301,42.85887],[20.68338,42.85969],[20.68394,42.86],[20.68368,42.86062],[20.68426,42.86151],[20.68462,42.86159],[20.68483,42.86144],[20.68534,42.86158],[20.68553,42.86199],[20.68823,42.86187],[20.69108,42.86146],[20.69478,42.86141],[20.69577,42.86062],[20.69638,42.86057],[20.69704,42.86015],[20.69765,42.85914],[20.69735,42.85868],[20.69858,42.85843],[20.70007,42.85746],[20.70127,42.85655],[20.70179,42.85541],[20.70217,42.85511],[20.70272,42.85505],[20.70285,42.85465],[20.70414,42.85371],[20.70322,42.85235],[20.70288,42.85262],[20.70194,42.85255],[20.70139,42.85269],[20.70103,42.85243],[20.70193,42.85129],[20.70197,42.85021],[20.70221,42.85],[20.70242,42.84918],[20.70176,42.84745],[20.70136,42.84692],[20.70216,42.84632],[20.70254,42.84569],[20.70341,42.84513],[20.70443,42.8447],[20.70622,42.84446],[20.70635,42.84421],[20.70686,42.844],[20.70805,42.84257],[20.70829,42.84215],[20.70833,42.84162],[20.70806,42.84074],[20.70803,42.83991],[20.70918,42.83506],[20.70948,42.8346],[20.70961,42.83403],[20.71028,42.83334],[20.71145,42.83255],[20.71263,42.83122],[20.71306,42.83032],[20.71289,42.82979],[20.7141,42.82901],[20.71453,42.8283],[20.71511,42.82816],[20.71542,42.82847],[20.71568,42.82793],[20.71617,42.82767],[20.71785,42.82711],[20.72183,42.82656],[20.72222,42.82637],[20.72274,42.82575],[20.72374,42.82546],[20.72516,42.82547],[20.72707,42.82523],[20.72913,42.82404],[20.7307,42.82349],[20.73087,42.82321],[20.73249,42.82247],[20.73346,42.82216],[20.73523,42.82129],[20.73556,42.82146],[20.73607,42.821],[20.73599,42.82084],[20.73658,42.82061],[20.737,42.81968],[20.7379,42.81898],[20.73791,42.81869],[20.73816,42.81852],[20.73853,42.81772],[20.73941,42.81723],[20.73949,42.81678],[20.73993,42.81613],[20.74083,42.81527],[20.74193,42.81501],[20.74248,42.81424],[20.74369,42.81361],[20.74395,42.81323],[20.7447,42.81292],[20.7454,42.81231],[20.74561,42.81165],[20.747,42.81066],[20.74715,42.81009],[20.74743,42.80972],[20.74917,42.80923],[20.74879,42.80956],[20.74903,42.81023],[20.7489,42.81063],[20.74923,42.81097],[20.74915,42.81183],[20.74995,42.81234],[20.74974,42.81276],[20.75018,42.81303],[20.75025,42.81372],[20.75052,42.81394],[20.75085,42.81508],[20.75063,42.8152],[20.75083,42.81549],[20.75059,42.81579],[20.75176,42.81619],[20.75294,42.81704],[20.75362,42.81875],[20.75367,42.81958],[20.75125,42.82307],[20.75026,42.82587],[20.74953,42.82692],[20.74894,42.82884],[20.749,42.82955],[20.74873,42.83078],[20.74884,42.83188],[20.74865,42.83219],[20.7486,42.83275],[20.74746,42.83443],[20.7469,42.83633],[20.74681,42.83832],[20.74618,42.83884],[20.74523,42.8393],[20.745,42.8401],[20.74596,42.84194],[20.74749,42.84243],[20.74974,42.84209],[20.75191,42.84212],[20.75307,42.84328],[20.75271,42.84341],[20.75278,42.84354],[20.75236,42.84385],[20.75146,42.84401],[20.75125,42.84568],[20.74976,42.84673],[20.74962,42.84754],[20.74691,42.84764],[20.74595,42.84869],[20.74454,42.84927],[20.74448,42.8497],[20.74462,42.84994],[20.74379,42.85063],[20.74353,42.85149],[20.7431,42.85193],[20.74204,42.85252],[20.74323,42.85346],[20.74306,42.85365],[20.74255,42.85365],[20.74177,42.85404],[20.74131,42.85409],[20.74094,42.85366],[20.73987,42.85396],[20.73902,42.85449],[20.73821,42.85563],[20.73764,42.85708],[20.73751,42.85778],[20.73765,42.85828],[20.73745,42.85876],[20.73665,42.85949],[20.73714,42.86002],[20.7394,42.86144],[20.73972,42.86224],[20.74115,42.86432],[20.74166,42.86598],[20.74169,42.86669],[20.74302,42.86802],[20.74317,42.86859],[20.74375,42.86933],[20.74383,42.86964],[20.74371,42.87035],[20.74345,42.87082],[20.74295,42.87058],[20.74233,42.87072],[20.74254,42.87119],[20.74336,42.87226],[20.74454,42.87315],[20.74505,42.87393],[20.74547,42.87338],[20.74579,42.87321],[20.74985,42.87318],[20.75099,42.87256],[20.75221,42.87278],[20.75271,42.87317],[20.75363,42.87346],[20.75386,42.87377],[20.7539,42.87415],[20.75497,42.87517],[20.75504,42.87601],[20.7554,42.87626],[20.75541,42.87693],[20.7557,42.87694],[20.75598,42.87717],[20.756,42.87817],[20.75648,42.87854],[20.75638,42.8795],[20.7576,42.88021],[20.75983,42.88075],[20.76147,42.88063],[20.76394,42.88011],[20.76403,42.88036],[20.76545,42.87964],[20.76546,42.87936],[20.76602,42.87906],[20.76641,42.87827],[20.76895,42.87809],[20.77035,42.87877],[20.77467,42.88017],[20.7749,42.88126],[20.77542,42.88253],[20.77568,42.88277],[20.77568,42.88318],[20.77713,42.88249],[20.7778,42.88186],[20.77817,42.88247],[20.77794,42.88336],[20.77811,42.88391],[20.78112,42.88441],[20.78399,42.88586],[20.78441,42.88583],[20.78574,42.88505],[20.78856,42.88467],[20.79022,42.88371],[20.79168,42.88348],[20.79332,42.88425],[20.79195,42.88494],[20.7918,42.88537],[20.79188,42.88746],[20.7933,42.88865],[20.79379,42.88927],[20.79674,42.89102],[20.79623,42.89277],[20.79483,42.89411],[20.79368,42.89488],[20.79431,42.89624],[20.79423,42.89723],[20.79381,42.89801],[20.79283,42.89922],[20.79228,42.90055],[20.79238,42.90137],[20.79415,42.90307],[20.79439,42.90368],[20.79422,42.90472],[20.79381,42.90534],[20.79353,42.90689],[20.79355,42.90771],[20.79261,42.90945],[20.79261,42.91059],[20.79238,42.91106],[20.79113,42.91175],[20.79075,42.91239],[20.79083,42.91328],[20.7906,42.91432],[20.79131,42.91456],[20.7922,42.91535],[20.79354,42.91617],[20.7935,42.91644],[20.79384,42.91746],[20.79263,42.91862],[20.79184,42.91834],[20.79092,42.91855],[20.78899,42.92043],[20.78864,42.92051],[20.78774,42.92011],[20.78681,42.92014],[20.78611,42.91992],[20.78593,42.92049],[20.78507,42.92178],[20.7841,42.92275],[20.78133,42.92239],[20.77974,42.92246],[20.77879,42.92316],[20.77814,42.92333],[20.77747,42.9229],[20.77702,42.92286],[20.77556,42.92341],[20.77478,42.92395],[20.77388,42.9237],[20.77301,42.9241],[20.76843,42.92829],[20.76802,42.9289],[20.76832,42.92903],[20.76836,42.93037],[20.76815,42.93151],[20.76824,42.93199],[20.76901,42.93319],[20.76958,42.93372],[20.76934,42.93382],[20.76841,42.93357],[20.76822,42.93365],[20.764,42.93825],[20.7613,42.94299],[20.76167,42.9438],[20.76076,42.94458],[20.76024,42.94471],[20.75922,42.94542],[20.75834,42.94556],[20.75726,42.94671],[20.75649,42.94697],[20.75669,42.9473],[20.75649,42.94794],[20.75568,42.94911],[20.75544,42.94973],[20.75423,42.95026],[20.75311,42.95137],[20.7529,42.9521],[20.75438,42.95379],[20.75342,42.95501],[20.75332,42.95562],[20.75403,42.95666],[20.75412,42.95724],[20.75202,42.95894],[20.7527,42.96068],[20.75311,42.96101],[20.75345,42.96106],[20.7533,42.96118],[20.75288,42.96286],[20.75258,42.96324],[20.75191,42.96353],[20.7511,42.96429],[20.75049,42.96461],[20.75085,42.96547],[20.75083,42.96608],[20.74973,42.96738],[20.74903,42.96864],[20.74913,42.96869],[20.74856,42.96902],[20.74787,42.96974],[20.74748,42.96908],[20.74685,42.96898],[20.7464,42.96975],[20.7454,42.97086],[20.74493,42.97112],[20.74271,42.97309],[20.73993,42.97481],[20.73816,42.97643],[20.73562,42.97788],[20.73387,42.97848],[20.7352,42.97874],[20.73448,42.97943],[20.73322,42.98004],[20.73352,42.98099],[20.7327,42.98086],[20.73286,42.98117],[20.73223,42.98108],[20.73136,42.98121],[20.73206,42.98223],[20.73266,42.98243],[20.73397,42.98433],[20.73685,42.98615],[20.73923,42.98712],[20.74166,42.99084],[20.7424,42.99137],[20.74468,42.99225],[20.74665,42.99342],[20.74559,42.99396],[20.74493,42.99488],[20.74397,42.99543],[20.74157,42.9966],[20.74037,42.99675],[20.73851,42.99784],[20.73752,42.99934],[20.73763,42.99977],[20.7375,43.00021],[20.73596,43.00207],[20.73537,43.00232],[20.73481,43.00235],[20.73406,43.00282],[20.73298,43.0032],[20.73184,43.00327],[20.73094,43.00442],[20.72923,43.00518],[20.72876,43.00509],[20.72816,43.00555],[20.72735,43.00581],[20.72685,43.0062],[20.72646,43.00682],[20.72514,43.00775],[20.72488,43.00787],[20.72375,43.00774],[20.72313,43.00797],[20.72289,43.00812],[20.7228,43.00886],[20.72151,43.00931],[20.72059,43.01008],[20.71982,43.01036],[20.71921,43.01168],[20.71856,43.01183],[20.71787,43.01235],[20.71632,43.01279],[20.71562,43.0132],[20.71486,43.01391],[20.71434,43.01389],[20.71238,43.01512],[20.71209,43.01568],[20.711,43.01662],[20.70877,43.01733],[20.70627,43.01736],[20.70516,43.01766],[20.70447,43.01732],[20.70371,43.01725],[20.70162,43.01778],[20.70075,43.01777],[20.70033,43.01802],[20.69865,43.01841],[20.69732,43.01958],[20.69567,43.02014],[20.69498,43.02021],[20.69443,43.02006],[20.69359,43.02045],[20.69289,43.02134],[20.69195,43.02145],[20.6909,43.02224],[20.69024,43.02225],[20.68986,43.02273],[20.68926,43.02292],[20.68862,43.02342],[20.68763,43.02361],[20.68735,43.02406],[20.68617,43.02399],[20.68528,43.02453],[20.68474,43.02454],[20.68463,43.02473],[20.68388,43.02486],[20.68359,43.02543],[20.68282,43.02558],[20.68233,43.02607],[20.6808,43.02594],[20.68,43.02616],[20.6792,43.02669],[20.67911,43.02718],[20.67862,43.02767],[20.6782,43.02877],[20.67771,43.02904],[20.67765,43.02962],[20.67719,43.02995],[20.67703,43.03025],[20.67625,43.03053],[20.67601,43.03083],[20.67531,43.03115],[20.67509,43.03183],[20.6749,43.03197],[20.67461,43.03191],[20.67441,43.03239],[20.67344,43.0326],[20.67315,43.03287],[20.67294,43.03345],[20.67242,43.03379],[20.67225,43.03411],[20.67078,43.03464],[20.67033,43.03517],[20.66989,43.03509],[20.66912,43.03409],[20.6681,43.03359],[20.66698,43.03392],[20.66381,43.03289],[20.65681,43.03331],[20.65559,43.0336],[20.65423,43.03316],[20.6523,43.03198],[20.65249,43.02984],[20.65193,43.02886],[20.65106,43.02804],[20.65075,43.02721],[20.65086,43.02589],[20.65129,43.02484],[20.65137,43.02421],[20.65111,43.02243],[20.65127,43.02097],[20.649,43.02123],[20.64821,43.02225],[20.64656,43.02213],[20.64538,43.02261],[20.64496,43.02216],[20.64219,43.02163],[20.64103,43.02112],[20.64099,43.01855],[20.64016,43.01706],[20.6371,43.01515],[20.63728,43.01345],[20.63802,43.01228],[20.6383,43.01126],[20.63937,43.01087],[20.64094,43.0093],[20.64077,43.0067],[20.64051,43.00565],[20.63917,43.00572],[20.63684,43.00685],[20.62993,43.00827],[20.62871,43.00746],[20.62819,43.00755],[20.62707,43.00511],[20.62318,43.00286],[20.62176,43.00251],[20.61969,43.00151],[20.61792,43.00242],[20.61693,43.00216],[20.61501,43.00391],[20.61639,43.00518],[20.6171,43.007],[20.61658,43.00772],[20.61755,43.00885],[20.61768,43.01113],[20.61806,43.0137],[20.61879,43.0159],[20.6174,43.01648],[20.61596,43.0164],[20.61459,43.01577],[20.61345,43.0146],[20.60961,43.0145],[20.60752,43.01622],[20.60667,43.01634],[20.60449,43.01557],[20.60137,43.01481],[20.59825,43.01477],[20.59067,43.01612],[20.58985,43.01366],[20.5844,43.01238],[20.5812,43.01208],[20.57932,43.01103],[20.58154,43.00812],[20.58073,43.00107],[20.5751,42.99925],[20.57293,42.9989],[20.57048,42.99627],[20.57023,42.99523],[20.57047,42.99413],[20.57023,42.99282],[20.5682,42.98902],[20.56691,42.98759],[20.56636,42.98601],[20.56732,42.98482],[20.56759,42.98372],[20.56638,42.98231],[20.56399,42.98112],[20.56377,42.97956],[20.56281,42.97908],[20.55831,42.97859],[20.55644,42.97626],[20.55435,42.97494],[20.55416,42.97393],[20.55463,42.9722],[20.55665,42.96998],[20.55644,42.96863],[20.55533,42.96718],[20.55339,42.96579],[20.55215,42.96447],[20.55036,42.96295],[20.54805,42.96144],[20.54579,42.96144],[20.54367,42.96228],[20.54179,42.96362],[20.53996,42.96547],[20.53641,42.9747],[20.53078,42.97456],[20.52968,42.97505],[20.52878,42.97508],[20.52668,42.97417],[20.52295,42.97299],[20.52153,42.97136],[20.51754,42.96999],[20.51531,42.96972],[20.51594,42.96852],[20.51508,42.96785],[20.51518,42.96713],[20.5146,42.96542],[20.51422,42.96484],[20.51188,42.96372],[20.5099,42.96365],[20.50849,42.96325],[20.50765,42.96227],[20.50087,42.95645],[20.4992,42.95354],[20.49782,42.9522],[20.49747,42.95127],[20.49708,42.94533],[20.49665,42.94427],[20.49487,42.94273],[20.4944,42.94121],[20.49387,42.94008],[20.49321,42.93919],[20.49098,42.93781],[20.49018,42.9363],[20.48997,42.93513],[20.48579,42.93308],[20.48578,42.93254],[20.48694,42.93248],[20.48726,42.92836],[20.48848,42.92757],[20.50075,42.91731],[20.50241,42.91331],[20.50282,42.91129],[20.50449,42.90743],[20.50468,42.90703],[20.50657,42.9048],[20.51498,42.89999],[20.52032,42.8982],[20.52047,42.8949],[20.52115,42.89336],[20.52416,42.89234],[20.52751,42.89067],[20.53294,42.89007],[20.53262,42.88951],[20.5332,42.88867],[20.5342,42.88955],[20.53601,42.88858],[20.53562,42.88673],[20.53607,42.88577],[20.53953,42.88511],[20.5449,42.88535],[20.54769,42.88564],[20.54936,42.88549],[20.54951,42.88571],[20.54984,42.88551],[20.55028,42.88553],[20.55077,42.88593],[20.55066,42.88639],[20.551,42.88638],[20.55168,42.8867],[20.55196,42.88724],[20.55291,42.88735],[20.55304,42.88759],[20.55354,42.88769],[20.55471,42.88767],[20.555,42.88791],[20.5556,42.88804],[20.55613,42.88854],[20.55746,42.88885],[20.55877,42.88889],[20.55922,42.88909],[20.5615,42.88943],[20.56167,42.88966],[20.56238,42.88965],[20.56289,42.89002],[20.56406,42.89035],[20.56517,42.8913],[20.56541,42.8913],[20.56548,42.89149],[20.56609,42.89152],[20.56628,42.89186],[20.56685,42.89215],[20.56893,42.89173],[20.56938,42.89127],[20.57141,42.89131],[20.57285,42.89102],[20.57366,42.89068],[20.57415,42.89029],[20.57514,42.88986],[20.57692,42.88855],[20.57811,42.88837],[20.5791,42.88801],[20.58116,42.8868],[20.58384,42.88555],[20.58557,42.88533],[20.58618,42.88486],[20.58759,42.88451],[20.58808,42.88421],[20.59025,42.88348],[20.59106,42.88341],[20.59374,42.88218],[20.59616,42.88152],[20.59743,42.88146],[20.59997,42.88081],[20.60236,42.88077],[20.60296,42.88034],[20.60334,42.87941],[20.60429,42.87896],[20.6063,42.87847],[20.60893,42.87652],[20.6114,42.87653],[20.61388,42.87594],[20.61477,42.87598],[20.61592,42.87554],[20.61645,42.87523],[20.61717,42.87442],[20.61768,42.87266],[20.62075,42.87169],[20.62089,42.87096],[20.62087,42.87058],[20.61992,42.86928],[20.62058,42.8684],[20.61821,42.8681],[20.61814,42.86758],[20.61696,42.86774],[20.61629,42.86726],[20.61645,42.86689],[20.61754,42.86638],[20.61862,42.86626],[20.61886,42.8661],[20.61881,42.86496],[20.62038,42.86453],[20.6219,42.86464],[20.6252,42.86286],[20.62575,42.86124],[20.62442,42.86028],[20.62531,42.85991],[20.62541,42.85888],[20.62462,42.85854],[20.62567,42.85737],[20.62581,42.85606],[20.62651,42.8539],[20.62781,42.85211],[20.62813,42.84972],[20.62783,42.8477],[20.62806,42.84619],[20.6293,42.84345],[20.62998,42.84269],[20.63111,42.8417],[20.63817,42.84042],[20.63968,42.84102],[20.64092,42.84125],[20.64216,42.84189],[20.64313,42.84188],[20.64404,42.84124],[20.64506,42.84087],[20.64534,42.84121],[20.64895,42.84305],[20.64966,42.84315],[20.65087,42.8426]]]}},{"type":"Feature","properties":{"name":"Zveçan","slug":"zvecan","sourceName":"Zveçan"},"geometry":{"type":"Polygon","coordinates":[[[20.85315,42.90557],[20.85373,42.90592],[20.87002,42.90753],[20.8805,42.91472],[20.891,42.92701],[20.8991,42.95081],[20.85945,42.96737],[20.83591,42.97887],[20.82261,42.98366],[20.8224,42.98345],[20.82099,42.98356],[20.81867,42.98474],[20.81793,42.9855],[20.81782,42.98606],[20.81802,42.98671],[20.81909,42.9877],[20.82146,42.98935],[20.82184,42.98979],[20.8218,42.99024],[20.82159,42.99049],[20.82065,42.99116],[20.81741,42.99195],[20.81677,42.99238],[20.81582,42.99359],[20.81506,42.99417],[20.81505,42.99518],[20.8148,42.9957],[20.81285,42.99713],[20.81078,42.99752],[20.80859,42.99766],[20.80702,42.99737],[20.80576,42.99695],[20.80431,42.99692],[20.80355,42.99715],[20.80136,42.99841],[20.79872,43.00072],[20.79842,43.00124],[20.79818,43.00198],[20.7982,43.00347],[20.7994,43.00501],[20.80005,43.00551],[20.80136,43.00592],[20.80224,43.00641],[20.80463,43.00819],[20.80618,43.00896],[20.80677,43.00967],[20.8087,43.01288],[20.80977,43.01389],[20.80936,43.01532],[20.80996,43.01692],[20.80911,43.01742],[20.80904,43.01812],[20.80743,43.01957],[20.80733,43.01984],[20.80746,43.02014],[20.80719,43.02073],[20.80647,43.02113],[20.80538,43.02127],[20.80401,43.02068],[20.80343,43.02012],[20.80332,43.01935],[20.80247,43.01891],[20.80198,43.01833],[20.80212,43.01823],[20.80192,43.01758],[20.8012,43.01738],[20.8009,43.01711],[20.80145,43.01665],[20.80133,43.01642],[20.80033,43.01607],[20.79985,43.0157],[20.79959,43.01571],[20.79912,43.01614],[20.79869,43.01619],[20.79704,43.01687],[20.79678,43.01737],[20.79583,43.01815],[20.79465,43.01799],[20.79444,43.01772],[20.79328,43.01778],[20.79185,43.01734],[20.79176,43.01718],[20.79036,43.01692],[20.78985,43.01721],[20.79042,43.01774],[20.79037,43.018],[20.79008,43.01829],[20.78914,43.01814],[20.78884,43.0183],[20.78853,43.01876],[20.78847,43.01973],[20.7886,43.02],[20.78747,43.02024],[20.78683,43.02112],[20.78678,43.02186],[20.78699,43.02236],[20.78675,43.02338],[20.78682,43.02363],[20.78639,43.02426],[20.78578,43.02463],[20.78575,43.02559],[20.78512,43.02577],[20.78413,43.02569],[20.78393,43.02635],[20.78364,43.02663],[20.78229,43.02635],[20.77827,43.02779],[20.77755,43.02767],[20.77751,43.0281],[20.77731,43.02829],[20.77597,43.02856],[20.77512,43.02818],[20.77441,43.02827],[20.77282,43.02783],[20.77231,43.02789],[20.77184,43.02819],[20.77104,43.02817],[20.76999,43.0275],[20.76896,43.02741],[20.7681,43.02703],[20.76791,43.02719],[20.768,43.02745],[20.76738,43.02789],[20.76585,43.02743],[20.76551,43.02741],[20.76533,43.02768],[20.76475,43.02775],[20.76489,43.02846],[20.76466,43.02906],[20.76367,43.03046],[20.76325,43.03322],[20.76144,43.03467],[20.76143,43.03512],[20.76162,43.03538],[20.76143,43.03559],[20.76092,43.03572],[20.76087,43.03631],[20.7604,43.03701],[20.76091,43.03806],[20.7607,43.03854],[20.76079,43.0392],[20.7613,43.03965],[20.76159,43.0406],[20.76022,43.04082],[20.75961,43.04129],[20.75882,43.04065],[20.75862,43.04017],[20.75818,43.03985],[20.757,43.03973],[20.75692,43.0392],[20.75624,43.03859],[20.75447,43.03897],[20.75344,43.03868],[20.75302,43.03912],[20.75228,43.03916],[20.75165,43.03954],[20.75021,43.03897],[20.74932,43.03904],[20.74812,43.03871],[20.74633,43.03856],[20.74507,43.0392],[20.74501,43.04006],[20.74409,43.0408],[20.74415,43.04116],[20.74388,43.04133],[20.74336,43.04223],[20.74149,43.0429],[20.74072,43.04292],[20.74009,43.04261],[20.73921,43.04244],[20.73879,43.04255],[20.73822,43.04236],[20.73705,43.04088],[20.7336,43.03884],[20.7333,43.03823],[20.73275,43.03809],[20.7312,43.03726],[20.73057,43.03717],[20.73028,43.03635],[20.72967,43.03547],[20.72816,43.03507],[20.72795,43.03485],[20.7273,43.03466],[20.72612,43.0338],[20.72533,43.03378],[20.72492,43.03356],[20.72356,43.03149],[20.72274,43.03115],[20.72229,43.03061],[20.72194,43.0286],[20.72067,43.02832],[20.72001,43.02875],[20.71793,43.02937],[20.71726,43.03045],[20.71544,43.03153],[20.7153,43.03213],[20.71565,43.03297],[20.71515,43.03365],[20.71449,43.0342],[20.71427,43.03547],[20.71408,43.03563],[20.71324,43.03565],[20.71291,43.03619],[20.71288,43.03677],[20.71135,43.03808],[20.70845,43.03898],[20.70565,43.04129],[20.70569,43.042],[20.70557,43.04214],[20.7044,43.04258],[20.70286,43.04287],[20.70173,43.04279],[20.70041,43.04347],[20.69952,43.04336],[20.6997,43.04362],[20.70034,43.04396],[20.70175,43.04393],[20.70311,43.04451],[20.70469,43.04555],[20.705,43.04737],[20.70501,43.04898],[20.70442,43.05153],[20.70454,43.05255],[20.7044,43.05381],[20.7045,43.05456],[20.70493,43.05483],[20.70294,43.0553],[20.70241,43.05554],[20.7022,43.05595],[20.70171,43.05607],[20.70049,43.05602],[20.69887,43.05632],[20.69662,43.05645],[20.69632,43.05631],[20.69461,43.05635],[20.69414,43.05613],[20.69344,43.05614],[20.69315,43.05588],[20.69183,43.05607],[20.69109,43.05664],[20.68984,43.05872],[20.68886,43.0592],[20.687,43.05894],[20.68623,43.05914],[20.68382,43.05931],[20.68007,43.05909],[20.6797,43.05887],[20.6796,43.05831],[20.67926,43.05821],[20.67924,43.05775],[20.67883,43.05763],[20.67824,43.05704],[20.67624,43.05657],[20.67596,43.05658],[20.675,43.05714],[20.67414,43.05732],[20.67188,43.05727],[20.66996,43.05817],[20.66949,43.05739],[20.67085,43.05678],[20.67116,43.05383],[20.67028,43.05308],[20.66955,43.05274],[20.66829,43.05165],[20.66745,43.04987],[20.66653,43.04852],[20.6662,43.04838],[20.666,43.04766],[20.66693,43.0477],[20.66999,43.04675],[20.6708,43.04624],[20.67081,43.04524],[20.67165,43.04472],[20.67175,43.04379],[20.6717,43.03746],[20.67033,43.03517],[20.67078,43.03464],[20.67225,43.03411],[20.67242,43.03379],[20.67294,43.03345],[20.67315,43.03287],[20.67344,43.0326],[20.67441,43.03239],[20.67461,43.03191],[20.6749,43.03197],[20.67509,43.03183],[20.67531,43.03115],[20.67601,43.03083],[20.67625,43.03053],[20.67703,43.03025],[20.67719,43.02995],[20.67765,43.02962],[20.67771,43.02904],[20.6782,43.02877],[20.67862,43.02767],[20.67911,43.02718],[20.6792,43.02669],[20.68,43.02616],[20.6808,43.02594],[20.68233,43.02607],[20.68282,43.02558],[20.68359,43.02543],[20.68388,43.02486],[20.68547,43.02446],[20.68606,43.02402],[20.68735,43.02406],[20.68763,43.02361],[20.68862,43.02342],[20.68926,43.02292],[20.68986,43.02273],[20.69024,43.02225],[20.6909,43.02224],[20.69195,43.02145],[20.69289,43.02134],[20.69359,43.02045],[20.69443,43.02006],[20.69498,43.02021],[20.69567,43.02014],[20.69732,43.01958],[20.69865,43.01841],[20.70033,43.01802],[20.70075,43.01777],[20.70162,43.01778],[20.70371,43.01725],[20.70447,43.01732],[20.70516,43.01766],[20.70627,43.01736],[20.70877,43.01733],[20.711,43.01662],[20.71209,43.01568],[20.71238,43.01512],[20.71434,43.01389],[20.71486,43.01391],[20.71562,43.0132],[20.71632,43.01279],[20.71787,43.01235],[20.71856,43.01183],[20.71921,43.01168],[20.71982,43.01036],[20.72059,43.01008],[20.72151,43.00931],[20.7228,43.00886],[20.72289,43.00812],[20.72313,43.00797],[20.72375,43.00774],[20.72488,43.00787],[20.72514,43.00775],[20.72646,43.00682],[20.72685,43.0062],[20.72735,43.00581],[20.72816,43.00555],[20.72876,43.00509],[20.72923,43.00518],[20.73094,43.00442],[20.73184,43.00327],[20.73298,43.0032],[20.73406,43.00282],[20.73481,43.00235],[20.73537,43.00232],[20.73596,43.00207],[20.7375,43.00021],[20.73763,42.99977],[20.73752,42.99934],[20.73851,42.99784],[20.74037,42.99675],[20.74157,42.9966],[20.74397,42.99543],[20.74493,42.99488],[20.74559,42.99396],[20.74665,42.99342],[20.74468,42.99225],[20.7424,42.99137],[20.74166,42.99084],[20.73923,42.98712],[20.73685,42.98615],[20.73397,42.98433],[20.73266,42.98243],[20.73206,42.98223],[20.73136,42.98121],[20.73223,42.98108],[20.73286,42.98117],[20.7327,42.98086],[20.73352,42.98099],[20.73322,42.98004],[20.73448,42.97943],[20.7352,42.97874],[20.73387,42.97848],[20.73562,42.97788],[20.73816,42.97643],[20.73993,42.97481],[20.74271,42.97309],[20.74493,42.97112],[20.7454,42.97086],[20.7464,42.96975],[20.74685,42.96898],[20.74748,42.96908],[20.74787,42.96974],[20.74856,42.96902],[20.74913,42.96869],[20.74903,42.96864],[20.74973,42.96738],[20.75083,42.96608],[20.75085,42.96547],[20.75049,42.96461],[20.7511,42.96429],[20.75191,42.96353],[20.75258,42.96324],[20.75288,42.96286],[20.7533,42.96118],[20.75345,42.96106],[20.75311,42.96101],[20.7527,42.96068],[20.75202,42.95894],[20.75412,42.95724],[20.75403,42.95666],[20.75332,42.95562],[20.75342,42.95501],[20.75438,42.95379],[20.7529,42.9521],[20.75311,42.95137],[20.75423,42.95026],[20.75544,42.94973],[20.75568,42.94911],[20.75649,42.94794],[20.75669,42.9473],[20.75649,42.94697],[20.75726,42.94671],[20.75834,42.94556],[20.75922,42.94542],[20.76024,42.94471],[20.76076,42.94458],[20.76167,42.9438],[20.7613,42.94299],[20.764,42.93825],[20.76822,42.93365],[20.76841,42.93357],[20.76934,42.93382],[20.76958,42.93372],[20.76901,42.93319],[20.76824,42.93199],[20.76815,42.93151],[20.76836,42.93037],[20.76832,42.92903],[20.76802,42.9289],[20.76843,42.92829],[20.77301,42.9241],[20.77388,42.9237],[20.77486,42.92393],[20.77503,42.92368],[20.77702,42.92286],[20.77747,42.9229],[20.77814,42.92333],[20.77879,42.92316],[20.77974,42.92246],[20.78133,42.92239],[20.7841,42.92275],[20.78507,42.92178],[20.78593,42.92049],[20.78611,42.91992],[20.78681,42.92014],[20.78774,42.92011],[20.78864,42.92051],[20.78937,42.92018],[20.79092,42.91855],[20.79184,42.91834],[20.79263,42.91862],[20.79384,42.91746],[20.7935,42.91644],[20.79354,42.91617],[20.7922,42.91535],[20.79131,42.91456],[20.7906,42.91432],[20.79083,42.91328],[20.79075,42.91239],[20.79113,42.91175],[20.79238,42.91106],[20.79261,42.91059],[20.79261,42.90945],[20.79355,42.90771],[20.80741,42.90042],[20.81519,42.90058],[20.81771,42.89965],[20.8182,42.89931],[20.82017,42.89992],[20.82194,42.90082],[20.82325,42.90101],[20.82433,42.90089],[20.82552,42.90046],[20.82594,42.90106],[20.82669,42.90152],[20.82742,42.90156],[20.82789,42.90053],[20.82903,42.90035],[20.83028,42.89987],[20.83117,42.89975],[20.83162,42.89948],[20.8312,42.8992],[20.8314,42.89876],[20.83097,42.89858],[20.83137,42.89816],[20.83265,42.89828],[20.83454,42.89771],[20.83578,42.89772],[20.8378,42.89818],[20.83933,42.89835],[20.84227,42.89774],[20.84342,42.89661],[20.84588,42.89641],[20.84695,42.89613],[20.84738,42.89567],[20.84768,42.89502],[20.84917,42.89347],[20.84972,42.89296],[20.8506,42.89262],[20.85206,42.89341],[20.85299,42.89331],[20.85221,42.89493],[20.85253,42.89877],[20.85242,42.89981],[20.85174,42.90044],[20.85217,42.90138],[20.85176,42.90284],[20.85107,42.90314],[20.84989,42.90322],[20.84946,42.90343],[20.84977,42.90422],[20.84951,42.90482],[20.84788,42.90586],[20.84591,42.90634],[20.84544,42.90682],[20.84488,42.90704],[20.84457,42.90752],[20.84524,42.90856],[20.84514,42.90912],[20.8437,42.90955],[20.84371,42.90969],[20.84388,42.90981],[20.84583,42.90958],[20.84997,42.90832],[20.85137,42.90756],[20.85192,42.90709],[20.85315,42.90557]]]}}]}